Employee_ID,First_Name,Last_Name,Gender,Date_of_Birth,Email_Address,Phone_Number,State_of_Origin,Department,Job_Title,Employment_Type,Employment_Status,Date_of_Hire,Date_of_Exit,Monthly_Gross_Salary_NGN,Bank_Name,Bank_Account_Number,Education_Level,Years_of_Experience,Annual_Leave_Balance_Days,Performance_Rating_2024,Manager_Employee_ID,Office_Location,National_ID_Number,Tax_Identification_Number
EMP-00635,Segun, Adewale,Male,6/6/1991,segun@gtechsolutions.com.ng,0070-228-8135,Bayelsa,LEGAL,Legal Manager,CONTRACT,Active,10/9/2019,,"N609,000",First Bank,446626610,B.Sc,,21,Average,EMP-00094,Abuja Office,Unknown,75224158-6246
EMP-00778,Blessing,Adeleke,FEMALE,27-Apr-80,blessing@g-tech.com.ng,2.34E+12,Enugu,SUPPLY CHAIN,Procurement Officer,Full Time,Active,4/20/2024,,334000,UBA,287914809,TBD,7,12,4,EMP-01166,Lagos HQ,74169843663,73837621-7087
EMP-00949, Titi,OGUNDIMU,Ms,22/02/1991,togundimu@gtechsol.ng,846129050,Rivers,CUSTOMER SERVICE,CS Team Lead,Contract,Active,25.06.2018,,124.0K,Zenith Bank,823409799,M.Sc,10+ years,14,N/A,NIL,lag hq,n/a,48512305-8606
EMP-00149, Femi,Adewale,male,10-Apr-94,femi_adewale@g-tech.com.ng,2.34E+13,Delta,Operations,Operations Officer,FT,Active,10/12/2022,,269000,Stanbic IBTC,1877776788,SSCE,5,TBD,C,EMP-00615,Port Harcourt Branch,NULL,72982807-4206
EMP-00242,Ifeanyi ,Lawal,Male,6-Jul-90,lawal_ifeanyi@g-tech_com_ng,2.34E+13,Edo,Operations,Operations Coordinator,CONTRACT,Active,24.01.2020,,118000,Access Bank,4888501524,M.Sc,16,5,Exceeds Expectations,EMP-00853,Lagos Island,54969192845,27197789-7054
EMP-00360,Babatunde, Fayemi,Mr,21.08.1990,babatunde360@gtech-solutions.ng,2.34E+13,Kano,Supply Chain Dept,Procurement Officer,FULL-TIME,#N/A,3/6/2021,,"N377,000",Sterling Bank,8820108666,N/A,12,14,N/A,EMP-00811,Lagos Island,4123190577,
EMP-00162,Biodun ,Obiora,Male,4/3/1994,biodun_obiora@gtechsolutions.com.ng,2.34E+12,Nasarawa,legal,Legal Officer,FULL-TIME,Active,5/9/2019,,"#219,000",Stanbic IBTC,"1,778,197,615",M.Sc,12,7,Good,Not Available,Kano Office,,84057077-3134
EMP-00332,EBELE,Adegoke ,FEMALE,26/08/1994,ebele.adegoke@g-tech.com.ng,0071-870-2666,Kaduna,human resources,HR Manager,Part-Time,N/A,5/23/2018,,"#176,000",Sterling Bank,2833184319,SSCE,22,5,Exceeds Expectations,EMP-01291,lagos hq,84673574223,39083765-3502
EMP-01068,Tobi, Aliyu,Mr,11/13/1990,tobi@gtechsolutions.com.ng,2.34E+12,Unknown,Legal,Company Secretary,Contractor,Inactive,19-Jan-23,,237000,Keystone Bank,7526124944,M.Sc,12,7,Average,EMP-01073,Lagos Island,31744851954,32876971-4652
EMP-00915,Oluwatobi,Oduya,Mr,06.01.1994,oduya.oluwatobi@gtechsol.ng,2.34E+11,Ondo,customer service,Customer Experience Officer,CONTR,Active,23-Jun-22,,207000,Fidelity Bank,815991215,OND,10,2,B,EMP-00789,Wuse II,63580533151,20365975-4227
EMP-00223,Uchechi,adesanya,female,06.05.1982,adesanya.uchechi@gtech-solutions.ng,2.34E+12,Ekiti,Legal,Legal Manager,FT,Active,8/8/2019,,242.0K,First Bank,1540448538,SSCE,2,14,5,EMP-00030,Lagos HQ,32650977539,38834825-8425
EMP-00181,Chidi,Okwu,Male,27.12.1982,chidi_okwu@gtech-solutions.ng,2.34E+13,Abuja,Finance Dept,Accountant,CONTR,Active,18/02/2019,,NGN 631000,Stanbic IBTC,2143226860,B.Sc,23,12,N/A,EMP-00933,Lagos HQ,65024120957,75539501-5055
EMP-00417,omowunmi,Adeola,Female,11/1/1989,oadeola@gtechsol.ng,+234 085 549 1844,Kano,CUSTOMER SERVICE,CS Team Lead,part-time,Active,4/17/2025,,240000 NGN,Fidelity Bank,7752985220,SSCE,9,14,Good,EMP-00523,Kano Office,74029286433,13848263-3483
EMP-01227,chiamaka, Obi,Ms,17/06/1981,chiamaka227@gtechsolutions.ng,+234 073 738 0575,Not Available,legal,Company Secretary,PT,Not Available,3-Apr-19,,"N439,000",FCMB,2776406053,SSCE,23,12,B,EMP-00537,Lagos HQ,99798431522,Unknown
EMP-00799,LANRE,Ogundimu,MALE,18-May-88,ogundimu.lanre@g-tech.com.ng,+234 078 657 8848,Cross River,marketing,Digital Marketing Officer,contract,Active,5-Apr-18,,"N355,000",Access Bank,8877013789,HND,5,12,Needs Improvement,EMP-00793,LAGOS HQ,N/A,14375902-2635
EMP-00381,Nnamdi,Mohammed,Mr,5/10/1994,nmohammed@gtechsolutions.com.ng,2.34E+13,Kano,SUPPLY CHAIN,Logistics Coordinator,FT,On Leave,25-Oct-19,,149000,Zenith Bank,8682236820,Ph.D,9,21,D,EMP-00201,Port Harcourt Branch,13175362647,99627886-9334
EMP-00211,Ifeanyi,Okwu,M,5-Aug-86,iokwu@gtechsolutions.ng,2.34E+12,Ondo,Finance,Internal Auditor,Contract,Active,9/4/2024,,NGN 379000,FCMB,8846797777,B.Eng,24,12,1,NULL,GRA PH,66048736826,26575085-2588
EMP-01119,dele,Adeola,MALE,17.06.1987,dele119@gtech-solutions.ng,827844809,Abuja,Marketing,Content Strategist,PT,Suspended,11/1/2022,,433000,N/A,3875675824,B.Sc,5 yrs,7,1,EMP-01207,Lekki,85522950944,12493816-5445
EMP-00011,Wale, Adeola,Male,27.12.1993,wale.adeola@gtechsol.ng,2.34E+11,Bayelsa,Marketing,Brand Manager,part-time,Active,19-Mar-19,,"#289,000",Stanbic IBTC,4085320828,M.Sc,14,2,A,EMP-00942,Lekki,84987769453,21631697-5569
EMP-00008,Chinedu , Fayemi,MALE,22.07.1996,chinedu008@gtechsol.ng,2.34E+12,Ogun,Finance,Treasury Officer,Contractor,Active,20-Jun-21,,347.0K,Stanbic IBTC,464219790,Ph.D,24,2,1,EMP-00482,Kano Office,20037917693,61536717-9099
EMP-00401,CHUKWUEMEKA,Adewale,m,25-Aug-81,chukwuemeka_adewale@g-tech_com_ng,2.34E+12,Ekiti,EXECUTIVE,Chief Executive Officer,CONTRACT,Active,29/08/2020,,"#1,386,000",GTBank,5245302960,HND,15,15,1,,LAGOS HQ,NIL,12186404-2978
EMP-00647,Uzoamaka ,Taiwo,Female,3/11/1980,uzoamaka.taiwo@g-tech.com.ng,2.34E+11,Benue,Sales,Account Manager,Part-Time,Active,4-Jul-20,,249.0K,Ecobank,9274409986,MBA,21,21,C,EMP-00332,GRA PH,,17898708-5296
EMP-01389,oluwatobi,Adewale ,MALE,7/10/1977,oluwatobi@gtechsolutions.com.ng,2.34E+12,Oyo,Marketing,Content Strategist,Part-Time,Active,6/3/2021,,369000 NGN,Stanbic IBTC,3359724438,HND,6,2,Below Average,EMP-00728,Lagos - Head Office,72387484893,NULL
EMP-00335,Chinwe,Eze,F,07.11.1982,chinwe@g-tech.com.ng,2.34E+11,Plateau,Operations,Operations Coordinator,FULL-TIME,Active,11/29/2022,,"??124,000",Polaris Bank,1993529899,M.Sc,4,5,Average,EMP-00049,Ikeja,44974700026,72312890-7482
EMP-00317,Emeka ,Oduya,m,1/5/2000,emeka_oduya@gtechsolutions.com.ng,2.34E+12,Benue,Human Resources,Recruitment Specialist,FT,Terminated,5/15/2020,5/1/2022,370000,UBA,5082964045,B.A,25,15,A,EMP-01314,Lagos HQ,,58684436-4725
EMP-00684,Onyinye ,Nwosu,f,10-Oct-99,onwosu@gtechsolutions.ng,811297462,Nasarawa,Operations Dept,Operations Manager,Contractor,Active,4/20/2018,,NGN 261000,n/a,7246386735,B.Sc,4,14,C,EMP-01174,Lekki,74772011040,78356669-5101
EMP-00281,rotimi,obi,m,7/25/1979,rotimi.obi@gtechsolutions.com.ng,2.34E+13,Abuja,supply chain,Warehouse Manager,FULL-TIME,Inactive,10/7/2023,,"??339,000",Fidelity Bank,370788223,MBA,7,5,3,TBD,Wuse II,69177682938,#N/A
EMP-00003,chidi,Garba,Mr,5-Apr-94,chidi003@gtechsol.ng,2.34E+12,Ogun,Technology,Product Manager,Part-Time,Suspended,14-Jan-18,,519000 NGN,GTBank,6555540744,M.Sc,3,2,Needs Improvement,EMP-00263,Wuse II,89638346578,
EMP-00873,Adekunle,Adeola,Male,2/18/1997,adekunle.adeola@gtechsol.ng,+234 075 323 3234,Plateau,Executive,Chief Operating Officer,Full Time,Active,2/1/2025,,"??2,006,000",GTBank,903317757,HND,21,7,A,,Wuse II,20152979685,TBD
EMP-01302, Obiageli,nwofor,f,22-Aug-98,nwofor.obiageli@g-tech.com.ng,2.34E+12,Osun,Technology,Systems Administrator,Full Time,Active,13.11.2024,,NGN 531000,Access Bank,1021529505,M.Sc,8,Unknown,1,EMP-01256,Wuse II,53916913946,91786739-4779
EMP-00052,LANRE,Nwachukwu,Male,5/25/1989,nwachukwu.lanre@gtech-solutions.ng,+234 075 474 4423,Kaduna,HUMAN RESOURCES,Recruitment Specialist,Contractor,Active,8-Mar-22,,"N156,000",Sterling Bank,6669078244,B.Sc,25,20,4,NIL,VI Office,5064138367,n/a
EMP-00116,nike,Adewale,FEMALE,10-Jul-78,nike@g-tech.com.ng,2.34E+11,Benue,Supply_Chain,Logistics Coordinator,FULL-TIME,Active,10/30/2023,,"#304,000",GTBank,2349823507,B.A,22,0,Exceeds Expectations,EMP-00812,LAGOS HQ,12669121535,64262755-3011
EMP-00078,Kemi,Okonkwo,F,7-Oct-82,kemi078@gtechsolutions.ng,725773013,Enugu,Operations,Operations Officer,CONTR,Active,4-Mar-18,,145.0K,Sterling Bank,6992094064,OND,19,15,Exceeds Expectations,EMP-00696,Ikeja,90714163356,#N/A
EMP-00440,Oluwakemi ,Onuoha,FEMALE,21/12/1998,oluwakemi_onuoha@gtechsol.ng,709548139,Enugu,Operations Dept,Operations Coordinator,PT,Active,1/23/2023,,305000,Not Available,187419870,OND,2,7,A,EMP-00192,Kano Office,1154617580,16548156-4551
EMP-00515,Niyi,Okwu,MALE,18.10.1981,niyi_okwu@g-tech.com.ng,874153748,Bayelsa,Marketing Dept,Content Strategist,FT,Active,20/10/2021,,"N430,000",Zenith Bank,4079915074,B.Eng,23,2,B,EMP-01195,VI Office,90509260001,Not Available
EMP-01287,nkiruka,Nwachukwu,f,21-Mar-76,nnwachukwu@gtech-solutions.ng,2.34E+12,Plateau,Finance,Finance Analyst,Contract,Active,27/02/2021,,"#446,000",Access Bank,"6,341,507,678",HND,1,0,1,EMP-01014,Wuse II,60725093330,66037674-9960
EMP-00106,Ifeanyi, Adewale,Mr,3/4/1976,ifeanyi_adewale@g-tech.com.ng,0087-376-8343,Unknown,SALES,NULL,Full-Time,Active,8/28/2022,,309000 NGN,Fidelity Bank,127153596,Ph.D,21,15,N/A,EMP-00078,lagos hq,14560833181,82440371-9315
EMP-01089,Femi,Adegoke ,MALE,26/03/2000,femi_adegoke@gtechsolutions.ng,2.34E+12,Anambra,Executive Dept,Chief Operating Officer,Full-Time,Active,5/4/2024,,2273000,Polaris Bank,2828945638,B.Sc,8,10,Good,,Wuse II,68294817049,75513510-3440
EMP-00750,TOYIN,Adegoke,f,2/24/1981,adegoke.toyin@g-tech.com.ng,2.34E+12,Oyo,finance,Treasury Officer,PART-TIME,Active,8/17/2018,,419000 NGN,First Bank,2231888756,Unknown,23,2,N/A,EMP-00147,Lagos Island,18154478893,
EMP-00626,funmilayo,Balogun,f,11.03.1992,funmilayo.balogun@gtechsolutions.ng,+234 083 519 9941,Imo,Marketing,Digital Marketing Officer,contract,Active,6/13/2024,,"#405,000",Sterling Bank,"4,765,689,806",OND,6,14,Needs Improvement,EMP-00884,VI Office,79736799010,76364384-2262
EMP-00592,Ronke,Musa,Ms,21.06.2000,ronke@gtech-solutions.ng,+234 078 396 3486,Ekiti,sales,Account Manager,Contractor,Active,12/3/2023,,NGN 195000,UBA,"1,808,937,633",B.Sc,10+ years,21,2,EMP-00748,Kano Office,33057543700,#N/A
EMP-01211,Oluwakemi,Nwofor,FEMALE,1/22/1989,oluwakemi@gtechsolutions.ng,2.34E+13,Rivers,Executive,Chief Financial Officer,Part Time,Suspended,6/8/2018,,"N1,753,000",Polaris Bank,9288765448,OND,19,14,Good,,VI Office,NULL,60472885-3306
EMP-01185, Nneka,EZE,Female,3/2/1993,nneka185@gtechsolutions.com.ng,2.34E+12,Ondo,SALES,Account Manager,contract,Active,1/22/2023,,"N263,000",Stanbic IBTC,4856787606,Ph.D,3,5,Excellent,EMP-00851,Lagos HQ,73281975077,77590047-1303
EMP-01464,Omowunmi , Adeyemi,Female,12.11.1988,omowunmi.adeyemi@gtech-solutions.ng,2.34E+13,Plateau,Operations,Facilities Manager,FT,Active,22.02.2020,,344000 NGN,UBA,4041684774,OND,4,10,Below Average,EMP-00465,GRA PH,61724053947,95513878-4169
EMP-01348,ebele,Garba,f,21/01/1977,ebele.garba@gtechsolutions.com.ng,2.34E+13,Edo,customer service,Customer Service Rep,Part Time,Active,30-Jan-19,,125.0K,Access Bank,826994698,Ph.D,8,21,Needs Improvement,EMP-01429,Kano Office,TBD,94430713-2648
EMP-00722,FOLAKE,NWACHUKWU,Female,28.05.1982,nwachukwu.folake@gtechsolutions.com.ng,805072407,Lagos,Legal,Compliance Officer,FULL-TIME,N/A,6/1/2022,,609000 NGN,Stanbic IBTC,"4,380,413,582",HND,17,#N/A,TBD,EMP-00522,Lagos Island,68348752560,84034055-3326
EMP-00386,Adunola,AKINTOLA,Female,10/20/1990,aakintola@gtechsol.ng,2.34E+11,Abuja,LEGAL,Legal Manager,PT,Terminated,22-Oct-22,19-Mar-24,367000 NGN,Sterling Bank,2255494061,HND,9,12,Meets Expectations,EMP-01173,GRA PH,2548536268,47698267-8661
EMP-01122, Wale,Nwachukwu,M,27-Apr-90,nwachukwu.wale@gtech-solutions.ng,2.34E+12,Anambra,Human_Resources,Recruitment Specialist,PT,Active,04.01.2023,,402000,Stanbic IBTC,6425164431,OND,20,15,4,EMP-00908,LAGOS HQ,15542373997,12718005-5441
EMP-01065, Tunji,okafor,Male,15-Sep-99,tunji.okafor@gtech-solutions.ng,2.34E+12,Lagos,executive,Chief Financial Officer,Contract,Active,6-Feb-22,,2232.0K,UBA,5231184406,B.Sc,Not Available,21,N/A,,Port Harcourt Branch,44406615922,89314327-9039
EMP-00357, Wale,Okonkwo ,Mr,05.05.1990,okonkwo.wale@gtech-solutions.ng,+234 072 117 5074,Oyo,Marketing,Brand Manager,Full-Time,Active,15-Jun-24,,NGN 429000,Ecobank,2694638707,Not Available,5,15,Average,EMP-01428,Wuse II,66271358969,57409708-4964
EMP-00468,Lanre,Abdullahi,Mr,7/15/1988,lanre468@g-tech.com.ng,2.34E+12,Abuja,HUMAN RESOURCES,HR Officer,Contract,Inactive,9/15/2023,,"??238,000",Stanbic IBTC,675621377,M.Sc,9,2,5,EMP-00534,lagos hq,NIL,66690547-1327
EMP-01040, Wale,Ogundele,m,7/19/2000,wale040@gtechsolutions.ng,+234 080 478 4518,Enugu,marketing,Marketing Analyst,Part Time,Active,1-Jan-20,,"N273,000",GTBank,6576905237,B.A,2,21,N/A,EMP-00443,lag hq,NIL,70912151-2695
EMP-00227,Chidinma,USMAN,F,28-Aug-95,chidinma.usman@g-tech.com.ng,2.34E+12,TBD,Finance,Internal Auditor,Part-Time,Active,7/4/2024,,"??642,000",Stanbic IBTC,"1,407,650,680",OND,1,10,A,EMP-00510,Lagos - Head Office,74238856527,54796947-6763
EMP-01108, Lanre,Fayemi,Mr,4/2/1976,lanre_fayemi@gtech-solutions.ng,872632397,Rivers,Sales Dept,Sales Executive,Contractor,Active,10/3/2018,,"N157,000",Keystone Bank,6368400111,B.Eng,3,2,N/A,EMP-00016,VI Office,26582165514,33169103-1179
EMP-01225,Sola,Adeyemi,Male,6/15/2000,sadeyemi@gtechsolutions.ng,+234 073 264 5723,,technology,Systems Administrator,Part-Time,On Leave,14-Feb-18,,856000,GTBank,1037928817,B.A,17,NULL,Outstanding,EMP-00240,lagos hq,Not Available,76561936-3612
EMP-01407,Shade ,Nwachukwu,f,5/23/1982,shade.nwachukwu@gtech-solutions.ng,2.34E+12,Lagos,Sales Dept,Senior Sales Rep,FT,Active,8/31/2020,,417000 NGN,Polaris Bank,5903010349,MBA,19,7,Good,EMP-00720,Lagos Island,87449150222,54193779-2101
EMP-00650,Ayo ,Balogun,M,7/5/1975,ayo.balogun@gtechsolutions.ng,2.34E+12,Anambra,HUMAN RESOURCES,HR Officer,Contract,Active,1-Nov-23,,144000 NGN,Fidelity Bank,522365963,Ph.D,14,20,3,EMP-00929,lag hq,73029406957,56288555-3748
EMP-00934,Emeka,Ogundele ,MALE,10/6/1978,emeka@g-tech.com.ng,801885793,Kaduna,Executive,Chief Technology Officer,FT,Terminated,5/2/2023,12/18/2023,"#3,140,000",First Bank,968074852,MBA,14,10,Meets Expectations,,lag hq,63238137057,Unknown
EMP-00568,uzoamaka,garba,f,26.01.1975,uzoamaka_garba@g-tech.com.ng,0089-967-4575,Abuja,operations,Process Analyst,FT,Active,7/23/2020,,"#361,000",Zenith Bank,"5,787,845,946",SSCE,10,12,C,EMP-01439,Wuse II,23725442253,19074250-8633
EMP-01370,Chinedu,Okafor,MALE,23-Sep-79,chinedu370@gtechsolutions.ng,2.34E+11,Kaduna,TECHNOLOGY,Systems Administrator,Full-Time,Active,17.03.2023,,900000,Stanbic IBTC,3470689625,MBA,8,2,D,EMP-01374,lagos hq,59329544055,94806283-7321
EMP-00177,Damilola,Oduya,male,12.06.1993,damilola_oduya@gtechsolutions.com.ng,0080-280-4542,Ekiti,Finance,Internal Auditor,PART-TIME,Active,10/2/2022,,319.0K,UBA,8396192882,B.Eng,6,2,A,EMP-00644,VI Office,53795381649,39187446-2686
EMP-00349,Gbemi,Usman,Male,1/18/1992,gbemi_usman@g-tech.com.ng,2.34E+11,Enugu,Sales,Account Manager,PT,Suspended,8/14/2024,,275000 NGN,Ecobank,3040880495,B.Eng,20,10,D,EMP-00939,LAGOS HQ,69881649804,11325577-3730
EMP-00837,Chioma,ADEWALE,Ms,5/7/1987,adewale.chioma@gtech-solutions.ng,2.34E+13,Ekiti,Customer_Service,Customer Service Rep,Contract,TBD,25/02/2018,,NGN 101000,Access Bank,"5,239,348,773",B.Eng,1,5,A,EMP-00354,LAGOS HQ,88880497046,54353813-6287
EMP-00791,Ronke,Nwachukwu,Female,10/18/2000,ronke@gtechsolutions.com.ng,0084-698-4113,Not Available,operations,Process Analyst,FULL-TIME,Active,1/7/2023,,"??369,000",Ecobank,"3,009,005,534",OND,3years,20,Exceeds Expectations,#N/A,LAGOS HQ,40731971890,34276541-1949
EMP-00035,ADEKUNLE,Musa,MALE,28-Dec-80,adekunle.musa@gtechsolutions.com.ng,2.34E+11,Ondo,LEGAL,Company Secretary,Contractor,On Leave,02.06.2018,,289000,Fidelity Bank,4301648719,OND,7,12,D,EMP-01472,lagos hq,49329668516,34800912-3303
EMP-01398,Funmilayo,adeleke,f,8/20/1985,funmilayo.adeleke@gtechsolutions.com.ng,888646241,Ondo,technology,Data Analyst,full-time,Active,12/11/2020,,"#553,000",FCMB,8463699824,SSCE,3,21,Outstanding,EMP-00186,GRA PH,27833285968,TBD
EMP-00323,Chidinma,Adegoke,female,20/03/2000,chidinma@gtech-solutions.ng,727442888,Osun,Human_Resources,HR Officer,part-time,Active,9/22/2020,,189000,Keystone Bank,9218525137,SSCE,19,14,n/a,EMP-00859,Port Harcourt Branch,27558214770,26922485-1017
EMP-00235,Dele,Nwofor ,M,2/8/1991,nwofor.dele@gtechsol.ng,2.34E+12,Unknown,SALES,Business Development Officer,part-time,Active,3/8/2023,,449000,Zenith Bank,"9,376,966,049",N/A,NULL,12,Outstanding,EMP-01402,,69130981079,47912273-7336
EMP-00498, Obiageli,OGUNDELE,Ms,9/16/1986,obiageli@gtechsol.ng,2.34E+12,Delta,Technology,IT Support,Part-Time,On Leave,12/30/2023,,NGN 599000,Access Bank,"8,392,972,673",HND,8,15,Needs Improvement,EMP-01442,LAGOS HQ,15019679720,57029564-2206
EMP-00247,Folake,Ajayi ,Female,07.06.1976,folake_ajayi@gtechsol.ng,781000159,Plateau,Customer_Service,CS Team Lead,FT,Active,8/5/2018,,82000 NGN,Polaris Bank,206737861,B.Sc,7,0,Exceeds Expectations,EMP-00231,Kano Office,98440971231,TBD
EMP-01177,Toyin,Fayemi,f,7/20/1984,toyin@gtech-solutions.ng,2.34E+12,Ekiti,Technology Dept,Systems Administrator,contract,Suspended,28-Feb-25,,437000 NGN,Zenith Bank,9244545206,MBA,1 year,14,A,EMP-00327,lagos hq,13724204653,Unknown
EMP-00858,obinna,Musa,Mr,10/10/1999,obinna@gtechsolutions.com.ng,2.34E+12,Plateau,Finance,Finance Analyst,part-time,Terminated,10/16/2024,2/18/2025,"??302,000",FCMB,6410205325,HND,3,2,D,EMP-01296,lagos hq,86474019255,26197723-8422
EMP-01451,REMI, Okwu,M,3/18/1979,okwu.remi@g-tech.com.ng,+234 076 415 8010,Kaduna,marketing,Marketing Executive,CONTRACT,Active,6/24/2018,,"#164,000",Access Bank,7885004596,M.Sc,14,10,A,EMP-01215,Lagos HQ,36545315743,89394246-8860
EMP-01097,Uchechi,Chukwu,female,4-Feb-87,uchechi_chukwu@gtechsol.ng,735936728,Rivers,Legal Dept,Company Secretary,PT,Active,2/13/2024,,"N232,000",Ecobank,7092067328,B.Sc,8,2,5,EMP-00153,lag hq,n/a,89520435-5521
EMP-00841,Obinna, Suleiman,Mr,12/19/1996,suleiman.obinna@gtechsolutions.com.ng,2.34E+12,Ondo,Technology,Software Developer,FT,Terminated,19.12.2019,4/3/2020,"#748,000",First Bank,661473357,B.Eng,16,0,Exceeds Expectations,EMP-00588,Abuja Office,#N/A,89585155-6853
EMP-00034,Wale,Garba,M,6/18/1990,garba.wale@gtech-solutions.ng,+234 077 599 3143,Edo,Marketing,Marketing Analyst,FULL-TIME,Active,10/6/2020,,282000,Ecobank,"8,272,725,281",B.A,15,15,Needs Improvement,EMP-01152,Port Harcourt Branch,93308330165,NIL
EMP-00120,Remi,Ibrahim,M,11/7/1977,ibrahim.remi@gtechsolutions.ng,2.34E+11,Enugu,Human Resources Dept,Learning & Development Officer,Full Time,Active,1/2/2022,,253000,Ecobank,3691907159,SSCE,16,14,Good,EMP-00559,Lagos Island,48207001594,64627534-6954
EMP-00986,Titilayo ,Afolabi,Ms,1-Jun-84,titilayo.afolabi@g-tech.com.ng,2.34E+13,Edo,sales,Sales Manager,full-time,Terminated,6/13/2022,5/7/2024,"N300,000",Fidelity Bank,5212023156,M.Sc,18,20,C,EMP-01036,Lagos HQ,65285443052,67075728-2691
EMP-01269,chiamaka,Adeyemi,Female,12/6/1988,adeyemi.chiamaka@gtechsolutions.com.ng,2.34E+13,Cross River,Operations Dept,Operations Officer,CONTRACT,n/a,7-Dec-19,,"#311,000",Fidelity Bank,165797227,HND,3years,7,N/A,EMP-00938,GRA PH,67488139142,41003958-9174
EMP-00771,Dapo,Oduya,MALE,5/15/1987,dapo_oduya@gtech-solutions.ng,0082-577-9689,Lagos,EXECUTIVE,Chief Executive Officer,PT,Active,23.03.2019,,NGN 1049000,Keystone Bank,"7,807,706,649",MBA,19,5,Excellent,,Port Harcourt Branch,10285514382,NULL
EMP-00047,Ifeoma,ajayi,f,4/10/1995,ifeoma_ajayi@gtechsolutions.com.ng,2.34E+11,Osun,EXECUTIVE,Chief Technology Officer,Part-Time,Terminated,1/30/2024,3/21/2024,2607.0K,Keystone Bank,5785481124,SSCE,5,7,A,,Port Harcourt Branch,44948126042,27809465-5090
EMP-01130,Yetunde,MUSA,Ms,3/14/1995,yetunde130@gtechsolutions.ng,2.34E+12,Kano,operations,Facilities Manager,Full Time,Active,1/7/2020,,293.0K,Zenith Bank,3204297399,MBA,11,0,3,EMP-00698,VI Office,95197439504,49816692-5928
EMP-01254, Segun,Ajayi,Mr,9/16/1996,sajayi@gtech-solutions_ng,2.34E+12,Kano,LEGAL,Company Secretary,contract,Active,21/11/2019,,??474,Polaris Bank,8540996323,Ph.D,14,15,3,EMP-01138,Ikeja,40732845688,41565579-3352
EMP-01457,Yetunde,Fayemi,FEMALE,04.08.1990,yetunde.fayemi@g-tech.com.ng,748808441,Abuja,supply chain,Supply Chain Analyst,contract,Active,10/23/2021,,311000,Sterling Bank,1462837990,M.Sc,19,15,2,EMP-00111,Port Harcourt Branch,77508639277,89218063-5127
EMP-01272,EBELE,oduya,f,7/1/1980,ebele_oduya@g-tech.com.ng,856156068,Unknown,SALES,Account Manager,contract,Active,1/12/2018,,"??476,000",UBA,9350447188,B.A,12,20,Meets Expectations,EMP-00127,Wuse II,14848946541,34198427-5543
EMP-00845,Ngozi,afolabi,F,18-Nov-89,ngozi.afolabi@gtech-solutions.ng,824464447,Oyo,CUSTOMER SERVICE,Customer Experience Officer,contract,Active,12/1/2024,,153000,First Bank,"8,905,001,095",MBA,24,10,3,EMP-00629,Ikeja,36660448671,80333513-2245
EMP-01329,oluwaseun,eze,Mr,14/04/1984,oluwaseun_eze@gtech-solutions.ng,808047368,Osun,Executive,Chief Financial Officer,part-time,Suspended,25-Mar-23,,1811.0K,Sterling Bank,4328315068,M.Sc,21,10,2,,Lagos HQ,Unknown,NIL
EMP-00088,Adebayo, Taiwo,male,24-Nov-76,adebayo.taiwo@gtechsolutions.ng,2.34E+12,Benue,MARKETING,Content Strategist,FT,Active,6/2/2021,,293000,GTBank,963904488,B.Eng,3years,14,Outstanding,EMP-00985,Ikeja,93898331465,TBD
EMP-01316,Adekunle,Adeola,male,10/14/1991,adekunle316@g-tech.com.ng,2.34E+12,Kano,Supply Chain,NULL,contract,Active,11.07.2024,,"N214,000",Ecobank,6642347074,B.A,9,5,3,EMP-01152,Wuse II,83255126691,82036267-3981
EMP-00867,Ifeoma, Eze,FEMALE,9/23/1999,eze.ifeoma@gtechsol.ng,2.34E+12,Bayelsa,Executive,Chief Financial Officer,PART-TIME,Terminated,4-Nov-18,6-Jul-24,"#2,292,000",FCMB,"3,569,521,270",Ph.D,1,20,A,Unknown,GRA PH,96451159059,54476709-7763
EMP-00487,Lanre,ALIYU,MALE,8/5/1976,lanre487@g-tech.com.ng,2.34E+13,Imo,customer service,CS Manager,PT,Suspended,6/17/2023,,"N174,000",Ecobank,6368651875,OND,3years,10,2,EMP-00465,lag hq,35796714803,99598463-1180
EMP-00362,ADEBAYO,ADELEKE,M,20-Aug-89,adebayo.adeleke@gtechsolutions.com.ng,+234 076 786 6413,Bayelsa,sales,Sales Executive,CONTR,Active,10/7/2019,,304000,Fidelity Bank,631049384,B.Eng,2,5,Below Average,EMP-00780,lagos hq,16722104546,76569035-2817
EMP-00824,BLESSING, Nwofor,FEMALE,28/02/1992,blessing.nwofor@gtechsolutions.com.ng,2.34E+13,Plateau,HUMAN RESOURCES,Recruitment Specialist,Full Time,Active,24/10/2023,,"#159,000",,5011857156,B.A,17,12,B,TBD,Lagos Island,90439461622,72577425-8273
EMP-01083,Sade,Adeleke,Female,21-Feb-88,adeleke.sade@g-tech.com.ng,2.34E+12,Bayelsa,Finance,Treasury Officer,part-time,Active,31/03/2024,,614000,UBA,9826016716,Ph.D,5,21,2,Unknown,Kano Office,33098703824,89518366-9956
EMP-01010,Adaora, Afolabi,Ms,3/20/1998,adaora.afolabi@gtechsolutions.ng,2.34E+12,Abuja,Operations,Facilities Manager,PART-TIME,Active,1/23/2019,,119000,FCMB,8058156226,Ph.D,25,7,1,EMP-00747,Lagos HQ,70048307627,32830521-6930
EMP-00821,tolu, Ajayi,female,12-Feb-98,tajayi@g-tech.com.ng,907014808,Lagos,supply chain,Procurement Officer,PART-TIME,Active,09.08.2018,,"#234,000",Polaris Bank,9603011340,M.Sc,5,12,Outstanding,NIL,lag hq,96110840390,34230234-8823
EMP-01012,Gbemi ,Nwachukwu,MALE,12-Sep-87,nwachukwu.gbemi@gtech-solutions.ng,2.34E+12,Nasarawa,Sales Dept,Sales Executive,Part Time,Active,6-Nov-23,,199000,Polaris Bank,7557252322,MBA,12,14,2,EMP-00282,Lagos - Head Office,16609523814,70408329-2240
EMP-00761,Omowunmi,Mohammed,f,1/10/1991,omohammed@g-tech.com.ng,2.34E+12,Benue,CUSTOMER SERVICE,Customer Experience Officer,full-time,Active,1-Jul-20,,83000,Zenith Bank,"3,369,567,188",B.A,19,TBD,N/A,EMP-00740,Ikeja,60805582262,99173310-2354
EMP-00728,Okechukwu , Usman,Male,2/11/1990,okechukwu.usman@g-tech.com.ng,2.34E+13,Abuja,Operations Dept,Process Analyst,CONTR,n/a,5/6/2023,,355000,GTBank,5612613509,B.Eng,23,10,Below Average,EMP-00185,LAGOS HQ,59911294640,24358451-9886
EMP-01046,Tunji, Adesanya,m,5/6/1999,tunji_adesanya@g-tech.com.ng,729507120,Plateau,Operations,Operations Coordinator,FULL-TIME,Active,1/27/2024,,"??280,000",Stanbic IBTC,"4,383,351,718",MBA,7,14,2,EMP-00253,lag hq,23200865862,35497877-4656
EMP-00797,Tobi,Suleiman,Male,4/1/1996,tobi.suleiman@g-tech.com.ng,726384026,Imo,Technology,Software Developer,Full Time,Active,2/21/2024,,"N771,000",Zenith Bank,"4,325,662,175",B.Eng,17,21,4,EMP-00297,lagos hq,67621874309,77078825-5938
EMP-00953,oluwaseun,Garba,Male,10-Feb-75,ogarba@g-tech.com.ng,2.34E+11,Ekiti,Executive Dept,Chief Financial Officer,CONTR,Active,5/28/2024,,NGN 1993000,FCMB,6838406829,HND,14,14,Meets Expectations,,Lagos - Head Office,n/a,26997859-8586
EMP-01333,ronke,Adewale,f,8/25/1998,ronke.adewale@g-tech.com.ng,+234 086 262 0613,Kano,Executive,Chief Financial Officer,FULL-TIME,Active,1/16/2019,,3186.0K,Ecobank,733842313,M.Sc,2,7,B,,Wuse II,#N/A,38569522-5565
EMP-01305,obiageli,Chukwu,F,3-Sep-84,obiageli.chukwu@gtech-solutions.ng,0089-796-5219,Kaduna,supply chain,Logistics Coordinator,Part Time,Active,2-May-19,,"#190,000",n/a,4518441930,B.Eng,16,14,Meets Expectations,EMP-00984,Port Harcourt Branch,18551370359,90456945-8489
EMP-00173,Folake,okonkwo,Female,7-Dec-81,folake.okonkwo@g-tech.com.ng,0084-310-9184,Oyo,operations,Operations Coordinator,CONTRACT,Active,7/23/2022,,"??111,000",Polaris Bank,"9,007,113,319",#N/A,4,15,A,EMP-01111,Lagos - Head Office,27652892866,98530765-8167
EMP-01072,Nike ,Usman,female,7-Sep-80,nusman@g-tech.com.ng,886030299,Edo,Customer Service,Customer Experience Officer,Part-Time,Active,5/29/2022,,232000,FCMB,8916789825,HND,NULL,0,A,EMP-01285,Ikeja,23861601861,42737271-8064
EMP-00061,FUNMILAYO, Fashola,F,23.05.1994,funmilayo_fashola@gtech-solutions.ng,2.34E+12,Abuja,Sales,Account Manager,contract,Terminated,3/24/2018,5/29/2018,"#362,000",Zenith Bank,6182870116,B.Eng,12,21,2,EMP-00987,Lagos Island,44432830965,13416548-9148
EMP-00401,CHUKWUEMEKA,Adewale,m,25-Aug-81,chukwuemeka_adewale@g-tech.com.ng,2.34E+12,Ekiti,EXECUTIVE,Chief Executive Officer,CONTRACT,Active,29/08/2020,,"??1,386,000",GTBank,5245302960,HND,15,15,1,,LAGOS HQ,NIL,12186404-2978
EMP-00539,Dapo ,Garba,m,9/13/1990,dapo539@gtechsolutions.ng,835915387,Rivers,supply chain,Warehouse Manager,FULL-TIME,Terminated,01.05.2020,7/21/2022,387000,Unknown,171978074,M.Sc,15,0,Needs Improvement,EMP-00455,LAGOS HQ,Not Available,38583750-6564
EMP-00929, Nneka,Okafor,FEMALE,7-Feb-90,nneka_okafor@gtech-solutions.ng,2.34E+13,Anambra,Marketing Dept,Digital Marketing Officer,Full Time,Active,08.11.2018,,325000,Access Bank,"9,348,248,606",B.Sc,17,5,D,EMP-01164,Lagos Island,65775833521,76598603-1002
EMP-01053,Taiwo,Suleiman,Female,9/24/1991,tsuleiman@gtechsol.ng,2.34E+11,Delta,Legal,Legal Officer,part-time,Active,06.03.2023,,318000 NGN,Polaris Bank,366906991,Ph.D,5,5,N/A,EMP-01330,Kano Office,6186946056,30068906-8336
EMP-00159, Amaka,Akintola,Female,25-Jul-84,amaka@gtechsolutions.com.ng,+234 083 973 4129,Benue,human resources,HR Business Partner,Part Time,Active,4/4/2023,,271000 NGN,FCMB,296617843,B.A,3years,5,Meets Expectations,EMP-01387,lagos hq,9306853890,32620027-9577
EMP-00822,Chinwe,NWACHUKWU,f,6/1/1985,chinwe@gtechsolutions.com.ng,909274967,Benue,SALES,Business Development Officer,Full-Time,Active,22/05/2022,,"#327,000",First Bank,1888127279,MBA,19,0,A,EMP-00605,Abuja Office,41243616050,90024065-1693
EMP-00831,Damilola ,Balogun,m,11-Sep-82,damilola.balogun@gtech-solutions.ng,0077-141-3602,Oyo,SUPPLY CHAIN,Supply Chain Analyst,Contractor,Active,10/22/2023,,"??256,000",Keystone Bank,293593003,MBA,24,21,Needs Improvement,EMP-00096,Ikeja,42724771157,35974997-8871
EMP-00312, Damilola,Adeola,m,4/9/2000,dadeola@gtech-solutions.ng,2.34E+12,Edo,Technology,Product Manager,CONTR,Terminated,11-May-20,5/15/2025,"#620,000",UBA,6419765847,HND,17,5,Good,EMP-00645,lagos hq,71472463019,61182388-5139
EMP-00596, Omowunmi,Obiora,Ms,22-Nov-94,obiora.omowunmi@g-tech.com.ng,2.34E+13,Kano,Marketing,Marketing Analyst,part-time,Active,19/09/2023,,274000,Keystone Bank,5780322855,B.A,2,10,Below Average,EMP-01006,Abuja Office,99335303138,39091632-1648
EMP-01107,Bola,Garba,Ms,15/05/1995,bola.garba@g-tech.com.ng,2.34E+13,Delta,Human_Resources,Recruitment Specialist,CONTR,Active,8/19/2021,,NGN 339000,Polaris Bank,7942323009,SSCE,9,21,NIL,EMP-00633,lag hq,44902307714,54272694-1518
EMP-00726,Titi,Ogundele,F,10/10/1983,titi@g-tech.com.ng,2.34E+12,Kano,Legal Dept,Legal Manager,PT,Active,15-Aug-18,,"N386,000",UBA,"5,441,209,937",B.A,12,12,Exceeds Expectations,EMP-01379,Kano Office,42050953072,73102352-3142
EMP-00823,Gbemi,Chukwu,M,3/12/1993,gbemi_chukwu@gtechsolutions.ng,2.34E+12,Ondo,SUPPLY CHAIN,Procurement Officer,Contract,Active,12/15/2020,,241000,Stanbic IBTC,6199033747,B.A,15,5,NIL,EMP-00508,Lekki,39036748675,73348300-7016
EMP-01221,OLUWASEUN,babatunde,Mr,14-Aug-90,obabatunde@gtechsolutions.com.ng,2.34E+12,Benue,Marketing Dept,Brand Manager,Contract,Active,06.11.2022,,"??290,000",Keystone Bank,3559100256,SSCE,2,7,B,EMP-00839,Lagos - Head Office,72447099674,70868962-2061
EMP-00694,Amaka,Nwofor ,Ms,5/12/1977,amaka_nwofor@gtechsolutions.ng,2.34E+13,Bayelsa,Operations,Operations Officer,PT,Active,4/23/2023,,NGN 323000,UBA,"5,332,218,218",HND,13,7,Meets Expectations,EMP-01074,Lagos Island,95571319844,TBD
EMP-00788,Tolu,Afolabi,female,11/9/1985,afolabi.tolu@gtechsol.ng,2.34E+12,Ondo,Customer Service,Customer Experience Officer,contract,Active,10.12.2019,,"??210,000",Ecobank,1222477899,SSCE,17,15,Average,EMP-00527,Ikeja,91850582405,52314549-5414
EMP-01368,Gbemi,okonkwo,M,4-May-78,gbemi368@g-tech.com.ng,0076-988-9099,Abuja,Finance Dept,Accountant,Contract,Active,21-Nov-19,,181000,Keystone Bank,1210331375,M.Sc,12,7,Good,EMP-01191,LAGOS HQ,20583283715,74703773-6396
EMP-00952,DOTUN,Eze,male,7/24/1988,dotun952@gtech-solutions.ng,2.34E+12,Imo,Executive,Chief Financial Officer,full-time,Active,21/08/2020,,NGN 2597000,UBA,179138264,HND,8,7,Outstanding,,Lagos HQ,11870000822,17389878-6880
EMP-00359,Chidinma,Akintola ,Ms,21-May-78,chidinma_akintola@gtech-solutions.ng,+234 083 449 8563,Anambra,Finance,Accountant,FT,Active,3/2/2018,,"#429,000",Ecobank,1005250264,B.A,23,21,Excellent,EMP-00355,Lagos - Head Office,98745513587,75895533-3019
EMP-00418,Adaeze,mohammed,Female,24-Jun-79,mohammed.adaeze@gtechsol.ng,0083-794-3467,Delta,EXECUTIVE,Chief Technology Officer,Part Time,Active,26.02.2023,,"N2,346,000",GTBank,6105030826,B.Eng,7,14,C,,Lagos HQ,NULL,38358696-5019
EMP-00736,Chinedu,Haruna,m,19.07.1999,chinedu.haruna@g-tech.com.ng,2.34E+12,NULL,legal,Company Secretary,contract,Active,18/06/2024,,"N551,000",Sterling Bank,9473907299,HND,5,0,B,EMP-00345,lagos hq,37035595915,68802334-7206
EMP-00859,Ngozi,Adeola,Ms,19-Jan-95,adeola.ngozi@gtechsolutions.com.ng,0085-664-2174,Benue,CUSTOMER SERVICE,Customer Service Rep,contract,Active,24.03.2023,,"??176,000",GTBank,"2,167,601,223",OND,25,7,5,EMP-01270,Ikeja,43585991977,78752546-6930
EMP-00380, Remi,Nzeka ,male,4/8/1986,remi.nzeka@gtechsol.ng,0078-158-0404,Delta,EXECUTIVE,Chief Executive Officer,PT,Active,9/2/2020,,1944.0K,Zenith Bank,4314199633,MBA,8,10,Good,,Wuse II,84393332436,89469712-7991
EMP-00364,Remi,Chukwu ,male,2/7/1989,remi364@g-tech.com.ng,2.34E+11,Ekiti,Marketing Dept,Marketing Analyst,CONTRACT,Terminated,20.10.2024,3/4/2025,NGN 260000,GTBank,9078155834,Ph.D,20,5,TBD,EMP-01170,Lagos - Head Office,36923534848,70270117-1640
EMP-00012,WALE, Mohammed,Male,14-Dec-82,wale.mohammed@g-tech.com.ng,2.34E+13,Ogun,Executive,Chief Technology Officer,Full-Time,Terminated,12/24/2021,21-Dec-23,"N1,945,000",Access Bank,2395925222,B.A,12,20,D,,Abuja Office,51823374989,23492385-4180
EMP-01296,OLUWAKEMI,Eze,F,6/28/1992,oluwakemi296@g-tech.com.ng,2.34E+11,Plateau,Sales Dept,Account Manager,Part Time,Terminated,1/7/2023,18-Apr-24,"#153,000",GTBank,"7,793,877,880",B.A,24,2,1,EMP-01011,Lekki,73155254178,TBD
EMP-00307,Tunde, Onuoha,m,7/23/1993,tunde_onuoha@g-tech.com.ng,2.34E+11,Enugu,Finance,Finance Manager,Part-Time,Active,12/24/2024,,381000 NGN,Sterling Bank,5274679617,OND,24,5,Exceeds Expectations,EMP-00505,Lekki,5117160398,84522968-7469
EMP-01395,Biodun,CHUKWU,male,12/17/1985,biodun.chukwu@gtechsolutions.com.ng,0082-733-5595,Osun,CUSTOMER SERVICE,Customer Service Rep,Full Time,Active,8/25/2022,,"#199,000",Fidelity Bank,"6,209,002,822",B.Sc,16,2,A,EMP-01030,Abuja Office,86318552567,75039186-9843
EMP-01304, Ronke,Ogundele ,Ms,20.06.1977,ronke.ogundele@gtech-solutions.ng,2.34E+11,Osun,EXECUTIVE,Chief Technology Officer,FULL-TIME,Active,17/07/2019,,"??812,000",GTBank,"1,051,498,986",#N/A,18,10,A,,lag hq,6340513005,41273517-7121
EMP-01135,Taiwo ,Nwachukwu,Ms,14-Aug-77,taiwo@g-tech.com.ng,0080-852-5987,Delta,Technology Dept,Software Developer,Full-Time,Not Available,12.11.2020,18-Mar-24,NGN 511000,Zenith Bank,2696319204,M.Sc,1,0,4,EMP-00719,Lekki,5330851983,61737376-1942
EMP-00112, Niyi,Nwosu,Male,22.08.1992,niyi112@gtechsolutions.com.ng,2.34E+12,Kano,Operations Dept,Facilities Manager,part-time,Active,03.01.2022,,138.0K,UBA,540146356,OND,10,10,Needs Improvement,EMP-01491,lagos hq,74266299123,TBD
EMP-00267,Chidi,ogundele,Male,3/11/1980,chidi.ogundele@g-tech.com.ng,2.34E+12,Nasarawa,Marketing Dept,Marketing Executive,FULL-TIME,Terminated,30-Dec-21,22/01/2024,"#220,000",Keystone Bank,5819372113,Ph.D,19,2,4,EMP-01013,Ikeja,53007309505,65771986-1121
EMP-01164,ADUNOLA, Adeola,FEMALE,10/15/1983,adeola.adunola@gtechsolutions.ng,902407193,Benue,CUSTOMER SERVICE,CS Manager,Contract,Active,21-Oct-20,,127000,Fidelity Bank,"8,983,964,211",MBA,24,5,4,EMP-00134,GRA PH,96839028297,33682406-3927
EMP-00141,CHIDINMA,Adeyemi ,FEMALE,2/11/1995,chidinma_adeyemi@gtech-solutions.ng,2.34E+13,Ondo,human resources,HR Manager,full-time,Active,02.01.2020,,NGN 220000,Zenith Bank,6043513610,SSCE,13,12,4,EMP-01262,lag hq,25304289731,99053757-2062
EMP-00588,Dele,Suleiman,m,27.11.1987,dele.suleiman@gtech-solutions.ng,2.34E+12,Ondo,Customer Service,CS Manager,Full-Time,Inactive,30-Jul-18,,NGN 164000,FCMB,6698484994,SSCE,16,10,3,EMP-00849,Port Harcourt Branch,NULL,21781649-9357
EMP-00781,taiwo,Babatunde,FEMALE,26.01.1987,babatunde.taiwo@gtechsol.ng,2.34E+11,Lagos,Executive,Chief Technology Officer,full-time,On Leave,30/07/2022,,1073000 NGN,Access Bank,850059398,B.Eng,11,12,Excellent,,Lagos - Head Office,60533882499,88971775-7557
EMP-01184,Uzoamaka,Adeola ,female,7/10/1980,adeola.uzoamaka@gtechsolutions.com.ng,0073-496-1925,Cross River,CUSTOMER SERVICE,Customer Service Rep,FT,Active,12/30/2024,,112000,Keystone Bank,9886101573,SSCE,21,20,NULL,EMP-00036,Lagos HQ,39543284512,99197425-4424
EMP-00653, Nnamdi,Adegoke,m,9-Jul-82,adegoke.nnamdi@gtechsolutions.com.ng,2.34E+12,Ogun,Legal Dept,Legal Officer,FULL-TIME,Active,22/09/2022,,"N498,000",Fidelity Bank,"8,884,919,106",B.Eng,5,12,Meets Expectations,EMP-00809,Abuja Office,12697486978,74657363-9314
EMP-00429,SEGUN,AKINTOLA,M,21.10.1978,segun_akintola@gtech-solutions.ng,2.34E+12,Rivers,Technology,Systems Administrator,PT,Active,12-Oct-24,,833000,FCMB,9202622469,B.Eng,15,14,A,EMP-00054,,1441306862,78712941-8292
EMP-00222,Adebayo ,USMAN,MALE,13.05.1981,adebayo.usman@gtech-solutions.ng,2.34E+11,Edo,HUMAN RESOURCES,Recruitment Specialist,FT,Unknown,26/10/2023,,222000,Stanbic IBTC,5971350322,M.Sc,24,5,A,EMP-00189,Abuja Office,77687290477,44475383-3100
EMP-01179,Segun , Oduya,Mr,8/26/1989,segun_oduya@g-tech.com.ng,737095516,Plateau,MARKETING,Digital Marketing Officer,FT,Active,17-Apr-25,,"??285,000",First Bank,3072224028,Ph.D,16,7,Below Average,EMP-00664,LAGOS HQ,36062037602,n/a
EMP-00725,kemi,Musa,Female,3/28/1988,kemi_musa@g-tech.com.ng,2.34E+11,Benue,Customer_Service,CS Manager,FULL-TIME,Active,10.08.2021,,NGN 117000,UBA,6178776388,SSCE,13,5,5,EMP-00892,Ikeja,8567591056,38528929-7810
EMP-00441, Rotimi,Adeola,male,21/11/1991,rotimi441@gtech-solutions.ng,2.34E+13,Ondo,Finance Dept,Accountant,Part-Time,Active,7/20/2022,,"??440,000",Access Bank,216797022,B.Sc,10,15,D,EMP-00074,GRA PH,71698837161,79250561-7377
EMP-00155,Ronke ,Fayemi,Ms,28.01.2000,ronke_fayemi@gtech-solutions.ng,0082-263-2751,Imo,Legal,Compliance Officer,PT,Active,3/10/2020,,"N480,000",Sterling Bank,9898412960,Ph.D,1 year,5,C,EMP-00345,Abuja Office,n/a,63236763-9005
EMP-00241,CHINWE,Fayemi,Female,15/12/1996,fayemi.chinwe@gtechsolutions.com.ng,2.34E+12,Kaduna,Technology Dept,IT Support,part-time,Active,23/10/2019,,314000 NGN,Keystone Bank,"9,619,926,628",Ph.D,16,10,1,EMP-00390,Port Harcourt Branch,56775677722,61749546-7874
EMP-01250,Kehinde, Haruna,female,11-Oct-85,kehinde@gtech-solutions.ng,2.34E+12,Osun,TECHNOLOGY,Data Analyst,Part Time,Terminated,7-Nov-22,23-Sep-23,"N861,000",Stanbic IBTC,"3,337,589,670",B.Sc,7,2,Below Average,EMP-00518,Ikeja,68929247680,54262575-8681
EMP-00388, Kunle,Musa,MALE,2-Jul-99,kmusa@gtechsolutions.com.ng,2.34E+13,Kano,Operations,Facilities Manager,CONTRACT,Active,5-Feb-23,,307000,Access Bank,6618098259,TBD,4,5,N/A,EMP-00974,LAGOS HQ,19087886538,90234648-1764
EMP-01239,Blessing,Adeleke,Female,26.03.1978,blessing.adeleke@g-tech.com.ng,2.34E+12,Nasarawa,sales,Business Development Officer,Contract,Active,6/28/2022,,"#487,000",Polaris Bank,6833941665,n/a,12,5,D,Not Available,Lekki,88638419628,24216864-5285
EMP-00057,Chukwuemeka ,Babatunde,Male,10/1/2000,babatunde.chukwuemeka@gtech-solutions.ng,+234 085 478 4650,Benue,customer service,CS Manager,Part Time,Active,12/9/2021,,NGN 105000,Zenith Bank,9094089209,B.A,14,5,C,EMP-00208,Kano Office,88444310698,30614492-1893
EMP-00950, Kemi, Nzeka,Ms,26-Jun-96,kemi_nzeka@gtechsol.ng,2.34E+12,Enugu,Customer_Service,CS Manager,Contractor,Active,6/16/2020,,95000,Keystone Bank,662458993,Ph.D,11,21,Outstanding,EMP-00422,Port Harcourt Branch,12558898392,12813249-8818
EMP-00044,Lanre,adeyemi,MALE,19-Aug-94,lanre044@g-tech.com.ng,2.34E+12,Cross River,Legal Dept,Company Secretary,full-time,Active,7/2/2025,,NGN 329000,UBA,"8,709,662,258",B.A,19,14,1,EMP-00882,Abuja Office,88899375679,30232642-6651
EMP-01369,Chinwe ,AFOLABI,Ms,04.01.1975,cafolabi@gtech-solutions.ng,+234 078 358 0185,Ondo,TECHNOLOGY,Data Analyst,Part-Time,Active,13.01.2020,,"??772,000",Sterling Bank,273933100,Ph.D,#N/A,2,5,EMP-00065,#N/A,23357415181,43597595-3898
EMP-00879,Dele,lawal,MALE,6/1/1982,dele879@gtechsol.ng,+234 072 552 1177,Plateau,customer service,Customer Experience Officer,contract,Terminated,11-Jan-21,8/22/2023,NGN 243000,UBA,9529088019,OND,24,2,B,,Lekki,48252292546,47389079-9098
EMP-00601,chinedu,Musa,Mr,17/05/1994,chinedu.musa@gtech-solutions.ng,2.34E+11,N/A,supply chain,Logistics Coordinator,Contractor,Active,30-May-21,,"N207,000",Access Bank,"8,318,151,218",M.Sc,N/A,5,Excellent,EMP-00619,Port Harcourt Branch,84469888665,82982115-2214
EMP-00608,Adaora,Obi,FEMALE,15-Dec-90,aobi@gtechsolutions.com.ng,2.34E+12,Edo,HUMAN RESOURCES,HR Business Partner,Part Time,Terminated,28/03/2022,10/1/2022,"N397,000",Sterling Bank,2993950950,NIL,2,2,1,EMP-01027,Wuse II,17341880796,15375433-5062
EMP-00905, Uche,nwachukwu,M,05.10.1999,uche_nwachukwu@gtechsolutions.ng,0090-844-1169,Kaduna,Customer Service Dept,Customer Experience Officer,contract,NIL,2/25/2021,1/1/2023,"??174,000",FCMB,8721282352,HND,11,20,C,EMP-01289,GRA PH,96979339338,36295784-9634
EMP-00302,CHIDINMA,Adeyemi,Ms,10.10.1976,chidinma.adeyemi@g-tech.com.ng,2.34E+12,Kaduna,Technology,DevOps Engineer,CONTR,Active,13.01.2018,,"N317,000",Keystone Bank,3370970711,Ph.D,4,14,2,EMP-00783,Port Harcourt Branch,40779433256,79174221-5736
EMP-01355,AMAKA, Okafor,FEMALE,19-Jun-79,amaka.okafor@gtechsolutions.ng,2.34E+12,Ogun,Customer Service,CS Team Lead,part-time,Active,8-Jan-21,,201.0K,#N/A,2469632708,Ph.D,2,5,4,EMP-00567,VI Office,76105272375,36352061-6317
EMP-00148, Toyin,suleiman,Female,16-Jun-79,tsuleiman@gtechsol.ng,2.34E+12,Ekiti,HUMAN RESOURCES,HR Business Partner,full-time,Terminated,29-Nov-24,29.01.2025,288.0K,FCMB,"5,245,063,515",OND,17,14,2,EMP-00470,VI Office,38033968527,n/a
EMP-00449,Ifeoma,Afolabi,Ms,10/7/1990,ifeoma.afolabi@g-tech.com.ng,2.34E+13,Cross River,Supply Chain,Procurement Officer,Part-Time,Active,30.10.2021,,365000 NGN,UBA,329978596,M.Sc,13,20,Average,EMP-00285,lag hq,Not Available,15850133-1071
EMP-00539,Dapo ,Garba,m,9/13/1990,dapo539@gtechsolutions_ng,835915387,Rivers,supply chain,Warehouse Manager,FULL-TIME,Terminated,01.05.2020,7/21/2022,NGN 387000,Unknown,171978074,M.Sc,15,0,Needs Improvement,EMP-00455,LAGOS HQ,Not Available,38583750-6564
EMP-00784,Nkiruka,Okonkwo,F,6-May-89,nkiruka_okonkwo@gtechsolutions.com.ng,0088-164-0398,Nasarawa,Supply Chain Dept,Warehouse Manager,Full Time,Active,18-Jan-24,,NGN 285000,Sterling Bank,"4,920,926,782",Ph.D,6,10,D,EMP-00186,Kano Office,46037828035,90306501-2886
EMP-00523, Chioma,Aliyu,f,25-Dec-85,chioma523@gtech-solutions.ng,0074-398-7869,Lagos,Sales Dept,Senior Sales Rep,FULL-TIME,Active,5-Feb-24,,NGN 278000,UBA,3179690806,B.A,18,10,D,EMP-00293,Lagos Island,11608958970,24633723-6711
EMP-00101,Muyiwa,ALIYU,m,10.12.1994,aliyu.muyiwa@g-tech.com.ng,836920923,Abuja,Technology,DevOps Engineer,Contract,Active,6-Apr-23,,"??589,000",Fidelity Bank,5341281639,B.A,9,21,N/A,EMP-01237,GRA PH,75243728051,89932574-3525
EMP-01230,Gbenga,Adeyemi,M,9/18/1976,adeyemi.gbenga@g-tech.com.ng,826682317,Ekiti,Sales,Senior Sales Rep,CONTR,Active,24-Aug-18,,NGN 346000,Access Bank,5028409454,B.A,5,#N/A,C,EMP-01128,lag hq,32215634397,77619775-3336
EMP-01007,oluwatobi,Adeleke,male,15-Apr-86,oadeleke@g-tech.com.ng,2.34E+12,Benue,Legal,Legal Manager,FULL-TIME,Active,22/12/2021,,"#243,000",Fidelity Bank,1015106179,Ph.D,7,2,Good,EMP-00972,Lagos HQ,74460834864,NIL
EMP-01033,Kunle, Ogundele,male,6/12/1978,kunle.ogundele@gtechsol.ng,2.34E+12,Benue,Finance Dept,Treasury Officer,contract,Terminated,6/21/2020,5/5/2025,"#405,000",Ecobank,1257301808,HND,1,Not Available,5,EMP-01452,Wuse II,35002287408,59925665-8999
EMP-00099,Kunle ,Afolabi ,MALE,5/13/1992,kunle_afolabi@g-tech.com.ng,2.34E+13,Rivers,Technology Dept,Systems Administrator,Contractor,Active,28-May-25,,472.0K,Stanbic IBTC,6922377726,NIL,5,0,Needs Improvement,EMP-00002,lag hq,14036965666,38348941-3841
EMP-01203,OMOWUNMI,Nwachukwu,f,20.10.1979,omowunmi_nwachukwu@gtechsolutions.ng,0071-211-3837,Osun,Executive,Chief Technology Officer,Part-Time,Active,18.04.2021,,2880000,n/a,"8,975,293,549",HND,19,2,Good,,VI Office,5833494374,17903762-8038
EMP-01412,Adaora,Taiwo,FEMALE,10-Oct-84,adaora@g-tech.com.ng,2.34E+12,Lagos,Technology,Software Developer,CONTR,Terminated,5/4/2019,20-Jan-25,NGN 880000,FCMB,"4,164,751,372",MBA,21,14,Average,EMP-00278,Ikeja,76824584851,34461301-7981
EMP-01023,Muyiwa,Adegoke,MALE,5/22/1976,muyiwa@gtechsol.ng,2.34E+12,Ekiti,Technology,Product Manager,Full Time,Active,25.04.2025,,"??774,000",Stanbic IBTC,606245767,OND,17,12,Meets Expectations,EMP-01092,Ikeja,91864841212,n/a
EMP-00365,Tobi ,MOHAMMED,M,1/7/1985,tobi.mohammed@gtechsol.ng,769248819,NIL,Supply Chain,Warehouse Manager,Contractor,Active,9-Feb-18,,205000,UBA,2854109294,M.Sc,1 year,2,N/A,EMP-00788,lagos hq,32737989790,82716080-6518
EMP-00015,Funmilayo,musa,F,6/4/1983,funmilayo.musa@gtechsolutions.ng,2.34E+12,Ogun,MARKETING,Content Strategist,part-time,Active,14/08/2022,,"N277,000",Fidelity Bank,3878201524,M.Sc,#N/A,20,2,EMP-01431,Lagos HQ,93248086131,25766039-3522
EMP-01332,ifeanyi,mohammed,MALE,5/10/1977,ifeanyi.mohammed@gtechsolutions.com.ng,2.34E+13,Rivers,Human_Resources,HR Officer,FULL-TIME,Active,13.08.2024,,NGN 315000,Sterling Bank,2902874298,B.A,1,5,Average,EMP-00849,Lagos Island,98569103934,17760673-1966
EMP-00981,Remi,Afolabi,M,26-Aug-89,afolabi.remi@gtech-solutions.ng,2.34E+13,Delta,Executive,Chief Executive Officer,part-time,Active,2-Jan-21,,"#3,029,000",Fidelity Bank,4389745911,M.Sc,10,7,3,,lag hq,16084781822,96290309-5367
EMP-00049,Biodun,Okafor ,MALE,13/04/1977,biodun.okafor@gtechsolutions.com.ng,803023227,Anambra,Finance Dept,Accountant,CONTRACT,Active,28.12.2022,,536000,Polaris Bank,1334744286,NULL,24,5,D,EMP-00178,Port Harcourt Branch,96565234138,91549765-5668
EMP-00545,ayo,Chukwu,male,28.07.1982,ayo_chukwu@gtechsolutions.ng,874471157,Ekiti,EXECUTIVE,Chief Executive Officer,Full-Time,n/a,07.06.2020,,NGN 2407000,Stanbic IBTC,9744984402,M.Sc,2,0,5,n/a,Lagos Island,49560714876,76562797-8434
EMP-01149,Kehinde,Babatunde ,Ms,18/02/1978,kehinde.babatunde@gtechsol.ng,2.34E+12,Ondo,Finance,Finance Analyst,CONTRACT,Terminated,18/09/2023,1/7/2025,297.0K,Zenith Bank,4730678544,Ph.D,24,20,Meets Expectations,EMP-00609,GRA PH,98781339172,27465317-9499
EMP-00719,Joke,Okwu,F,28-Aug-75,joke.okwu@gtechsolutions.com.ng,756137166,Kano,Supply Chain Dept,Procurement Officer,full-time,Active,10/21/2020,,"N322,000",First Bank,4405783426,B.A,25,20,4,NULL,lagos hq,47798258753,59807975-7982
EMP-00710,AMAKA,Mohammed ,female,3-Jan-78,amaka@gtechsolutions.com.ng,2.34E+12,Imo,Human Resources,HR Officer,PART-TIME,Active,17-Jul-20,,"??324,000",FCMB,2186817839,B.Eng,N/A,21,Not Available,EMP-00846,Lagos - Head Office,52635951763,45397635-2792
EMP-00467,Damilola,Nwachukwu,Mr,26-Jun-88,nwachukwu.damilola@gtechsol.ng,2.34E+13,Ondo,Human Resources,HR Manager,part-time,Active,4/5/2020,,182000,Ecobank,"3,596,341,769",OND,10+ years,20,Meets Expectations,EMP-00765,Ikeja,Unknown,Unknown
EMP-00877,Akin,Chukwu,M,5/7/1981,akin877@gtech-solutions.ng,2.34E+12,Bayelsa,Finance,Internal Auditor,Full-Time,Active,3/14/2021,,"N508,000",UBA,5810814267,SSCE,21,0,Average,EMP-00942,Lekki,24308724478,86884840-1465
EMP-00926,Wale,Taiwo ,m,12.03.1978,wale_taiwo@g-tech.com.ng,885639536,Abuja,EXECUTIVE,Chief Technology Officer,part-time,Active,22/10/2019,,1872000 NGN,N/A,"7,534,376,878",OND,24,0,Good,N/A,lagos hq,47429636412,65288510-5967
EMP-00733,Uchechi,Nwachukwu,female,12/8/1985,unwachukwu@gtech-solutions.ng,0080-530-6182,Plateau,Sales Dept,Senior Sales Rep,PART-TIME,Active,22-Oct-24,,"#145,000",Sterling Bank,899897828,B.A,4,5,Exceeds Expectations,EMP-00238,Wuse II,16058019755,15642324-3791
EMP-01209, Kunle,nwachukwu,male,6/26/1988,kunle.nwachukwu@g-tech.com.ng,905169334,Rivers,Operations,Process Analyst,CONTR,Active,04.05.2018,,374000,Stanbic IBTC,2956742271,B.Sc,2,7,Needs Improvement,EMP-00118,Lekki,58153936223,92477368-4454
EMP-00704,Funmilayo,Yusuf,f,28-Mar-86,funmilayo.yusuf@gtech-solutions.ng,721149213,Benue,Human Resources,HR Manager,Part-Time,Terminated,19-May-19,01.07.2023,306000,FCMB,137917965,SSCE,13,NULL,5,EMP-00216,Kano Office,72733262776,68306505-6500
EMP-00145, Ifeoma,Usman,Ms,8/15/1990,ifeoma@gtechsolutions.com.ng,+234 072 769 8083,Ekiti,Executive,Chief Operating Officer,FT,Suspended,1/31/2018,,2625000,First Bank,8236315216,Ph.D,15,5,Below Average,,Kano Office,N/A,77698729-6341
EMP-00156, Obinna,OKAFOR,Mr,16-Oct-93,obinna.okafor@gtechsolutions.com.ng,2.34E+12,Enugu,Legal,Legal Manager,FULL-TIME,Active,5/7/2019,,NGN 262000,Ecobank,8100420507,MBA,1,20,Meets Expectations,EMP-01063,Wuse II,n/a,#N/A
EMP-00424,Shade ,Fayemi,FEMALE,21-Mar-77,sfayemi@gtechsolutions.ng,2.34E+12,Ogun,Marketing Dept,Brand Manager,PT,Active,20-Oct-20,,"#233,000",First Bank,2751153225,N/A,18,21,4,EMP-01119,Abuja Office,53811683710,76720006-4411
EMP-01031, Ifeanyi,Garba ,Mr,9/1/1987,ifeanyi.garba@gtechsolutions.ng,2.34E+11,Ogun,Operations Dept,Operations Manager,PT,Active,5/12/2018,,299000,Access Bank,"2,875,358,506",B.A,10,10,5,EMP-00116,Lagos HQ,TBD,26835130-3490
EMP-01082,Shade,Onuoha ,F,6/13/1988,shade_onuoha@gtechsol.ng,2.34E+13,Oyo,Operations Dept,Process Analyst,part-time,Inactive,20/07/2024,,"??113,000",Polaris Bank,1922545661,B.A,N/A,5,B,EMP-00797,Port Harcourt Branch,95787441128,NULL
EMP-00966,SOLA,Adewale,Mr,4-Feb-00,sola966@gtechsol.ng,0073-832-6823,Enugu,Executive Dept,Chief Financial Officer,CONTRACT,Active,1-Jan-19,,"N2,438,000",Fidelity Bank,"5,792,917,583",B.A,23,15,2,,#N/A,9414771682,91858303-9818
EMP-00835,Segun ,Nwachukwu ,Male,10/27/1977,segun_nwachukwu@gtech-solutions.ng,2.34E+11,Ekiti,Legal Dept,Company Secretary,CONTR,Active,4/5/2018,,644000,Zenith Bank,3721975060,B.Eng,5,2,Excellent,EMP-00310,GRA PH,99015059547,20552942-8120
EMP-01394,KUNLE,Adegoke,m,23-Dec-90,kunle@g-tech.com.ng,+234 070 646 6692,Benue,Sales,Sales Executive,full-time,Active,5/11/2024,,"N469,000",Ecobank,1681362827,MBA,19,12,Meets Expectations,EMP-00441,lagos hq,N/A,NULL
EMP-00732,Kunle,Adewale ,Male,9/20/2000,kunle.adewale@gtechsol.ng,0088-388-2405,Kaduna,Legal Dept,,FULL-TIME,On Leave,5/29/2025,,"#348,000",Stanbic IBTC,1190220066,HND,6,12,3,EMP-01112,lag hq,71180045015,19402342-2843
EMP-00423,Gbenga, Adeola,M,18.10.1996,gadeola@gtech-solutions.ng,2.34E+12,Benue,executive,Chief Technology Officer,Contract,Suspended,7/17/2024,,"#1,813,000",First Bank,214943071,HND,3,14,A,,Wuse II,66414753369,31374704-5727
EMP-00664, Bolu, Fayemi,Mr,8-Mar-93,fayemi.bolu@g-tech.com.ng,0082-440-1589,Delta,Marketing Dept,Marketing Executive,FT,Active,1/6/2025,,306.0K,Polaris Bank,9388375853,HND,13,n/a,N/A,EMP-01387,Port Harcourt Branch,61862869747,34140835-4532
EMP-00336,Titilayo,ODUYA,Female,12-Apr-88,titilayo_oduya@gtechsol.ng,2.34E+13,Cross River,Technology,DevOps Engineer,full-time,On Leave,4/29/2022,,686000,Stanbic IBTC,5041548888,B.Eng,12,14,Not Available,EMP-01216,Lagos HQ,51282763643,52146187-5751
EMP-00305, Yinka,Adesanya,FEMALE,5/15/1975,yadesanya@gtech-solutions.ng,+234 082 743 7932,Delta,legal,Legal Manager,Contract,Active,3/5/2025,,512.0K,UBA,3748773178,B.Eng,18,0,4,EMP-00820,Wuse II,,N/A
EMP-00550,ADAEZE, Aliyu,F,11/9/1991,aaliyu@gtech-solutions.ng,2.34E+12,Lagos,HUMAN RESOURCES,TBD,Full Time,Active,2/5/2024,,226.0K,FCMB,5660184267,MBA,10,21,3,EMP-00793,VI Office,17562752800,18970696-8320
EMP-01430,Ngozi,aliyu,Ms,7/4/1993,ngozi_aliyu@gtechsolutions.com.ng,2.34E+12,Abuja,TECHNOLOGY,Data Analyst,Part Time,NIL,18/09/2022,,754000,Keystone Bank,2274545353,B.Eng,16,10,Excellent,EMP-01156,VI Office,17171188221,26094506-8270
EMP-00651,Tobi,Akintola,Male,24-Nov-87,tobi651@g-tech.com.ng,+234 086 241 9895,Cross River,Supply Chain,Logistics Coordinator,PART-TIME,Active,16-Feb-24,,255000 NGN,Polaris Bank,"4,300,297,542",M.Sc,N/A,12,Outstanding,EMP-01078,Wuse II,47018977950,50434588-7156
EMP-01406,Joke,Nzeka,Ms,5/26/1994,joke406@gtech-solutions.ng,0090-352-3834,Osun,Sales,Sales Manager,PART-TIME,On Leave,4/20/2022,,194000,FCMB,6426356499,OND,8,0,D,EMP-00865,VI Office,16931824464,63590722-7281
EMP-01016, Remi,garba,male,15/05/1986,remi016@g-tech.com.ng,2.34E+12,Edo,LEGAL,Company Secretary,Part-Time,Active,21-Jan-22,,"??255,000",Access Bank,822662372,Ph.D,4,14,3,EMP-01123,Kano Office,53948072078,56537168-9487
EMP-01374,OKECHUKWU,Obiora,m,1/17/1980,oobiora@gtechsol.ng,771107311,TBD,Customer Service,Customer Experience Officer,full-time,Active,6/24/2020,,"N86,000",First Bank,"4,280,254,874",B.Eng,17,14,3,EMP-01348,Port Harcourt Branch,91706221789,65389968-1062
EMP-01025,Chinwe,Haruna,f,5/5/2000,chinwe.haruna@gtechsol.ng,2.34E+12,Kaduna,Human_Resources,HR Officer,Part-Time,Active,30-Mar-18,,NGN 407000,Ecobank,3418687219,M.Sc,#N/A,14,TBD,EMP-00692,Lekki,63636381392,28862113-3883
EMP-00715,Adaora,Akintola,Ms,15-Dec-93,adaora@gtechsolutions.com.ng,2.34E+12,Plateau,Human Resources,HR Officer,Contractor,Active,27-May-20,,172000,Fidelity Bank,5504481906,HND,15,14,Good,EMP-00421,GRA PH,24161195406,75493921-9401
EMP-00878,Segun ,Okafor,Mr,2-Mar-86,segun878@gtechsolutions.ng,2.34E+12,Plateau,OPERATIONS,Process Analyst,part-time,Active,2/4/2019,,367000,Stanbic IBTC,1335482872,M.Sc,12,0,Not Available,EMP-00566,Lagos HQ,77601231625,
EMP-00663,Blessing,Obiora,Ms,28-Mar-92,blessing@gtechsol.ng,2.34E+12,Ekiti,Customer Service,Customer Experience Officer,Part-Time,Active,7/26/2020,,125.0K,Sterling Bank,2561170588,Ph.D,14,7,Needs Improvement,EMP-00153,Lekki,67050680983,38121117-2109
EMP-00048,Kemi,Oduya,FEMALE,10/1/1985,kemi@gtechsolutions.com.ng,2.34E+12,Ekiti,Legal Dept,Company Secretary,full-time,Terminated,8-Feb-25,3/21/2025,"N406,000",Ecobank,"7,074,050,517",B.A,19,15,Unknown,EMP-00034,lag hq,NULL,16950770-7493
EMP-00594,Lola,Nwosu,F,9-Oct-75,lola.nwosu@gtechsol.ng,841359942,Ondo,Customer Service Dept,Customer Experience Officer,CONTRACT,Inactive,4/9/2020,,174000,Fidelity Bank,4556381817,MBA,22,2,C,EMP-00041,Lagos HQ,36091949081,16571117-1802
EMP-01183, Gbenga,Lawal,Mr,10/9/1977,gbenga.lawal@g-tech.com.ng,2.34E+11,Delta,Finance,Senior Accountant,PT,Active,25/04/2022,,"??446,000",Zenith Bank,8141930077,B.A,5,15,Below Average,EMP-00224,GRA PH,58884193626,38240162-2487
EMP-00557, Adunola,abdullahi,f,1/8/1986,adunola557@gtechsolutions.com.ng,2.34E+12,Anambra,Marketing,Marketing Analyst,contract,Active,10/23/2024,,476.0K,UBA,1163278106,B.A,3years,20,Good,EMP-00938,Lagos Island,71499863289,92629508-2458
EMP-01432,KEMI,Nwosu,female,10/24/1999,nwosu.kemi@gtechsol.ng,733490596,Delta,Executive,Chief Technology Officer,CONTRACT,Terminated,7/18/2022,27-Nov-24,3005000 NGN,Ecobank,537228613,SSCE,18,14,Average,,lag hq,4115166955,28233469-2406
EMP-00290,Toyin,Haruna,FEMALE,7/7/1993,toyin.haruna@gtech-solutions.ng,2.34E+12,Ekiti,marketing,Content Strategist,Full Time,On Leave,19.02.2021,,220000 NGN,Access Bank,9721507219,B.Sc,19,12,Not Available,EMP-00383,VI Office,72562926933,NIL
EMP-00671,Babatunde,Obiora,Male,8-Mar-89,babatunde@gtechsolutions.ng,897347837,Imo,Technology,IT Support,Full Time,N/A,5/16/2023,,"??534,000",Keystone Bank,6996324107,B.A,5,5,n/a,EMP-01190,VI Office,2695775266,85016912-1840
EMP-00400, Titi,Fashola,FEMALE,7/14/2000,tfashola@gtechsolutions.ng,2.34E+13,Osun,Legal,Legal Officer,Full-Time,Terminated,23/12/2022,11/14/2023,"#399,000",Ecobank,4318186851,OND,16,TBD,Meets Expectations,EMP-00678,Lagos HQ,6636050281,67570655-5357
EMP-00712,Bola,Ogundimu,Ms,11.05.1985,bola712@gtechsolutions.com.ng,721009163,Anambra,CUSTOMER SERVICE,CS Manager,Full-Time,On Leave,09.04.2023,,NGN 147000,GTBank,501679467,B.A,1,7,Good,EMP-01377,Kano Office,18172035796,N/A
EMP-01382,Oluwakemi , Haruna,f,9/3/1975,oharuna@gtechsolutions.ng,2.34E+12,Unknown,Technology,Systems Administrator,PT,Active,11/12/2019,,791000 NGN,Stanbic IBTC,"6,720,244,650",B.Sc,24,0,Outstanding,EMP-01219,LAGOS HQ,99401898926,87326081-4741
EMP-00700,rotimi,okafor,M,21-Jun-95,rotimi.okafor@gtechsolutions.ng,2.34E+13,#N/A,Marketing,Marketing Executive,FT,Active,22/07/2022,,397000 NGN,FCMB,"8,570,848,162",NIL,5,0,Good,EMP-00788,Lagos - Head Office,35658036383,75396050-3295
EMP-00286,YINKA,Nzeka,Female,7/8/1982,yinka@g-tech.com.ng,723741108,Imo,Human_Resources,Recruitment Specialist,FT,Terminated,4/19/2020,4/20/2021,182000,GTBank,4982151132,B.A,2,5,TBD,EMP-00603,lag hq,44037341678,29028482-8589
EMP-00105,Oluwaseun,OBIORA,M,2-Dec-00,oobiora@gtechsolutions.com.ng,2.34E+12,Kaduna,Sales,Business Development Officer,CONTR,Active,14/06/2021,,"??350,000",Polaris Bank,266974384,SSCE,NULL,0,Good,EMP-00200,Port Harcourt Branch,11179931365,63956682-6312
EMP-00095,Dapo, Okwu,Male,23-Apr-95,dapo.okwu@gtech-solutions.ng,+234 071 660 0104,Lagos,Technology,Data Analyst,Contract,Terminated,29-Apr-20,25-Sep-22,"#673,000",GTBank,5397989823,B.Sc,7,12,Exceeds Expectations,EMP-00073,Ikeja,78576084958,37952515-6434
EMP-00430,Chukwuemeka,Okonkwo ,male,4/12/1991,chukwuemeka.okonkwo@gtech-solutions.ng,0070-891-4020,Osun,customer service,CS Manager,Full Time,Active,6/14/2023,,116000 NGN,#N/A,984331397,Ph.D,7,21,#N/A,NIL,Lagos Island,13511350535,69457952-3385
EMP-00691,Joke,Ajayi,female,02.01.1990,joke691@gtechsol.ng,2.34E+13,Ogun,LEGAL,Legal Officer,Full Time,On Leave,8/4/2024,,"N396,000",Fidelity Bank,"5,453,593,718",B.Sc,8,20,Unknown,EMP-00988,Port Harcourt Branch,18425195617,58934098-6504
EMP-00076,Adaora,Usman,F,17-Dec-76,adaora.usman@gtechsol.ng,2.34E+12,Plateau,Finance,Finance Analyst,CONTR,Active,4/27/2019,,517000 NGN,Stanbic IBTC,3576180666,SSCE,20,14,Excellent,EMP-00015,Abuja Office,63565126944,66849468-6990
EMP-01491,Oluwakemi,GARBA,female,11/18/1983,oluwakemi491@g-tech_com_ng,2.34E+13,Abuja,operations,Process Analyst,Contractor,Suspended,4/24/2019,,"??193,000",Stanbic IBTC,9971242562,Ph.D,6,15,2,EMP-00734,Wuse II,Unknown,
EMP-00957, Shade,ADESANYA,Ms,6/8/1990,sadesanya@gtechsolutions.ng,+234 077 705 7339,Osun,Finance,Treasury Officer,Part Time,Active,7/6/2021,,"#335,000",Zenith Bank,9963397256,HND,22,14,5,EMP-00650,Lagos - Head Office,64220699255,Not Available
EMP-00836, Obinna,suleiman,M,14/04/1981,obinna_suleiman@gtech-solutions.ng,2.34E+11,Abuja,SALES,Senior Sales Rep,Part-Time,On Leave,11-Jan-21,,386000 NGN,UBA,4671877121,HND,20,2,Exceeds Expectations,EMP-00221,lag hq,90913641765,Not Available
EMP-00866,Gbenga ,Okonkwo,MALE,6/4/1985,gokonkwo@gtechsolutions.ng,2.34E+12,Abuja,TECHNOLOGY,Software Developer,CONTR,Active,04.10.2018,,"N403,000",First Bank,8043334301,M.Sc,4,14,Needs Improvement,EMP-00357,Port Harcourt Branch,62133459582,59328546-7518
EMP-01484, Dupe,Okwu,female,2/23/1995,dupe@gtechsolutions.com.ng,+234 085 348 2864,Rivers,HUMAN RESOURCES,HR Manager,PART-TIME,Active,16-May-18,,166.0K,GTBank,991167535,Ph.D,TBD,15,4,EMP-00314,Lagos - Head Office,6632673958,78904228-5007
EMP-01498,Adebayo ,Adesanya,M,8/11/1996,aadesanya@gtech-solutions.ng,2.34E+12,Imo,customer service,Customer Experience Officer,FULL-TIME,Active,03.04.2019,,"??236,000",Access Bank,3271072419,SSCE,18,20,Average,EMP-00183,Lagos HQ,86216494202,80169557-2160
EMP-00016,Oluwakemi,Onuoha,Ms,10.01.1983,oluwakemi.onuoha@gtech-solutions.ng,2.34E+12,Plateau,Customer_Service,CS Manager,contract,Active,13-Sep-23,,114.0K,First Bank,5916199809,OND,7,7,4,Unknown,lagos hq,Unknown,12059919-3361
EMP-00642,chinwe,Oduya,F,3/2/1979,oduya.chinwe@gtechsolutions.ng,2.34E+11,Osun,Operations Dept,Facilities Manager,part-time,Active,12.05.2018,,246000 NGN,Sterling Bank,1932649106,MBA,10,10,Meets Expectations,EMP-00752,GRA PH,64792464299,69345636-3843
EMP-00752,adaora,Usman,f,12/8/1985,adaora.usman@gtechsol.ng,2.34E+12,Benue,sales,Sales Executive,Full Time,Inactive,5/27/2023,,348000,Fidelity Bank,574447791,MBA,14,15,Good,EMP-00042,Lagos - Head Office,78649958700,95429521-3051
EMP-01325,Chukwuemeka, Babatunde,M,5-Jun-77,chukwuemeka.babatunde@gtech-solutions.ng,0070-152-8724,Abuja,customer service,CS Manager,CONTRACT,Terminated,22/12/2020,2/10/2023,136000 NGN,FCMB,2853949337,NIL,18,12,D,EMP-00219,Port Harcourt Branch,267458618,98571147-5220
EMP-00086,DUPE,Nwofor,f,20.09.1990,nwofor.dupe@g-tech.com.ng,762656810,Nasarawa,Finance,Accountant,Full-Time,Active,5/9/2018,,428000,Ecobank,1286387753,M.Sc,12,14,Good,EMP-00545,lagos hq,41381138633,43388408-3931
EMP-01151,ebele,Ajayi ,female,11/10/1987,ebele@gtech-solutions.ng,2.34E+13,Anambra,HUMAN RESOURCES,Learning & Development Officer,Full-Time,Active,22-Jan-23,,289.0K,Zenith Bank,"9,172,282,008",MBA,20,0,A,EMP-01447,Lagos HQ,40137489678,67507151-4647
EMP-00554,Nkiruka,Adeleke,female,13-Aug-88,nkiruka.adeleke@gtech-solutions.ng,2.34E+12,Ondo,Customer Service,CS Manager,part-time,Terminated,31-Aug-18,12/16/2021,148.0K,,3938250312,B.Eng,25,5,N/A,NULL,lag hq,45257330907,44616150-1642
EMP-00363,Niyi,Okonkwo ,Male,7/1/1995,nokonkwo@gtech-solutions.ng,2.34E+13,Ondo,LEGAL,Compliance Officer,Full-Time,Active,20-May-21,,602000,First Bank,274831935,M.Sc,1,5,A,EMP-00461,Ikeja,79480245598,61306730-1607
EMP-01198,Bola,Fashola,FEMALE,6-Oct-94,bfashola@gtechsolutions.ng,2.34E+11,Ekiti,Marketing Dept,Marketing Executive,Full-Time,Active,3/8/2025,,NGN 200000,GTBank,8920912798,HND,3years,20,2,EMP-00312,lag hq,19368757412,78222499-8756
EMP-00338,FOLAKE,OGUNDIMU,F,10/14/1983,folake_ogundimu@gtech-solutions.ng,+234 071 510 0919,Anambra,Supply Chain,Supply Chain Analyst,Part-Time,Terminated,4/20/2023,02.10.2023,184.0K,UBA,8663806541,MBA,11,12,B,EMP-01193,LAGOS HQ,8619931458,44812710-6361
EMP-00738,Damilola,Fayemi,m,8/12/1982,fayemi.damilola@gtechsolutions.com.ng,2.34E+11,Ogun,Sales,Senior Sales Rep,Contractor,Active,12/26/2023,,"N441,000",Ecobank,836401630,Unknown,Unknown,14,Below Average,EMP-00009,Lagos - Head Office,1985754738,10031902-9879
EMP-00661, Nkiruka,Ogundimu ,female,23-Sep-92,nkiruka_ogundimu@gtechsolutions.ng,2.34E+12,Ondo,SALES,Business Development Officer,PART-TIME,Active,5/2/2024,,439.0K,Zenith Bank,2214131980,M.Sc,n/a,21,Exceeds Expectations,EMP-01094,Lagos Island,30818363293,70091423-1139
EMP-01042,Bola ,OKONKWO,f,1-Oct-90,bola.okonkwo@gtechsolutions.ng,2.34E+12,Osun,Technology,Software Developer,Contract,Active,7/28/2018,,720.0K,UBA,3191999057,SSCE,6,0,NULL,EMP-00368,Lagos Island,61651758666,64146628-6814
EMP-01480,Dupe,YUSUF,Female,11/15/1997,dupe480@gtechsolutions.ng,906853335,Imo,Sales,Business Development Officer,part-time,On Leave,17-Jun-24,,310000 NGN,First Bank,"3,598,352,430",B.Eng,14,10,Needs Improvement,NIL,Lagos - Head Office,12900210796,42719537-7171
EMP-01340,Gbenga ,Abdullahi,MALE,9/6/1979,gbenga.abdullahi@gtech-solutions.ng,2.34E+12,Bayelsa,Customer_Service,Customer Service Rep,Part-Time,Active,1/27/2018,,202000,Keystone Bank,5833576723,M.Sc,17,15,2,EMP-01241,Abuja Office,71762696728,28393957-6892
EMP-00911,adunola,Aliyu,Female,28/07/1985,aaliyu@g-tech.com.ng,+234 081 342 4447,Oyo,executive,Chief Technology Officer,Contract,Active,06.02.2020,,1031.0K,Keystone Bank,5033725939,HND,20,2,3,n/a,Wuse II,65471927054,51077760-9675
EMP-01441, Adebayo, Yusuf,M,12/19/1994,adebayo_yusuf@gtech-solutions.ng,719120978,Delta,marketing,Marketing Analyst,Contractor,Active,22-Jan-19,,"#251,000",UBA,4400256371,OND,23,10,Good,Unknown,Abuja Office,1563391807,94033966-9152
EMP-00913, Kelechi,Mohammed ,Male,27.02.1978,kelechi.mohammed@g-tech.com.ng,0075-521-3838,Ekiti,Customer_Service,Customer Service Rep,Part Time,Active,19-Jan-21,,"N158,000",GTBank,1115562798,B.A,NIL,7,3,EMP-00333,Wuse II,3463328742,65948131-6241
EMP-01013,Babatunde, Okwu,MALE,3-Apr-79,babatunde@gtech-solutions.ng,779679470,Plateau,Marketing,Content Strategist,FT,Active,4-Nov-20,,"#431,000",Polaris Bank,367499636,B.Sc,17,14,2,EMP-01290,lag hq,99158973037,53043124-9642
EMP-01431,Blessing,Adewale,Female,8/15/1986,blessing@gtechsolutions.ng,2.34E+11,Abuja,Operations Dept,Facilities Manager,Part Time,Active,12/18/2024,,221.0K,Access Bank,9608212784,B.A,17,14,NIL,EMP-01046,Kano Office,84377211831,56072712-2398
EMP-01169,Yemi,okwu,MALE,6/17/1995,yemi@gtech-solutions.ng,2.34E+11,Kaduna,TECHNOLOGY,Product Manager,CONTRACT,NIL,6/7/2020,,NGN 403000,Zenith Bank,8012636497,HND,19,5,Outstanding,EMP-00350,Kano Office,97522883209,75776905-5288
EMP-00844,Titilayo ,Nwofor,Ms,08.04.1998,tnwofor@gtechsol.ng,2.34E+12,Delta,Sales Dept,Sales Manager,Full-Time,Terminated,4/6/2023,12-Jul-23,"#494,000",Zenith Bank,1195335609,B.Sc,22,14,Good,EMP-00230,Wuse II,95111578723,Not Available
EMP-00680,blessing,Nwofor,Female,24-Oct-80,blessing680@gtechsolutions.com.ng,2.34E+12,Ogun,OPERATIONS,Operations Coordinator,part-time,Active,10.06.2018,,371000 NGN,First Bank,"1,606,180,423",Ph.D,21,2,B,EMP-00999,GRA PH,N/A,45939576-1263
EMP-00107,Damilola,Babatunde,MALE,24/02/1976,dbabatunde@g-tech.com.ng,0071-711-0145,Oyo,Human_Resources,HR Officer,Full-Time,Active,17.10.2019,,152000,Ecobank,"9,209,762,858",B.A,11,2,Below Average,EMP-00845,Lekki,17970623972,28307917-8499
EMP-01495,CHINEDU,musa,Male,02.09.1997,chinedu@gtechsol.ng,2.34E+12,Benue,Executive Dept,Chief Executive Officer,Full-Time,Active,10/31/2018,,"#1,503,000",First Bank,"3,347,324,593",SSCE,11,10,Outstanding,,lag hq,90066632258,68527930-1077
EMP-00478,OLUWASEUN,Taiwo,M,9-Aug-84,oluwaseun@gtechsolutions.ng,2.34E+12,Oyo,SUPPLY CHAIN,Procurement Officer,Full-Time,Active,25/03/2021,,208.0K,Ecobank,"2,715,554,518",B.Eng,13,12,Outstanding,EMP-01145,Wuse II,76569931360,27176774-3261
EMP-00046,Adunola ,Nwofor,Female,5/4/1982,adunola@gtech-solutions.ng,0089-242-1902,Bayelsa,Executive,Chief Technology Officer,part-time,Active,2/19/2023,,2018000,Sterling Bank,3521166052,MBA,5,15,A,,Kano Office,n/a,49203644-1535
EMP-01281,biodun,Eze,male,1/6/1977,biodun@gtech-solutions.ng,2.34E+12,Edo,executive,Chief Technology Officer,full-time,Active,5/8/2021,,1854000 NGN,Access Bank,"1,010,342,318",SSCE,3,15,2,,Lagos - Head Office,1832579816,99526525-4789
EMP-00328, Funmilayo, Usman,F,26.01.1981,funmilayo.usman@gtechsol.ng,+234 087 495 6910,Enugu,Executive Dept,Chief Technology Officer,full-time,Active,6/2/2022,,2293.0K,First Bank,"9,544,081,115",B.A,24,21,Exceeds Expectations,,GRA PH,45353659746,89812200-9237
EMP-01231,Yemi,SULEIMAN,MALE,9/12/1986,yemi.suleiman@gtechsol.ng,2.34E+12,Ondo,Finance,Senior Accountant,PT,Active,12/20/2021,,583000,Polaris Bank,7869448814,MBA,6,5,Below Average,EMP-00482,Ikeja,3228889702,Not Available
EMP-01117,Remi,YUSUF,male,9/5/1975,remi_yusuf@g-tech.com.ng,2.34E+12,Nasarawa,Human Resources,HR Officer,CONTRACT,Terminated,26-Apr-25,27.05.2025,"#394,000",Polaris Bank,1940356911,HND,17,0,Needs Improvement,EMP-00926,lag hq,80768790244,46692059-3596
EMP-01101,gbenga,Usman,m,10-Jul-82,gbenga_usman@gtechsolutions.ng,0089-235-3223,Ogun,CUSTOMER SERVICE,Customer Experience Officer,FT,Active,7/5/2024,,NGN 168000,UBA,585313059,B.A,5 yrs,2,B,EMP-01330,Wuse II,28442718045,22283191-3879
EMP-00234,adekunle,Nwachukwu ,MALE,18-Mar-77,adekunle@gtechsol.ng,2.34E+11,Anambra,Customer_Service,Customer Experience Officer,FT,Active,1/14/2023,,137000 NGN,Polaris Bank,9634729829,B.Eng,7,20,5,EMP-00074,Abuja Office,6211369572,15509893-9251
EMP-01468,Ronke ,Nwachukwu,f,21-Jan-85,ronke_nwachukwu@gtech-solutions.ng,803578563,Imo,Legal,Compliance Officer,Full-Time,Active,5/10/2018,,675000,Stanbic IBTC,6939977940,Ph.D,23,20,Average,EMP-00733,Lagos Island,44168605257,46863333-9359
EMP-01320,IFEANYI,Adeyemi,MALE,18-May-83,ifeanyi.adeyemi@gtechsolutions.ng,2.34E+12,Ondo,Customer_Service,Customer Experience Officer,Part Time,Active,8/6/2023,,249.0K,First Bank,1086128353,MBA,2,2,5,EMP-00810,Kano Office,70554565154,47351526-3882
EMP-00219,Onyinye,Abdullahi,female,9-Dec-96,onyinye@g-tech.com.ng,778731003,Lagos,Technology,Product Manager,contract,Active,5/29/2020,,"??729,000",Zenith Bank,8960435535,B.A,2,12,Exceeds Expectations,EMP-00684,lagos hq,18182819793,67840690-5536
EMP-00433,Uchechi , Haruna,f,5/6/1979,uchechi433@gtech-solutions.ng,875730909,Imo,Operations Dept,Facilities Manager,Part Time,Active,09.01.2020,,114.0K,UBA,645183069,B.A,11,10,Excellent,EMP-01022,#N/A,25703332959,34331410-4641
EMP-01270,Uchechi ,Ogundimu,female,24-Apr-97,uchechi270@gtechsolutions.com.ng,2.34E+12,Kaduna,finance,Senior Accountant,FT,NIL,18.08.2020,,467.0K,GTBank,8885602659,HND,18,5,#N/A,EMP-01315,Lagos Island,51559648703,28176707-2983
EMP-00764,Chidinma,ALIYU,Ms,1-Feb-77,aliyu.chidinma@gtechsolutions.com.ng,2.34E+12,Rivers,customer service,Customer Experience Officer,Contract,Active,6-Dec-23,,"??229,000",Zenith Bank,"6,215,195,812",M.Sc,10,10,Exceeds Expectations,EMP-00232,Port Harcourt Branch,77638319180,41264011-9396
EMP-00636,Chukwuemeka,Okonkwo,Mr,4-Aug-99,okonkwo.chukwuemeka@gtechsolutions.com.ng,2.34E+11,Ekiti,Finance Dept,Treasury Officer,Part-Time,Terminated,04.11.2021,12/2/2023,600000,Unknown,4215558262,B.A,2,0,4,EMP-01473,lag hq,34912321600,90571364-4517
EMP-00125, Kunle,ADEGOKE,Mr,6-Oct-99,kadegoke@gtechsolutions.com.ng,2.34E+12,Cross River,Supply Chain Dept,Warehouse Manager,Full-Time,Terminated,4/14/2020,18/05/2021,206.0K,Polaris Bank,1635885849,MBA,16,10,Excellent,EMP-00090,Ikeja,#N/A,33892205-4933
EMP-01452,kemi,Adeleke ,Female,24/08/2000,kemi.adeleke@gtech-solutions.ng,2.34E+13,Anambra,Legal Dept,Company Secretary,part-time,Active,9/11/2020,,531000,Zenith Bank,"9,416,858,598",HND,15,0,D,EMP-00992,Wuse II,71642074375,71781826-8783
EMP-00325,Amaka , Adesanya,female,2-Mar-96,adesanya.amaka@gtechsolutions.com.ng,2.34E+11,Delta,Supply Chain Dept,Logistics Coordinator,Full Time,Active,8/10/2018,,NGN 229000,FCMB,"8,533,341,510",M.Sc,NULL,0,5,EMP-00568,lagos hq,22775213530,Not Available
EMP-00277,Damilola,SULEIMAN,MALE,4/14/1981,damilola277@g-tech.com.ng,2.34E+12,Edo,HUMAN RESOURCES,Recruitment Specialist,full-time,Active,20/06/2024,,"??151,000",Ecobank,5505411721,Ph.D,9,2,Meets Expectations,EMP-00536,Lagos Island,28773836381,42511183-3537
EMP-01399,Adebayo,Lawal,Mr,27-Apr-92,adebayo399@g-tech.com.ng,2.34E+12,Ogun,Marketing Dept,Marketing Executive,Full-Time,Active,2-Dec-19,,208000,Ecobank,1403105299,SSCE,22,7,Meets Expectations,EMP-00727,GRA PH,Unknown,81636712-1097
EMP-00856,Remi,ADEYEMI,Mr,4/8/1998,remi.adeyemi@gtechsolutions.ng,874966308,Cross River,human resources,Recruitment Specialist,FT,Active,5/9/2018,,317.0K,First Bank,5741459197,MBA,Unknown,2,Average,EMP-00780,Lagos - Head Office,54715433825,75064008-7720
EMP-00987,BIODUN,Okwu ,m,5/26/1994,biodun_okwu@gtechsolutions.com.ng,2.34E+12,Cross River,legal,Legal Officer,contract,On Leave,7/25/2019,,NGN 223000,#N/A,5990177741,Ph.D,12,0,3,EMP-00607,Ikeja,4147140887,87360963-6722
EMP-01104,Chinwe ,Ibrahim,f,27/08/1991,ibrahim.chinwe@gtechsolutions.ng,2.34E+12,Abuja,TECHNOLOGY,Systems Administrator,Part-Time,Active,5/30/2022,,"#778,000",First Bank,"3,761,441,863",OND,21,2,D,n/a,Lagos Island,#N/A,85934342-8289
EMP-00654,Nneka ,Okafor,Ms,14-Feb-98,nokafor@gtechsol.ng,824073627,Kaduna,executive,Chief Technology Officer,contract,Active,28.07.2018,,"??1,639,000",Access Bank,249252046,B.A,20,20,4,,Lagos HQ,55360622306,65992782-8707
EMP-00578,Adebayo,Okafor,MALE,11/16/1993,aokafor@g-tech.com.ng,2.34E+13,Plateau,Sales Dept,Senior Sales Rep,FT,Active,08.09.2024,,320.0K,Sterling Bank,548789993,SSCE,Not Available,5,N/A,EMP-00060,lag hq,56707181292,63569894-2554
EMP-00770,Gbemi,Adeola,male,1-Jul-81,gbemi.adeola@gtech-solutions.ng,2.34E+12,Rivers,Human_Resources,NULL,FT,Active,5-Dec-20,,"N397,000",Access Bank,3620789967,SSCE,15,5,A,EMP-00142,Lagos Island,16379058482,69808943-4079
EMP-00263,muyiwa,FAYEMI,male,4/6/1984,muyiwa.fayemi@g-tech.com.ng,816993668,Oyo,legal,Legal Officer,FULL-TIME,Active,1-Jul-19,,NGN 631000,Access Bank,"5,303,932,022",M.Sc,20,2,3,EMP-01434,Ikeja,40652775844,63833929-7848
EMP-00301,Bola,Abdullahi,FEMALE,12/14/1988,bola_abdullahi@gtech-solutions.ng,834048854,Ondo,Technology,n/a,Full Time,Active,3/16/2020,,828000,First Bank,873535054,M.Sc,5,21,4,EMP-01433,Lagos HQ,Unknown,99461018-8657
EMP-01391,S@d3,AKINTOLA,Ms,28/11/1990,akintola.sade@gtech-solutions.ng,813466349,Ogun,Operations,Operations Manager,CONTRACT,Active,17.07.2021,,"N289,000",Fidelity Bank,788024027,M.Sc,12,10,A,EMP-00760,GRA PH,26348550023,14081060-8562
EMP-00676,blessing,Babatunde,female,7/1/1997,blessing_babatunde@gtechsolutions.com.ng,2.34E+11,Ekiti,MARKETING,Brand Manager,CONTRACT,Active,8/14/2024,,"??350,000",N/A,3988687160,MBA,13,15,Exceeds Expectations,EMP-00002,Port Harcourt Branch,97176350642,71541402-3576
EMP-00446,Bisi,Balogun,F,24-Mar-93,balogun.bisi@gtechsol.ng,863382146,,operations,Operations Officer,contract,Active,28/07/2022,,184000 NGN,GTBank,937393441,M.Sc,Not Available,10,Outstanding,EMP-00235,LAGOS HQ,3356369301,17632213-1617
EMP-00252,DAMILOLA,Fayemi ,Male,3/22/1993,damilola@gtechsolutions.ng,2.34E+12,Rivers,Supply Chain Dept,Warehouse Manager,Part Time,Active,2/7/2022,,"??244,000",GTBank,5669672948,MBA,,20,Below Average,EMP-00545,Lagos HQ,25373377731,84226771-9870
EMP-00616,Akin,Okwu,M,11.07.1998,akin.okwu@gtech-solutions.ng,+234 084 785 6093,Enugu,Operations,Operations Manager,Part-Time,Active,14/06/2019,,162.0K,NULL,1693213711,OND,2,10,1,EMP-00348,Wuse II,27677423935,39128328-4755
EMP-01147,Kunle,Babatunde,Mr,7-Dec-83,kunle.babatunde@gtechsolutions.com.ng,2.34E+12,Ekiti,FINANCE,Accountant,part-time,On Leave,14.08.2020,,"#630,000",Fidelity Bank,9071532681,B.A,18,20,1,EMP-01035,VI Office,18623937840,72132751-2108
EMP-00488,Ebele,akintola,female,13-Sep-91,ebele.akintola@g-tech.com.ng,+234 077 889 9980,Osun,customer service,Customer Experience Officer,Part Time,Inactive,14.01.2020,,186000,Zenith Bank,9698124329,M.Sc,4,20,Outstanding,EMP-01268,Lekki,57446532554,20255700-2792
EMP-01059,Chioma,Nzeka ,FEMALE,1/4/1981,chioma059@g-tech.com.ng,2.34E+12,Kano,Executive,Chief Technology Officer,PT,Inactive,4/12/2021,,916000,UBA,"3,023,235,513",HND,11,20,5,,Lagos Island,38068414579,56608760-8446
EMP-00630,Oluwatobi,Onuoha ,male,7/23/1989,onuoha.oluwatobi@gtechsol.ng,0090-194-5805,Anambra,TECHNOLOGY,IT Support,part-time,Active,27-Aug-19,,257.0K,Zenith Bank,8706812481,n/a,25,,Good,EMP-00434,Port Harcourt Branch,67754658617,98324669-6063
EMP-00567,ADAORA,Taiwo,f,6/7/1982,ataiwo@gtechsolutions.com.ng,+234 080 351 9917,Lagos,Customer Service Dept,Customer Service Rep,Full-Time,Suspended,1/22/2022,,"N94,000",Keystone Bank,5563483717,M.Sc,23,0,Outstanding,EMP-01186,Lagos Island,31414087834,36418676-8628
EMP-00775,Chukwuemeka,Garba,MALE,17/09/1975,chukwuemeka.garba@gtech-solutions.ng,2.34E+12,Kaduna,SUPPLY CHAIN,Supply Chain Analyst,Part Time,Active,19-Feb-24,,362000,Keystone Bank,1834702352,B.Sc,9,0,Needs Improvement,EMP-00889,Abuja Office,31813722938,10927942-6005
EMP-01396,Ifeanyi,Ogundimu,m,19-Jul-93,ifeanyi396@gtechsolutions.ng,2.34E+12,Benue,Finance,Accountant,Part-Time,Active,4/29/2020,,506000,Ecobank,4849044461,B.Sc,9,7,C,EMP-00086,GRA PH,Not Available,NIL
EMP-00965,Shade, Akintola,Ms,23/08/1983,shade965@g-tech.com.ng,+234 075 820 1829,Oyo,finance,Finance Analyst,PT,Active,12/7/2024,,NGN 233000,Polaris Bank,1368491725,HND,5,14,4,EMP-01132,Ikeja,11924912830,67392668-3837
EMP-00439,Nike ,Akintola,Female,23.05.1991,nike_akintola@gtechsolutions.com.ng,858778606,Oyo,Sales,Senior Sales Rep,Contract,Active,1/26/2018,,296000,First Bank,7414223131,SSCE,5,21,3,EMP-01470,Ikeja,70636328630,
EMP-00138,Muyiwa,HARUNA,m,9-Jan-82,muyiwa_haruna@g-tech.com.ng,849314364,n/a,Technology Dept,Product Manager,part-time,Active,25.07.2022,,"N780,000",Polaris Bank,379185779,MBA,7,10,TBD,EMP-00050,LAGOS HQ,43173505831,93156815-8184
EMP-01041,Obinna,Mohammed,Male,10-Oct-76,obinna@g-tech.com.ng,2.34E+11,Cross River,Supply Chain,Warehouse Manager,Part Time,Active,23-Feb-25,,NGN 228000,First Bank,388709470,HND,23,0,Outstanding,EMP-01106,Lekki,67763966352,Unknown
EMP-01224,Yemi,obiora,M,1-Sep-91,obiora.yemi@g-tech.com.ng,+234 075 990 7653,Nasarawa,Human_Resources,Learning & Development Officer,contract,Active,11/18/2023,,411000,Polaris Bank,3827374975,n/a,NIL,15,Outstanding,#N/A,LAGOS HQ,91929447633,71112498-9005
EMP-00399,TUNJI,Ajayi ,Male,12/4/1996,tunji.ajayi@g-tech.com.ng,2.34E+12,Lagos,Technology Dept,IT Support,Part-Time,Active,24.06.2018,,869000,Keystone Bank,486548221,B.Eng,9,20,N/A,EMP-00494,Abuja Office,60472205397,73894187-8821
EMP-01259,NNAMDI,Lawal,M,6-Sep-95,nnamdi259@gtechsolutions.com.ng,2.34E+12,Ondo,OPERATIONS,Operations Manager,Contractor,Terminated,16.10.2018,2/18/2022,232000,Polaris Bank,1254369610,SSCE,TBD,15,2,EMP-00144,N/A,63684263361,88699872-2550
EMP-00880, Biodun,Usman,male,14-Jul-83,biodun@gtechsolutions.ng,0079-366-0131,Edo,Finance,Senior Accountant,PART-TIME,Active,11-Jul-20,,"??562,000",Fidelity Bank,"1,230,028,463",B.Eng,6,10,N/A,EMP-00738,Lekki,TBD,15368933-4097
EMP-00982,Titi,Ajayi,female,19/12/1994,tajayi@gtech-solutions.ng,2.34E+12,Ondo,Technology,DevOps Engineer,Part Time,Active,7/9/2021,,518000 NGN,Keystone Bank,8150485169,Ph.D,10,2,Outstanding,EMP-01232,Lagos Island,25913720677,Unknown
EMP-00055,Yinka, Mohammed,female,4/22/1978,yinka055@gtech-solutions.ng,718913550,Imo,supply chain,Supply Chain Analyst,contract,Active,6/16/2020,,263000,UBA,1772303297,MBA,12,0,A,EMP-01155,Kano Office,Unknown,10091737-6435
EMP-00028,Blessing ,Adegoke ,Female,2-Aug-97,blessing.adegoke@gtechsol.ng,2.34E+13,Ekiti,Human Resources Dept,HR Officer,full-time,Active,14/12/2021,,"N219,000",FCMB,8544878538,M.Sc,4,14,D,EMP-00792,Port Harcourt Branch,75841616928,23770458-2311
EMP-01311,chinedu,Musa,MALE,4/9/1985,chinedu.musa@gtechsolutions.com.ng,885793798,Anambra,Operations,Operations Manager,CONTRACT,Active,8-Jul-22,,344000,FCMB,5659792990,M.Sc,2,5,4,EMP-01062,LAGOS HQ,78961783225,90287546-2707
EMP-00348,chukwuemeka,Garba,Mr,10/28/1988,chukwuemeka348@gtechsol.ng,2.34E+11,Enugu,Supply_Chain,Procurement Officer,Part-Time,Active,10/21/2024,,329000,First Bank,430851868,M.Sc,13,5,A,EMP-00193,Ikeja,98992553946,11212316-8280
EMP-00512,Ngozi,Usman,Female,3/14/1982,usman.ngozi@gtechsolutions.ng,2.34E+13,Bayelsa,Human Resources,HR Manager,contract,Active,23-Nov-24,,"N225,000",GTBank,4040918202,B.Eng,20,12,Below Average,EMP-00463,Lekki,474867948,95305783-9500
EMP-00627,Dapo,Nwofor,male,9-Dec-84,dnwofor@gtechsol.ng,881695678,Anambra,Operations Dept,Operations Officer,Full Time,Terminated,5/24/2019,7/28/2023,"N148,000",Keystone Bank,"2,950,759,402",NULL,24,5,Needs Improvement,,LAGOS HQ,59841420248,56509823-1807
EMP-01293,Dele, Adeleke,M,9/7/1980,dele.adeleke@gtechsolutions.ng,2.34E+11,Nasarawa,Supply Chain,Procurement Officer,Contract,Active,8-Feb-22,,259.0K,Access Bank,"4,365,185,641",#N/A,9,7,N/A,EMP-00488,Port Harcourt Branch,12947299263,14367672-1548
EMP-01156,AMAKA,Eze,female,1/15/1992,amaka.eze@g-tech.com.ng,2.34E+11,Nasarawa,finance,Finance Analyst,Contract,Active,15/01/2020,,590000 NGN,Polaris Bank,"9,301,553,361",HND,18,2,1,Not Available,Wuse II,48359127536,50423135-8749
EMP-00212,Chidi,mohammed,m,25.11.1996,chidi212@gtech-solutions.ng,2.34E+12,Delta,technology,Data Analyst,PART-TIME,Terminated,12-Dec-21,5/16/2024,863000,FCMB,9499295746,SSCE,10+ years,5,Below Average,EMP-01338,Lekki,9329981996,53623487-5095
EMP-00474,Lanre,ALIYU,m,3/24/1996,lanre_aliyu@g-tech.com.ng,2.34E+13,Cross River,Finance,Senior Accountant,PART-TIME,Terminated,5/10/2021,2/26/2022,181000,FCMB,2458503016,Ph.D,12,Not Available,Meets Expectations,EMP-00548,Lekki,81539885217,54005745-6631
EMP-01387,Oluwaseun,BALOGUN,male,22-May-92,oluwaseun.balogun@gtechsolutions.com.ng,2.34E+12,Abuja,Human Resources,Recruitment Specialist,Part Time,Active,31-May-22,,"N222,000",Access Bank,5108192461,B.A,22,0,A,EMP-01183,LAGOS HQ,1207308163,Not Available
EMP-01253,Akin,Okonkwo ,Male,14.12.1986,aokonkwo@gtechsol.ng,2.34E+12,Enugu,MARKETING,Digital Marketing Officer,contract,Active,12/8/2023,,251000,Polaris Bank,1218277968,B.Eng,6,14,Excellent,EMP-00832,Ikeja,54077488168,11414249-5569
EMP-01288,Chukwuemeka,Nwofor,male,13-Mar-82,chukwuemeka.nwofor@gtechsolutions.com.ng,2.34E+13,Ondo,HUMAN RESOURCES,HR Business Partner,Full Time,Not Available,4/26/2020,,"??369,000",Fidelity Bank,"4,391,031,428",SSCE,TBD,5,N/A,EMP-01363,Lagos Island,77070345621,54360740-3239
EMP-01318,SEGUN,Lawal ,male,7/28/1977,segun318@gtech-solutions.ng,2.34E+13,Kano,Executive Dept,NIL,FT,Active,29.08.2023,,852000,Fidelity Bank,6683683048,OND,3,7,Outstanding,,Wuse II,40291332276,37782640-3953
EMP-01489,Kehinde,Babatunde,Ms,24-Feb-83,kehinde_babatunde@gtech-solutions.ng,0083-247-3809,Enugu,Operations,Facilities Manager,Part-Time,Active,20.06.2024,,"#198,000",Fidelity Bank,"9,130,993,825",Ph.D,25,15,Exceeds Expectations,EMP-00583,Kano Office,23892565846,36592260-8897
EMP-01286,Chiamaka , Obi,Ms,14/04/2000,chiamaka@gtech-solutions.ng,2.34E+11,Rivers,Marketing,Marketing Executive,Contract,Active,15/11/2018,,274.0K,Polaris Bank,879111382,MBA,7,20,Average,EMP-00327,VI Office,22189870162,44187325-5401
EMP-01171,Niyi,OKAFOR,Male,6/25/1981,niyi.okafor@gtech-solutions.ng,907239860,Rivers,marketing,Marketing Analyst,Full-Time,Active,8/9/2020,,215000,Ecobank,3318881285,NULL,3,15,Needs Improvement,EMP-00259,Lagos - Head Office,68686630709,65452589-5650
EMP-01491,Oluwakemi,GARBA,female,11/18/1983,oluwakemi491@g-tech.com.ng,2.34E+13,Abuja,operations,Process Analyst,Contractor,Suspended,4/24/2019,,193000,Stanbic IBTC,9971242562,Ph.D,6,15,2,EMP-00734,Wuse II,Unknown,
EMP-00239,Sola,ONUOHA,M,15.11.1998,onuoha.sola@gtechsolutions.com.ng,2.34E+12,,Supply Chain,TBD,CONTRACT,Active,5-Sep-20,,"#254,000",#N/A,489045292,HND,14,12,A,EMP-01132,Lagos Island,71581021312,30670352-4882
EMP-01248,Ifeoma,NWACHUKWU,FEMALE,7/3/1977,ifeoma@gtechsolutions.com.ng,0070-844-1703,Osun,Executive,Chief Executive Officer,full-time,Active,12/6/2020,,NGN 3490000,Polaris Bank,3333714386,MBA,20,10,Outstanding,,lag hq,84446117954,59393726-8509
EMP-01063,Adaora,CHUKWU,f,21.11.1998,adaora_chukwu@gtechsolutions.com.ng,2.34E+12,Plateau,FINANCE,Finance Manager,PART-TIME,Active,15.05.2022,,439000,GTBank,1630664206,HND,2,2,Outstanding,EMP-00043,TBD,39947834881,63220893-1103
EMP-00888,Kayode,Okwu,m,12-Apr-82,kayode888@gtechsolutions.ng,0074-517-4803,Ogun,Customer Service,CS Manager,contract,Active,3/15/2024,,135000,Stanbic IBTC,"6,557,196,017",OND,n/a,21,Below Average,EMP-01302,Lekki,91577014111,80910930-2768
EMP-01390,Okechukwu,Nwosu,MALE,20-Oct-75,okechukwu.nwosu@gtechsol.ng,+234 075 277 8775,Anambra,Executive Dept,Chief Executive Officer,Full-Time,Active,5/31/2020,,1894000,Fidelity Bank,8442983316,#N/A,24,14,Below Average,,Lagos - Head Office,40501368194,98772268-7075
EMP-01284, Uchechi,Yusuf,F,26/09/1997,uchechi284@gtechsolutions.com.ng,2.34E+11,Plateau,Supply_Chain,Logistics Coordinator,Full-Time,On Leave,11/14/2021,,NGN 213000,First Bank,"2,670,152,729",HND,2,5,1,EMP-00936,VI Office,31302203735,59050980-4813
EMP-01383, Joke,Adeola,female,12/12/1986,joke.adeola@gtech-solutions.ng,2.34E+12,Benue,Sales,Business Development Officer,full-time,Active,3-Jan-20,,"N480,000",Fidelity Bank,4149038169,HND,20,0,Meets Expectations,EMP-01431,Lagos Island,74154633441,21789731-3899
EMP-01226, Adekunle,Yusuf,M,27.03.1993,adekunle.yusuf@gtechsol.ng,2.34E+12,Enugu,MARKETING,Marketing Analyst,part-time,Active,3/28/2020,,"N288,000",Fidelity Bank,990791518,HND,19,15,N/A,EMP-00616,lag hq,33962599917,13934871-3986
EMP-00625, Akin,Fayemi ,Male,4/2/1983,akin625@gtechsolutions.com.ng,2.34E+13,Abuja,technology,Software Developer,Part-Time,Terminated,27/08/2022,12/12/2023,457000 NGN,Sterling Bank,873268640,M.Sc,11,15,Outstanding,EMP-00729,Lekki,14369745783,70809589-9949
EMP-00871,Obinna ,Usman,Mr,27-Feb-96,obinna871@gtechsolutions.ng,2.34E+11,Ekiti,Marketing,Digital Marketing Officer,CONTR,Active,10-Sep-18,,"#428,000",Fidelity Bank,5982678164,B.A,3,0,3,EMP-01201,Lekki,57349438563,58120389-9387
EMP-00480,ADUNOLA,nwachukwu,Ms,8-Mar-81,adunola.nwachukwu@gtechsol.ng,2.34E+12,Oyo,Marketing,Content Strategist,CONTR,Active,31.12.2023,,"#211,000",Stanbic IBTC,482646756,MBA,20,10,Needs Improvement,EMP-00551,GRA PH,97521353175,54258702-3599
EMP-00740,Niyi,Nwachukwu ,male,13/01/1994,niyi_nwachukwu@gtech-solutions.ng,2.34E+13,Imo,Executive,Chief Financial Officer,Contractor,Terminated,3/22/2023,14/11/2023,"N972,000",Keystone Bank,6434114540,OND,5,20,Average,,Lekki,36436531459,47574051-7108
EMP-01473,Tunde, Usman,Mr,12/2/1997,tusman@g-tech.com.ng,2.34E+12,Benue,Finance,Treasury Officer,full-time,Active,2-May-18,,381.0K,FCMB,855160156,B.A,n/a,0,2,EMP-00351,Ikeja,91671613701,Unknown
EMP-01358,Ebele ,Usman ,Ms,11/7/1991,ebele358@gtechsolutions.ng,+234 083 998 7745,Bayelsa,Legal,Legal Manager,CONTR,Active,2/25/2021,,"??570,000",Access Bank,6242479280,Not Available,9,20,Needs Improvement,EMP-01407,Lagos Island,87583318390,27413527-2420
EMP-00924,Obiageli,Obiora ,FEMALE,16-Dec-92,obiageli@gtechsol.ng,2.34E+12,NULL,finance,Accountant,FT,n/a,22/12/2019,,"#460,000",Polaris Bank,9945834685,B.A,16,14,B,EMP-01243,LAGOS HQ,19194874612,98508414-2367
EMP-00137,TAIWO,Adegoke,f,4/3/1986,taiwo@g-tech.com.ng,2.34E+11,Imo,customer service,Customer Experience Officer,PART-TIME,Inactive,26/02/2022,,193000 NGN,Zenith Bank,5225369518,B.Sc,21,10,Exceeds Expectations,EMP-00397,GRA PH,99219212493,46819677-4143
EMP-01054,adaeze,Akintola ,F,6-Jan-92,aakintola@gtechsolutions.ng,+234 077 976 3336,Nasarawa,Customer Service Dept,Customer Experience Officer,Contract,Active,15-Jul-24,,"??150,000",Zenith Bank,"2,642,208,133",B.Eng,22,14,Average,EMP-00113,Lagos Island,7247660531,92775654-8875
EMP-01062,Chidinma,Okonkwo,Ms,3/5/1980,chidinma.okonkwo@gtechsol.ng,859543081,TBD,Customer Service Dept,CS Manager,full-time,Active,10.05.2018,,175000,Zenith Bank,7651400072,OND,2,0,2,EMP-00003,lagos hq,72170466870,99999952-2980
EMP-00004,Gbemi, Okwu,MALE,7/7/2000,gbemi@gtechsolutions.com.ng,2.34E+12,Abuja,Sales,Sales Executive,Full-Time,Active,14.02.2021,,NGN 229000,First Bank,"2,419,179,580",SSCE,7,15,N/A,EMP-00512,Abuja Office,81080132677,63826716-1960
EMP-01411,Femi,Okonkwo,Male,6-Nov-79,femi411@gtechsolutions.com.ng,0083-173-8516,Kano,FINANCE,Treasury Officer,part-time,Inactive,20-Sep-23,,439.0K,Access Bank,2102569148,M.Sc,23,0,B,EMP-00265,Port Harcourt Branch,97604027183,#N/A
EMP-01180,KEMI,ODUYA,F,10/25/1985,kemi180@gtechsolutions.com.ng,2.34E+12,Kaduna,customer service,Customer Service Rep,PT,Active,10/19/2024,,NGN 178000,GTBank,719431726,HND,6,15,Needs Improvement,EMP-00854,Port Harcourt Branch,TBD,13360235-4803
EMP-01335,Blessing,nwofor,FEMALE,11-Jun-83,blessing.nwofor@gtechsol.ng,2.34E+12,Anambra,HUMAN RESOURCES,Recruitment Specialist,FULL-TIME,Active,13.11.2021,,133.0K,Fidelity Bank,7117000726,n/a,19,2,N/A,EMP-00305,Lagos - Head Office,61815797764,37047524-8657
EMP-01418,Oluwaseun,OKWU,MALE,17/12/1979,oluwaseun418@gtechsolutions.ng,2.34E+13,Ekiti,Customer_Service,Customer Service Rep,part-time,N/A,4/2/2021,,182000,Sterling Bank,1124943934,OND,24,20,Good,Unknown,GRA PH,94923592027,99584630-1890
EMP-00701,Bola,Nwofor,f,20/11/1982,bola@gtechsolutions.com.ng,785565868,Plateau,supply chain,Procurement Officer,full-time,NIL,4/30/2021,,"#214,000",Access Bank,1948892092,MBA,1,14,NIL,EMP-00918,Ikeja,98166881303,83225650-5817
EMP-01081,Adunola,Fashola,Female,8/8/1978,fashola.adunola@gtech-solutions.ng,893276586,Oyo,EXECUTIVE,Chief Technology Officer,full-time,Active,25.05.2018,,1257000,Access Bank,115150111,M.Sc,6,14,2,,Lagos - Head Office,41108002649,53166747-8808
EMP-00405,Dele,Ogundimu ,MALE,11-Aug-76,dele@g-tech.com.ng,2.34E+12,Bayelsa,legal,Legal Officer,CONTRACT,Active,3/6/2023,,"#364,000",Stanbic IBTC,3256022785,HND,25,5,Exceeds Expectations,EMP-00957,Abuja Office,80664707038,41949215-7200
EMP-00685,Onyinye,Afolabi,female,4/20/1993,afolabi.onyinye@gtechsol.ng,0077-416-0647,Rivers,Customer_Service,Customer Service Rep,CONTRACT,Terminated,3-May-23,21-May-24,244000,Ecobank,7641124062,B.A,17,12,Below Average,EMP-00578,Lekki,36383968788,33668758-1259
EMP-00834,tobi,Akintola,m,6/28/1994,tobi_akintola@gtechsolutions.ng,846494633,Delta,Human_Resources,TBD,full-time,Inactive,10/13/2021,,336.0K,FCMB,1380302193,#N/A,7,12,5,EMP-00965,Wuse II,36863644498,14074591-7615
EMP-00783,Chinedu ,Adesanya ,M,7/16/1994,chinedu.adesanya@gtechsolutions.ng,2.34E+12,Kano,Sales Dept,Sales Manager,PART-TIME,Suspended,5/4/2022,,430000,#N/A,"7,008,382,795",B.A,5 yrs,21,3,EMP-00417,lagos hq,69769413667,83269627-9534
EMP-00079, Rotimi,Okafor,m,4/24/1981,rokafor@gtech-solutions.ng,2.34E+13,Rivers,Customer Service,Customer Experience Officer,Part-Time,Active,19/12/2021,,226000,Keystone Bank,5000316394,B.A,12,15,3,EMP-01047,Kano Office,20867808562,26155543-9490
EMP-00354,BIODUN,Nwosu,MALE,22/06/1980,bnwosu@gtech-solutions.ng,+234 085 429 3355,Nasarawa,Supply Chain Dept,Warehouse Manager,Full Time,Terminated,15.12.2021,9/22/2024,398000,Keystone Bank,4820907884,NIL,4,15,3,EMP-01017,Ikeja,62969143362,87254618-5209
EMP-01479,Adekunle ,Oduya ,M,20/06/1995,oduya.adekunle@g-tech.com.ng,2.34E+12,Ekiti,Finance Dept,Senior Accountant,FT,Active,10/11/2023,,579.0K,Keystone Bank,9173983449,B.Sc,12,20,Average,EMP-01347,Port Harcourt Branch,n/a,24468057-3525
EMP-00760,Femi,Ogundele,male,17.04.1977,femi.ogundele@gtechsolutions.com.ng,+234 081 721 9833,Abuja,Legal Dept,Legal Manager,CONTR,Active,7/12/2019,,537.0K,Keystone Bank,3916253772,B.Eng,12,7,5,EMP-00029,Kano Office,31752523243,29427364-2572
EMP-00528, Bisi,Nwachukwu,FEMALE,16-Aug-75,bisi528@g-tech.com.ng,2.34E+11,Kaduna,supply chain,Supply Chain Analyst,Part Time,Active,10/25/2021,,"N146,000",Ecobank,6397356123,MBA,NIL,5,4,EMP-00773,lag hq,69022209755,63742264-2706
EMP-00110,Oluwakemi,Fayemi,f,7-Feb-97,oluwakemi.fayemi@gtechsolutions.com.ng,2.34E+12,Rivers,Technology Dept,Software Developer,Contract,Terminated,28-Nov-23,22/04/2025,794000,Fidelity Bank,6777704180,B.A,10,20,Exceeds Expectations,EMP-00910,Lagos HQ,10385695579,81157706-9986
EMP-00410,Sola,NWACHUKWU,Mr,21/07/1999,sola_nwachukwu@g-tech.com.ng,2.34E+12,Abuja,Sales,Senior Sales Rep,Full Time,Suspended,5-May-18,,262000,FCMB,9798289219,SSCE,9,10,Good,EMP-00725,Lekki,74809573940,TBD
EMP-00590,uzoamaka,Nwachukwu,Ms,1/10/1981,uzoamaka@gtechsolutions.com.ng,2.34E+12,Bayelsa,Marketing Dept,Marketing Analyst,Contract,Active,9/1/2020,,447000,Access Bank,5864933145,HND,15,7,Below Average,EMP-00916,lag hq,43192743126,57162770-7523
EMP-00640,tolu,Ogundele,FEMALE,3-Jun-84,tolu.ogundele@gtechsolutions.ng,883571587,Ekiti,customer service,Customer Service Rep,CONTR,Not Available,4/29/2018,,89000 NGN,Fidelity Bank,5850075959,B.Eng,11,5,A,EMP-01320,Wuse II,98735872729,35524774-4521
EMP-00051,KEMI,Babatunde ,FEMALE,9/17/1986,kbabatunde@gtech-solutions.ng,703302031,Benue,Human Resources Dept,HR Officer,Contract,Active,19/05/2025,,191.0K,GTBank,"3,614,915,281",Ph.D,19,15,NULL,EMP-00754,Lagos - Head Office,91380003075,30144023-3932
EMP-00236,Dotun ,Haruna,m,26-Jul-75,dotun.haruna@gtechsol.ng,2.34E+12,Cross River,Technology,IT Support,PART-TIME,Active,05.07.2020,,428.0K,Polaris Bank,595268964,SSCE,24,14,1,EMP-00817,Wuse II,33939578654,Unknown
EMP-00346,chioma,Adewale ,Ms,04.04.1997,chioma.adewale@g-tech.com.ng,835658782,Plateau,Finance,Senior Accountant,Part-Time,Active,24.11.2024,,602000,Keystone Bank,4718759226,n/a,18,20,,EMP-00669,Lagos Island,83805826929,18381597-1977
EMP-01175,Lola,Adeola,female,1/16/1998,ladeola@gtechsolutions.ng,0072-831-9211,Rivers,Supply Chain Dept,Logistics Coordinator,part-time,Terminated,2/7/2018,4-Jan-19,"N323,000",Polaris Bank,950641104,OND,7,21,Not Available,EMP-00905,Port Harcourt Branch,33586234223,27599581-3362
EMP-00383,Titilayo,Nwosu,F,11.09.1976,titilayo_nwosu@g-tech_com_ng,756709174,Imo,Customer Service,CS Manager,full-time,On Leave,1/6/2022,,NGN 94,Stanbic IBTC,769237519,MBA,1,10,Outstanding,EMP-00345,Kano Office,N/A,81576118-4004
EMP-00600,AMAKA,Haruna,Ms,4-Jun-99,haruna.amaka@gtechsol.ng,0086-229-1707,Plateau,MARKETING,Digital Marketing Officer,Part-Time,Terminated,7/27/2018,14-Jun-21,NGN 422000,Ecobank,980291070,HND,20,10,Average,EMP-00688,Kano Office,36650285915,52881821-2909
EMP-00491, Onyinye,Mohammed,f,6-Jun-79,omohammed@gtechsolutions.com.ng,0077-212-3816,Imo,Finance,Finance Analyst,Part-Time,Active,2/9/2021,,350000,Keystone Bank,"6,975,415,540",HND,20,12,Meets Expectations,EMP-00394,GRA PH,6573517454,39215462-6655
EMP-01140,damilola,Obi,m,18-Aug-87,damilola_obi@g-tech.com.ng,2.34E+13,Ogun,Technology Dept,DevOps Engineer,contract,Active,05.04.2024,,"#848,000",GTBank,3699308921,B.Eng,24,NIL,D,EMP-00596,lag hq,38508825704,55239487-6707
EMP-01136,Chiamaka,Ogundimu,female,12/21/1992,ogundimu.chiamaka@gtechsolutions.com.ng,888396880,Benue,Executive Dept,Chief Operating Officer,FULL-TIME,Active,6-Mar-20,,NGN 3022000,FCMB,3456727401,B.Sc,17,21,Average,,lag hq,48088057498,75068298-6901
EMP-01472,Toyin ,Yusuf,F,6/16/1992,tyusuf@g-tech.com.ng,802180728,Lagos,sales,Sales Executive,Full-Time,Active,21.03.2023,,NGN 334000,Zenith Bank,2925853236,B.Sc,10,14,D,EMP-01184,lag hq,74920503182,41674404-7183
EMP-00714, Tunde,Fayemi,m,21/04/2000,tunde_fayemi@gtechsolutions.com.ng,2.34E+12,Ogun,TECHNOLOGY,DevOps Engineer,CONTR,Active,3/25/2021,,468.0K,Access Bank,284747216,NIL,17,0,1,EMP-00570,Ikeja,73343597369,22586832-7988
EMP-00284,Chioma,adeleke,f,3/25/1996,adeleke.chioma@g-tech.com.ng,2.34E+12,Rivers,CUSTOMER SERVICE,Customer Experience Officer,CONTRACT,Inactive,26-Oct-18,,135000,Keystone Bank,"6,919,736,734",B.Eng,2,5,NIL,EMP-00890,Lekki,N/A,#N/A
EMP-00666,Uzoamaka,Garba,F,10-Apr-95,uzoamaka_garba@gtechsolutions_ng,2.34E+12,Cross River,Customer Service,Customer Experience Officer,Full-Time,Active,2/10/2022,,N186,GTBank,1598210433,OND,21,15,5,EMP-00160,NIL,46017262803,64388464-6105
EMP-00262,Amaka,Aliyu,f,19-Jul-87,amaka.aliyu@gtech-solutions.ng,2.34E+13,Kano,TECHNOLOGY,IT Support,Full-Time,On Leave,3/17/2023,,"#350,000",Zenith Bank,338376734,OND,12,7,Exceeds Expectations,EMP-00812,Lekki,34392529596,
EMP-00206,If3om@, Nwosu,F,9/8/1981,ifeoma206@gtechsolutions.com.ng,0080-945-1778,Oyo,Executive,Chief Technology Officer,PT,Terminated,31.03.2025,5/18/2025,"??1,649,000",Keystone Bank,3442596476,B.Eng,1,15,Below Average,,Port Harcourt Branch,20797996673,60092039-6535
EMP-00026, Tunji,Lawal,MALE,6/22/1981,tunji_lawal@gtechsolutions.ng,2.34E+11,Delta,Operations,Operations Manager,Part Time,Suspended,8/30/2020,,255000,FCMB,2879792991,B.Eng,18,20,2,EMP-00329,Wuse II,61375060685,20952896-7142
EMP-00574,lola,ABDULLAHI,f,7/4/1991,lola.abdullahi@gtechsolutions.ng,2.34E+11,Ondo,Sales,N/A,PT,Active,8-Aug-23,,"N158,000",Zenith Bank,4218578783,B.Eng,19,7,N/A,EMP-01197,Abuja Office,23726432058,86183837-8189
EMP-00972,OKECHUKWU,Okafor,Male,6/10/1977,okechukwu.okafor@gtechsolutions.com.ng,2.34E+12,Osun,Marketing,Digital Marketing Officer,full-time,Active,21.05.2025,,NGN 471000,FCMB,715851001,OND,4,7,B,EMP-01124,Kano Office,74001980110,43288211-3697
EMP-01255, Niyi, Okafor,MALE,8-Sep-89,niyi255@g-tech.com.ng,2.34E+11,Delta,Sales,Business Development Officer,full-time,Active,18.11.2020,,NGN 365000,Zenith Bank,2150697523,OND,4,2,Exceeds Expectations,EMP-00814,Ikeja,83356638828,69935006-1144
EMP-01402,uchechi,Ogundele,FEMALE,2/1/1996,uchechi402@gtechsol.ng,898284865,Kaduna,Customer Service Dept,Customer Service Rep,FULL-TIME,On Leave,9/23/2019,,193000 NGN,Fidelity Bank,2472439756,M.Sc,23,21,C,EMP-00743,VI Office,56406056432,11449849-1808
EMP-00985, Lanre,Nzeka,m,22-Oct-84,nzeka.lanre@gtechsol.ng,2.34E+12,Cross River,CUSTOMER SERVICE,CS Manager,CONTRACT,Active,30-Jan-18,,249.0K,UBA,9849200794,HND,9,7,3,EMP-01191,Lagos HQ,56440314822,93156209-5265
EMP-00994,Tobi,Okwu,Mr,5/22/1998,tobi_okwu@gtechsolutions.ng,+234 079 193 9836,Nasarawa,marketing,Brand Manager,full-time,Active,28.12.2023,,"??433,000",First Bank,515106539,M.Sc,19,12,3,EMP-00931,Abuja Office,37201701175,54686948-7413
EMP-00129,Nike ,Adeyemi,FEMALE,21.11.1988,nike.adeyemi@gtech-solutions.ng,2.34E+12,Anambra,operations,Process Analyst,Contractor,Active,18/06/2020,,283000,Polaris Bank,6771780593,OND,14,15,5,EMP-00038,Lagos Island,22801561931,75278845-5224
EMP-00518,KEMI,Fayemi,Ms,8/3/1990,fayemi.kemi@gtech-solutions.ng,781407823,Nasarawa,SUPPLY CHAIN,Warehouse Manager,PART-TIME,Active,6/30/2020,,338000,GTBank,4795865199,Not Available,23,10,4,EMP-00239,lagos hq,60323584180,52879199-6647
EMP-00127,Yetunde,AJAYI,Female,10-Dec-88,yetunde@g-tech.com.ng,2.34E+12,Edo,Executive,Chief Operating Officer,FT,Active,4/12/2019,,2695000,UBA,3514994916,SSCE,22,TBD,Unknown,,Lekki,N/A,12132081-4083
EMP-00394, Blessing,Ajayi,Ms,28-Aug-98,blessing394@g-tech.com.ng,2.34E+12,Delta,Executive,Chief Technology Officer,Contractor,On Leave,13-Aug-24,,"??3,260,000",First Bank,9128398798,B.Eng,17,10,4,,Wuse II,Unknown,63538936-3405
EMP-00853, Gbemi,Afolabi ,M,11/16/1975,gbemi.afolabi@g-tech.com.ng,2.34E+12,Nasarawa,Operations,Operations Coordinator,FULL-TIME,Terminated,05.08.2023,1/10/2024,"??236,000",Stanbic IBTC,7745580128,Ph.D,1 year,21,B,EMP-00897,Lagos Island,52275942673,75011680-3940
EMP-00930, Bisi,OKONKWO,FEMALE,4-Jan-85,bokonkwo@gtechsol.ng,2.34E+12,Rivers,customer service,Customer Experience Officer,part-time,Active,17/06/2018,,"??146,000",Zenith Bank,3751618532,MBA,13,14,N/A,EMP-00313,Port Harcourt Branch,64543676879,74258784-6009
EMP-00272,ROTIMI,Adeola,male,24-Feb-80,adeola.rotimi@gtechsolutions.ng,2.34E+11,Bayelsa,Human_Resources,HR Business Partner,full-time,Terminated,2-Sep-21,9/11/2024,"#344,000",Stanbic IBTC,3269150598,M.Sc,11,7,Exceeds Expectations,N/A,Abuja Office,23603768118,28216197-4616
EMP-00940, Damilola, Adeleke,Mr,10/27/1992,damilola940@gtechsolutions.com.ng,702082931,Bayelsa,OPERATIONS,Facilities Manager,PART-TIME,Active,7-Jun-20,,"??173,000",Ecobank,"8,906,688,050",Not Available,Not Available,15,Good,Not Available,GRA PH,79904636919,24954493-9459
EMP-00589,Tolu,Adesanya,f,8-Apr-78,adesanya.tolu@g-tech.com.ng,706709813,Abuja,Marketing Dept,Brand Manager,CONTRACT,Active,02.12.2023,,466000,First Bank,239928802,B.Sc,16,0,Outstanding,EMP-01123,Lekki,89170052291,56918723-8522
EMP-00483,Lola,HARUNA,female,11.06.1977,lola483@gtechsol.ng,2.34E+13,Kano,Executive,Chief Executive Officer,PT,Active,2/8/2022,,3366000,Stanbic IBTC,396728099,SSCE,12,20,NIL,,Unknown,51991981775,30559033-5543
EMP-00820,Emeka,Aliyu,M,28-Oct-97,ealiyu@g-tech.com.ng,744099282,Enugu,finance,Treasury Officer,Contractor,Suspended,3/30/2019,,"#480,000",Access Bank,1490758999,B.A,23,21,C,EMP-01124,Abuja Office,12927243067,92883552-9464
EMP-00486,adaeze,Ajayi,f,11/10/1985,adaeze@g-tech.com.ng,2.34E+13,Imo,Finance Dept,Senior Accountant,contract,Active,12-Jul-23,,"??430,000",Stanbic IBTC,407655932,Ph.D,12,0,Good,EMP-00898,Lekki,49078692855,Not Available
EMP-01322,Femi,Babatunde,MALE,12/4/1988,femi.babatunde@gtechsol.ng,0088-832-0871,Kano,Marketing,Marketing Executive,FULL-TIME,Active,28-Jul-19,,284.0K,Ecobank,566356596,HND,8,21,B,EMP-00911,Abuja Office,53522938629,81990718-8804
EMP-01075,Kehinde,BABATUNDE,FEMALE,11/9/1976,kehinde@gtechsol.ng,2.34E+12,Osun,Legal,Legal Officer,Part-Time,Active,26-Nov-21,,"N413,000",Polaris Bank,"2,254,342,831",Ph.D,6,20,2,EMP-00829,Lagos HQ,49091261935,59498486-2658
EMP-01268,Ronke,Okafor,F,17.11.1994,ronke.okafor@gtechsolutions.com.ng,2.34E+12,Delta,FINANCE,Accountant,CONTR,Active,6/14/2024,,394000 NGN,Stanbic IBTC,8313633642,HND,24,5,4,EMP-00472,Lagos HQ,42956030293,88025932-6540
EMP-01499,gbenga,Nwofor,m,11-Dec-97,gbenga@gtechsolutions.ng,+234 087 321 2574,Ondo,operations,Process Analyst,Full-Time,On Leave,8/9/2023,,328000 NGN,Keystone Bank,8667309157,OND,12,7,,EMP-01002,Kano Office,23499372699,87473232-2985
EMP-00943,emeka,Nwosu,MALE,8/1/1977,nwosu.emeka@g-tech.com.ng,+234 088 105 0043,Ondo,EXECUTIVE,Chief Operating Officer,PT,Active,2/10/2020,,2734.0K,Stanbic IBTC,279784053,B.A,24,0,Excellent,,lag hq,55000444156,Not Available
EMP-01155,Femi, Nwofor,Mr,22/09/1991,femi@gtechsolutions.com.ng,0077-127-8055,Abuja,operations,Operations Coordinator,CONTRACT,Active,3/1/2025,,"#204,000",Access Bank,9884037800,B.Sc,#N/A,12,Good,N/A,Abuja Office,#N/A,24398546-3712
EMP-00514,Kemi,Okonkwo,female,8/7/1978,kemi.okonkwo@gtech-solutions.ng,2.34E+12,Bayelsa,sales,Sales Manager,contract,Suspended,7/14/2022,,"N229,000",FCMB,3506573122,B.Eng,13,7,Outstanding,EMP-01350,Wuse II,14134931796,Not Available
EMP-00795,BOLU,Yusuf,M,8/16/1996,bolu.yusuf@gtechsolutions.com.ng,0079-488-6701,Nasarawa,Sales,Business Development Officer,Full-Time,Active,13/02/2022,,274000,FCMB,398345602,B.Sc,5,5,Exceeds Expectations,EMP-01339,,68686464147,56965181-6093
EMP-01084,Dotun,Babatunde,Mr,19/06/1988,dotun.babatunde@gtechsol.ng,+234 076 594 1681,Not Available,technology,DevOps Engineer,Part-Time,Inactive,06.06.2021,,NGN 649000,Ecobank,3857223655,Ph.D,3,14,Needs Improvement,NIL,Port Harcourt Branch,35113952254,48409117-6924
EMP-00532,Kelechi,Mohammed,Male,2-Mar-86,kelechi@gtechsolutions.ng,+234 085 101 9707,Bayelsa,EXECUTIVE,Chief Executive Officer,FT,Active,11/10/2023,,"N1,285,000",Keystone Bank,8219468565,SSCE,20,5,2,,VI Office,NULL,Not Available
EMP-00029,lola,Ogundele,F,12/22/1991,logundele@gtechsolutions.com.ng,2.34E+12,Delta,Executive,Chief Technology Officer,Full-Time,Active,15.12.2021,,2581.0K,FCMB,7201539282,NULL,12,2,Meets Expectations,,Lagos Island,10278681447,92124765-5678
EMP-00471,Chiamaka,Nwachukwu,f,19-Mar-85,chiamaka_nwachukwu@gtechsol.ng,2.34E+12,Kaduna,OPERATIONS,Operations Coordinator,CONTRACT,Terminated,24-Jun-23,20-Apr-24,363000,Sterling Bank,"9,766,630,194",SSCE,3years,12,D,EMP-00611,VI Office,33099000940,60009613-7527
EMP-01144,Damilola,Ogundele ,M,7/24/1993,damilola.ogundele@gtechsolutions.ng,2.34E+12,Plateau,HUMAN RESOURCES,HR Manager,contract,Inactive,6/28/2023,,NGN 406000,Zenith Bank,5848572081,OND,7,21,Outstanding,EMP-00952,Lekki,NULL,68210154-1744
EMP-01223,Tunde,Musa,m,23.08.1985,tmusa@gtechsolutions.com.ng,2.34E+12,Imo,finance,Accountant,Contractor,Active,11/2/2022,,480.0K,First Bank,5038437643,B.Sc,1 year,2,D,EMP-00478,VI Office,50962334405,86037768-5003
EMP-00997,Ifeanyi ,Taiwo ,m,8/26/1998,ifeanyi@gtechsolutions.ng,771276827,Lagos,Legal Dept,Company Secretary,Full Time,Active,14.10.2021,,289000,FCMB,9789494071,B.A,3,14,4,EMP-00856,Lagos - Head Office,n/a,50427096-7456
EMP-01429,Ronke,Usman,Ms,19.07.1996,rusman@gtechsol.ng,+234 070 798 9076,Plateau,customer service,Customer Service Rep,full-time,Active,5/16/2020,,"#191,000",Fidelity Bank,677687099,M.Sc,17,10,Below Average,EMP-00284,GRA PH,9412547246,14498966-4230
EMP-00218, Adekunle, Adegoke,Mr,28-Aug-91,adekunle.adegoke@gtechsolutions.com.ng,2.34E+13,Enugu,Operations,Operations Coordinator,part-time,Active,10/3/2022,,"#328,000",Access Bank,186849864,Ph.D,19,2,1,EMP-00757,Lagos Island,n/a,54002223-9955
EMP-00962,Tunji,Okonkwo,Male,9/10/1995,tunji_okonkwo@gtechsolutions.ng,+234 088 925 5463,Anambra,Customer_Service,CS Team Lead,Full Time,Active,6/9/2021,,100.0K,Ecobank,565190707,Ph.D,12,0,3,EMP-00290,Lagos - Head Office,n/a,29149792-2655
EMP-00944,IFEOMA,Ibrahim,female,04.01.1989,ifeoma@gtechsol.ng,2.34E+12,Oyo,MARKETING,Content Strategist,PART-TIME,Active,31.07.2021,,"N221,000",Zenith Bank,"1,093,382,780",B.Sc,25,15,Exceeds Expectations,EMP-00862,GRA PH,66853241484,97179414-9327
EMP-00658,Chinedu,USMAN,Male,5/3/1993,chinedu.usman@gtechsolutions.ng,2.34E+12,Cross River,Marketing,Content Strategist,CONTRACT,Suspended,21.04.2025,,316000,Keystone Bank,180534114,OND,1,7,5,EMP-01125,Abuja Office,99667637203,40003728-5837
EMP-00599, Akin,Eze,m,3-Feb-77,akin.eze@gtechsolutions.ng,2.34E+13,Bayelsa,Supply_Chain,Warehouse Manager,Full-Time,Active,1/14/2025,,"#309,000",Stanbic IBTC,3755226769,OND,11,10,NULL,EMP-00253,VI Office,69223940717,49608166-4753
EMP-00115,TOBI,Ogundimu,Male,3-Jan-83,tobi.ogundimu@gtechsolutions.com.ng,+234 071 961 4751,Oyo,Operations,Operations Manager,Part Time,Active,2-Nov-22,,"??165,000",GTBank,"1,479,843,174",HND,6,21,Average,EMP-01185,Wuse II,34280138759,24404851-3963
EMP-01153, Chidi,Akintola,MALE,19-Jan-75,chidi.akintola@gtech-solutions.ng,+234 086 996 8320,Rivers,Technology,IT Support,CONTR,Active,3/10/2025,,383000,Sterling Bank,228404380,OND,18,5,Unknown,EMP-00699,VI Office,86165841300,93215486-4347
EMP-00556,Dele,ogundele,male,11/16/1986,ogundele.dele@gtechsolutions.com.ng,2.34E+12,Anambra,SALES,Sales Manager,Contractor,Active,11.01.2025,,NGN 383000,First Bank,427131890,B.Sc,1,14,A,EMP-01491,Port Harcourt Branch,78379264053,94455026-8377
EMP-00464,Tunde, Afolabi,Male,7/7/1985,tunde464@gtechsolutions.com.ng,2.34E+13,Abuja,Human_Resources,Learning & Development Officer,part-time,Active,23-Nov-20,,"??236,000",GTBank,269722062,Ph.D,19,5,Good,EMP-01252,Port Harcourt Branch,77351668113,93443168-8708
EMP-00692,Femi ,Okwu ,Mr,4/12/1982,femi.okwu@g-tech.com.ng,2.34E+12,Oyo,Marketing,Digital Marketing Officer,Part Time,Terminated,4/16/2018,10.04.2023,"#229,000",FCMB,7643436171,SSCE,24,14,A,EMP-00932,Wuse II,1850880875,51674479-6744
EMP-00667,Titilayo,Fashola,female,7/14/1999,titilayo667@gtechsol.ng,2.34E+11,Rivers,Executive Dept,Chief Executive Officer,Contractor,Active,5/22/2018,,1189.0K,Sterling Bank,632379356,OND,12,2,Meets Expectations,,Lagos HQ,60026046901,92206099-6496
EMP-00444,CHUKWUEMEKA,Ogundele,m,8/28/1996,chukwuemeka_ogundele@gtechsolutions.ng,+234 085 463 4051,Rivers,Finance,Finance Analyst,full-time,Active,3-Mar-20,,NGN 328000,Access Bank,4553141974,Ph.D,13,14,B,EMP-00481,Lagos - Head Office,9522426537,34467753-3083
EMP-00571,Uzoamaka,nwosu,F,12/17/1998,uzoamaka571@gtechsolutions.ng,2.34E+12,Kano,Human_Resources,HR Manager,contract,Active,9-Aug-21,,"??150,000",Zenith Bank,171888787,OND,25,Unknown,B,EMP-00286,Wuse II,12821938682,45109898-8214
EMP-00938,Kehinde,Abdullahi,female,4/25/1977,kehinde.abdullahi@gtechsolutions.ng,2.34E+13,Rivers,Technology,DevOps Engineer,Part-Time,Active,14-Nov-20,,628000 NGN,Keystone Bank,159995077,Ph.D,,2,B,EMP-01080,Kano Office,21858935840,Not Available
EMP-00610,segun,Adesanya,M,18.08.1996,adesanya.segun@gtechsolutions.com.ng,+234 079 775 3373,Cross River,SALES,Sales Executive,PT,Suspended,6-Oct-18,,208000,Zenith Bank,219070159,Ph.D,14,10,#N/A,EMP-01153,Ikeja,1877033257,48287696-5812
EMP-01219,Chioma,balogun,F,7/10/1985,chioma@g-tech.com.ng,2.34E+12,Cross River,marketing,Digital Marketing Officer,PT,Active,12/7/2022,,"#379,000",UBA,3474772682,SSCE,18,n/a,N/A,EMP-00516,GRA PH,20482401521,N/A
EMP-00285,Rotimi ,USMAN,m,21-Apr-86,rotimi.usman@gtech-solutions.ng,2.34E+12,Ogun,Finance,Treasury Officer,CONTRACT,Active,8-Nov-23,,478000,Access Bank,724117545,M.Sc,N/A,15,Exceeds Expectations,EMP-00098,GRA PH,91406884133,41153693-2461
EMP-00706,Sola, Adeyemi,Male,6/9/1978,sola706@gtechsol.ng,2.34E+12,Imo,FINANCE,Finance Manager,Part Time,Active,8/7/2019,,624.0K,UBA,1048668297,TBD,1,5,B,EMP-00594,Port Harcourt Branch,22478922518,29651734-7983
EMP-00751,Adaeze ,Ogundele,female,11-Jul-79,adaeze.ogundele@gtechsol.ng,2.34E+12,Edo,SALES,Business Development Officer,FULL-TIME,Active,4/26/2022,,"N214,000",Ecobank,4098961063,B.Eng,6,7,C,EMP-00400,Lagos - Head Office,84544198385,86329609-3516
EMP-00537,Femi,Onuoha ,m,12/8/1979,femi.onuoha@gtechsolutions.com.ng,2.34E+12,TBD,Supply Chain Dept,Supply Chain Analyst,CONTR,Active,2-Dec-21,,"N155,000",Polaris Bank,3594344161,B.Eng,21,7,5,EMP-01383,LAGOS HQ,71862447563,24111630-3130
EMP-01036,Dotun, Okwu,m,9/15/1997,dokwu@gtechsolutions.com.ng,0083-972-0234,Kano,operations,Operations Coordinator,Part Time,Active,20-Apr-21,,266000 NGN,UBA,2635713674,MBA,1,12,1,EMP-00538,Lagos HQ,31081854805,22470378-5147
EMP-00250,Emeka,Adeola,m,02.10.1994,emeka.adeola@gtechsolutions.ng,2.34E+12,Benue,LEGAL,Legal Officer,contract,Active,13-Sep-24,,NGN 398000,Fidelity Bank,8136453451,HND,22,0,Exceeds Expectations,EMP-00178,Wuse II,31765397054,70558903-4548
EMP-01338,Uzoamaka,suleiman,Female,8/9/1979,uzoamaka_suleiman@gtechsolutions.com.ng,0070-999-9605,Imo,Finance,Internal Auditor,CONTRACT,Suspended,6/5/2020,,343.0K,First Bank,461237106,n/a,Unknown,10,B,EMP-01293,VI Office,2876197681,
EMP-01386,Kelechi, Taiwo,Male,05.07.1994,kelechi_taiwo@gtechsolutions.ng,+234 071 650 8527,Anambra,Technology,Software Developer,CONTR,Active,13/08/2018,,NGN 720000,First Bank,930664410,B.Eng,22,21,Exceeds Expectations,EMP-00760,GRA PH,69682606928,Not Available
EMP-00874, Ngozi,Babatunde,female,3/4/1993,ngozi@gtechsol.ng,906668184,Abuja,CUSTOMER SERVICE,CS Team Lead,PT,Active,5/12/2025,,"#152,000",Keystone Bank,5864990574,HND,19,20,3,EMP-01370,GRA PH,97254720474,51155823-3057
EMP-00221,adaeze,Ogundele ,female,8/24/1978,adaeze@gtech-solutions.ng,723937636,Abuja,human resources,Learning & Development Officer,full-time,Active,8-Apr-22,,NGN 193000,Polaris Bank,7178511697,TBD,4,10,C,EMP-01336,lagos hq,67045023290,30905527-3297
EMP-01132,Tunde,OKAFOR,Male,27-Jul-86,tunde_okafor@gtechsolutions.com.ng,764397545,Edo,Customer Service Dept,CS Manager,full-time,Active,2/1/2018,,155000 NGN,Fidelity Bank,267587058,B.Eng,5,7,B,EMP-00755,lag hq,n/a,42697593-7272
EMP-01261,Adaora,Nwosu,FEMALE,4/28/1975,adaora_nwosu@gtechsol.ng,2.34E+11,Plateau,Executive,Chief Technology Officer,Part Time,Active,11/13/2021,,2565000,First Bank,9262000768,B.Eng,18,7,B,,Lagos HQ,46715118888,NULL
EMP-00656,Dele,Oduya,male,11/16/1981,dele@gtechsolutions.com.ng,0075-794-8213,Imo,Customer Service,CS Manager,Full-Time,Active,9-Sep-23,,143.0K,First Bank,7943572932,B.A,7,10,Outstanding,EMP-00918,VI Office,N/A,26884813-7521
EMP-00652,dapo,Okwu,MALE,27.01.1997,dokwu@gtechsolutions_ng,2.34E+11,Oyo,Customer_Service,CS Manager,CONTRACT,On Leave,10/6/2019,,"N87,000",Ecobank,9388308542,HND,5,2,3,EMP-00663,Ikeja,28328678515,66761343-7410
EMP-00688,CHIAMAKA,Onuoha,Female,19-Feb-89,chiamaka@gtechsol.ng,864328178,Plateau,operations,Operations Manager,PT,Active,5/24/2025,,262.0K,Ecobank,941214250,B.Eng,22,15,Outstanding,EMP-00686,Ikeja,31049791407,20067969-3987
EMP-00288,Chioma,Adeleke,Female,5/13/1996,chioma@gtechsol.ng,+234 081 124 8842,Delta,finance,Treasury Officer,full-time,Active,5/31/2022,,"#517,000",Zenith Bank,6795215775,M.Sc,18,10,Needs Improvement,EMP-01120,Port Harcourt Branch,5093869484,50015306-6533
EMP-00570, Lola,Adegoke,FEMALE,10/14/1980,lola_adegoke@g-tech.com.ng,774809797,Enugu,LEGAL,Compliance Officer,FT,Active,17-May-19,,385000,First Bank,1917119613,B.A,23,2,Meets Expectations,EMP-00976,Lagos HQ,21599279437,39472941-9437
EMP-00597,Adunola,Obi,Female,3/18/1978,adunola597@gtechsolutions.ng,2.34E+12,Edo,Supply Chain Dept,Warehouse Manager,Full Time,Active,10/1/2022,,147000,First Bank,6306095946,MBA,17,0,3,EMP-00900,Lagos - Head Office,NULL,99834251-5935
EMP-00249,oluwaseun,TAIWO,M,06.11.1992,oluwaseun@gtechsol.ng,719716918,Bayelsa,Supply Chain Dept,Logistics Coordinator,PT,Suspended,4-Apr-19,,"#398,000",Fidelity Bank,"8,272,302,214",B.Sc,4,15,5,EMP-01034,Ikeja,N/A,37794800-4042
EMP-00428,folake, Obi,Ms,02.02.2000,obi.folake@gtechsolutions.ng,2.34E+12,Bayelsa,Legal,Legal Officer,CONTR,Active,2/18/2022,,"N350,000",First Bank,9460023916,B.A,3,2,5,EMP-00842,Lekki,26168455252,76685824-6109
EMP-01220,KEMI, Adewale,Female,19-Jul-99,kemi.adewale@gtechsol.ng,2.34E+12,Plateau,Operations,Process Analyst,CONTR,Suspended,11/26/2024,,314000 NGN,n/a,"5,992,532,412",SSCE,22,15,3,EMP-01057,Lekki,Not Available,60233038-8792
EMP-00511,emeka,Abdullahi,Mr,10-Jan-96,emeka.abdullahi@gtechsolutions.ng,2.34E+12,Osun,FINANCE,Accountant,PT,Active,12/18/2018,,"#298,000",Ecobank,"5,739,791,403",HND,17,0,3,EMP-00725,Lekki,n/a,70362222-5350
EMP-00081,Sade,Akintola,f,2/13/1989,sade_akintola@gtech-solutions.ng,0088-392-8275,Osun,Marketing Dept,Marketing Analyst,full-time,Terminated,12/9/2021,19/02/2023,NGN 425000,UBA,2478071244,B.Eng,23,14,D,EMP-00744,Wuse II,62202341326,18562070-8752
EMP-00133,Titilayo ,Nwachukwu,Female,4/7/1994,titilayo133@gtech-solutions.ng,2.34E+11,Nasarawa,operations,Operations Manager,Contractor,Active,29-Apr-19,,343000 NGN,Zenith Bank,2965861527,SSCE,2,10,5,NIL,VI Office,6794975679,28592146-9270
EMP-00780,KAYODE,Adewale,Male,15/10/1994,kayode.adewale@gtechsolutions.ng,2.34E+12,Rivers,legal,Compliance Officer,Full Time,Active,1-Oct-23,,"??363,000",Ecobank,596826370,SSCE,6,0,B,EMP-00747,Ikeja,63281070560,55282905-6153
EMP-01249,kunle, Okonkwo,Male,3/4/1982,kunle.okonkwo@g-tech.com.ng,2.34E+12,Enugu,TECHNOLOGY,DevOps Engineer,part-time,Active,28-Feb-20,,"#374,000",Ecobank,8306085746,B.Sc,5,15,Meets Expectations,EMP-00721,Lagos Island,6400584451,28026898-9234
EMP-01350,Rotimi ,Adegoke,Male,3-Jun-90,rotimi.adegoke@gtech-solutions.ng,2.34E+12,Cross River,sales,Senior Sales Rep,CONTRACT,On Leave,4/22/2022,,410000,NULL,2602190183,M.Sc,21,21,N/A,EMP-00444,Wuse II,44512276078,11006450-8323
EMP-00939,Funmilayo,nzeka,Female,2-Mar-78,funmilayo_nzeka@gtechsolutions_com_ng,2.34E+12,Imo,CUSTOMER SERVICE,Customer Experience Officer,part-time,Active,6/7/2022,,N197,Fidelity Bank,219512665,B.Eng,14,12,D,n/a,Kano Office,98480861868,35659497-1164
EMP-00344,Babatunde,Nwachukwu,MALE,1/5/1981,nwachukwu.babatunde@gtech-solutions.ng,2.34E+12,Edo,Finance,Finance Manager,Full Time,Active,5/3/2025,,551000 NGN,Keystone Bank,1359553016,TBD,22,NIL,1,EMP-00420,Kano Office,NULL,20236711-7096
EMP-00265,Adaora,NWOSU,Female,9/7/1990,nwosu.adaora@gtechsol.ng,2.34E+12,Nasarawa,Operations,Operations Manager,full-time,Active,1/30/2025,,"N285,000",Stanbic IBTC,6070264390,HND,18,15,N/A,EMP-00972,Lekki,99359374403,87787726-5163
EMP-00217, Ngozi,nwofor,female,17-May-81,ngozi.nwofor@gtech-solutions.ng,2.34E+12,Plateau,Supply Chain Dept,Warehouse Manager,CONTRACT,Active,6/1/2021,,346.0K,Zenith Bank,176791939,B.Eng,20,12,Exceeds Expectations,EMP-00854,Lagos Island,47452455574,TBD
EMP-00884,kelechi, Nwosu,male,22.11.1986,kelechi_nwosu@gtechsolutions.ng,+234 084 192 3523,Bayelsa,Sales,Account Manager,part-time,Active,7/31/2018,,"N472,000",Ecobank,8794908997,,NULL,5,Below Average,EMP-00811,Kano Office,90510118169,TBD
EMP-00925, Oluwaseun, Adeleke,male,1/5/1990,oluwaseun925@g-tech.com.ng,2.34E+12,Edo,Technology,Software Developer,CONTR,On Leave,6/12/2022,,713000 NGN,Fidelity Bank,5780635995,MBA,2,14,Average,EMP-01262,Ikeja,,37502162-1901
EMP-01490,akin,Musa,Mr,25-Sep-75,akin@g-tech.com.ng,2.34E+12,Oyo,Technology,Product Manager,FULL-TIME,On Leave,21-May-23,,"N628,000",Ecobank,9465358708,Ph.D,7,21,Below Average,EMP-00837,GRA PH,33753614326,92036000-7076
EMP-01192,Lola ,OKWU,f,7/1/1984,okwu.lola@g-tech.com.ng,2.34E+12,Delta,Finance,Finance Analyst,Full-Time,Active,11-Apr-20,,"??275,000",Keystone Bank,8497043433,B.Eng,20,15,Excellent,EMP-00521,VI Office,27711527507,n/a
EMP-00919,Wale,adeyemi,m,10/2/1994,wale.adeyemi@gtechsolutions.com.ng,2.34E+12,Imo,technology,Product Manager,Full Time,Active,3/31/2018,,"#636,000",UBA,6371892196,HND,6,15,C,n/a,Port Harcourt Branch,60590473535,32052667-7853
EMP-01262,Rotimi, Suleiman,Mr,18/01/1984,rsuleiman@g-tech.com.ng,2.34E+12,Kaduna,Executive,Chief Executive Officer,PT,Active,1/1/2021,,2639000,Sterling Bank,5462444848,OND,20,5,Good,,Lagos Island,75957963371,19580526-4290
EMP-01356, Onyinye,Babatunde,f,5/15/1992,onyinye@gtechsolutions.com.ng,2.34E+12,Delta,Finance Dept,Senior Accountant,Contract,Active,26-Apr-22,,497.0K,n/a,5342056438,Ph.D,9,21,3,EMP-01001,LAGOS HQ,91596545827,N/A
EMP-00883,Remi ,B@logun,Male,16-Jul-81,remi.balogun@g-tech.com.ng,2.34E+12,Kaduna,customer service,Customer Service Rep,part-time,Terminated,30-Jun-21,10/2/2023,NGN 107000,Ecobank,371101787,B.Sc,2,Unknown,Below Average,EMP-00844,GRA PH,77373169275,75812104-6071
EMP-00893,Nneka ,Obiora,FEMALE,2/11/1985,nneka@gtechsolutions.ng,2.34E+12,Rivers,FINANCE,Finance Manager,contract,Active,20.09.2022,,518.0K,TBD,959078173,M.Sc,21,20,B,EMP-01158,Lagos Island,49331115685,13823233-3787
EMP-00448,Titilayo,Obiora,f,11/1/1986,titilayo_obiora@gtechsolutions.com.ng,2.34E+12,Bayelsa,EXECUTIVE,Chief Technology Officer,contract,Active,5/27/2019,,"N1,373,000",Keystone Bank,1599182988,SSCE,22,0,B,,Port Harcourt Branch,n/a,TBD
EMP-01317, Tunji,ajayi,MALE,04.01.1986,ajayi.tunji@gtechsol.ng,887749707,Kaduna,OPERATIONS,Operations Officer,Part Time,Active,21/03/2018,,176000,Sterling Bank,9685301803,B.Eng,16,21,B,EMP-00537,Lagos HQ,20866478635,N/A
EMP-00517, Akin,Oduya,Mr,6/21/1981,akin.oduya@g-tech.com.ng,2.34E+12,Plateau,Technology,Software Developer,Full Time,Active,9/30/2019,,NGN 518000,Sterling Bank,9861078025,OND,5,20,B,EMP-00209,GRA PH,94999522529,44529256-5229
EMP-00789, Blessing,Obi,female,26/04/1985,blessing.obi@gtechsol.ng,818622446,Bayelsa,Sales,Account Manager,full-time,Inactive,31-Dec-24,,489000,Access Bank,"8,063,854,340",B.Sc,5 yrs,7,A,EMP-00098,Wuse II,5390034329,Not Available
EMP-00670,BISI,Babatunde,f,2/10/1983,bisi@gtechsolutions.ng,2.34E+13,Imo,HUMAN RESOURCES,Learning & Development Officer,Full-Time,Terminated,21/04/2024,2/13/2025,139000 NGN,Fidelity Bank,2103337093,Ph.D,11,12,Outstanding,EMP-00956,Abuja Office,7444793911,75018436-5119
EMP-00785,Lanre,Akintola,MALE,8/23/1994,lanre.akintola@gtech-solutions.ng,2.34E+12,Plateau,SUPPLY CHAIN,Warehouse Manager,FULL-TIME,Active,12/3/2019,,"#230,000",Polaris Bank,838553677,MBA,17,14,4,EMP-00804,Wuse II,3262498640,64009219-7496
EMP-01131,Babatunde,Aliyu ,male,4/5/1991,aliyu.babatunde@g-tech.com.ng,2.34E+12,Ogun,Marketing Dept,Digital Marketing Officer,CONTR,Active,13-May-20,,"N180,000",#N/A,3588107693,M.Sc,#N/A,15,B,EMP-00138,Kano Office,28105925121,77638590-5625
EMP-01354,Tunji,okwu,M,1/2/1994,okwu.tunji@gtech-solutions.ng,0078-543-4732,Oyo,Supply_Chain,Procurement Officer,Part-Time,Active,7/21/2022,,"??323,000",UBA,1082873311,Ph.D,7,15,Excellent,EMP-00392,Lagos HQ,17355997177,25238151-8025
EMP-00622,Nike,garba,F,4/8/2000,nike.garba@gtechsolutions.ng,709367127,Bayelsa,Technology,DevOps Engineer,contract,Terminated,4-Aug-23,11/12/2024,"#295,000",Polaris Bank,8742542384,HND,13,15,Average,EMP-00979,Lagos - Head Office,5458661824,NULL
EMP-00748,Rotimi,Ibrahim,M,18-Nov-94,rotimi748@gtech-solutions.ng,0081-422-5351,Rivers,LEGAL,Compliance Officer,FT,Active,9/14/2023,,493000,GTBank,9572619176,HND,9,0,4,EMP-00275,Ikeja,44433294578,76959377-5626
EMP-00513,Adunola, Eze,f,19-Jun-90,aeze@g-tech.com.ng,2.34E+13,Kaduna,LEGAL,Legal Officer,Full-Time,Terminated,2/11/2023,17.03.2023,"#585,000",Sterling Bank,4470864519,HND,1 year,10,A,EMP-01213,Lagos Island,38496552391,13558608-4458
EMP-00857,Femi,nwosu,m,19.07.1992,femi.nwosu@gtechsolutions.com.ng,2.34E+12,Ekiti,Customer Service,CS Team Lead,contract,Active,20-Jun-18,,211000 NGN,Ecobank,8412393217,MBA,8,12,5,EMP-00889,Kano Office,46161605433,12662692-8931
EMP-01152,NKIRUKA,Obi,Female,23-Dec-00,obi.nkiruka@gtechsolutions.com.ng,2.34E+12,Rivers,TECHNOLOGY,Systems Administrator,Contract,Active,5-Apr-18,,"#557,000",Access Bank,3776413137,B.Sc,3years,N/A,Exceeds Expectations,EMP-01270,Kano Office,81774089884,69245891-6955
EMP-00963,NIKE,Ogundele,Female,18.10.1991,nogundele@gtechsolutions.com.ng,0089-366-2503,Bayelsa,SALES,Sales Executive,part-time,Active,1/4/2019,,290.0K,#N/A,748888357,B.Sc,3,10,Exceeds Expectations,EMP-00526,Lagos Island,#N/A,93174603-2427
EMP-01319,Adekunle,Nwofor,m,17.02.1982,nwofor.adekunle@gtechsolutions.com.ng,2.34E+12,Imo,SUPPLY CHAIN,Procurement Officer,PART-TIME,Active,9/20/2021,,191000 NGN,UBA,5033095783,SSCE,3years,2,Needs Improvement,EMP-01273,Ikeja,33594095332,94190127-5059
EMP-00210,Chidinma,EZE,female,24.05.1998,chidinma.eze@gtechsolutions.com.ng,2.34E+12,Abuja,marketing,Digital Marketing Officer,Contractor,Active,11/19/2018,,"N456,000",Zenith Bank,5729286078,SSCE,25,10,N/A,TBD,Port Harcourt Branch,40630624479,n/a
EMP-00945,dotun,Ogundele ,M,8/19/1979,dotun_ogundele@gtech-solutions.ng,2.34E+12,Ondo,Marketing,Content Strategist,PT,Active,4-Dec-22,,331000,Sterling Bank,8701606796,SSCE,11,20,Meets Expectations,EMP-00532,Abuja Office,87774763971,NIL
EMP-00184,Chiamaka,Mohammed ,FEMALE,7/4/2000,chiamaka_mohammed@g-tech.com.ng,725988439,Ekiti,Customer Service Dept,Customer Experience Officer,PART-TIME,Active,20-Mar-24,,158000,NIL,6151841907,M.Sc,25,10,Meets Expectations,EMP-01272,GRA PH,6260787010,97225409-2753
EMP-00974,kunle,ADEGOKE,Mr,20-Aug-78,kunle.adegoke@gtech-solutions.ng,828506394,Ekiti,Sales Dept,Sales Manager,Part-Time,Active,26-Mar-18,,"N150,000",Stanbic IBTC,"3,434,741,022",B.Eng,12,7,Average,EMP-01497,lagos hq,49347812688,26671355-1118
EMP-00747,Adunola, Onuoha,Female,6/4/1990,adunola_onuoha@gtechsolutions.ng,809496767,Plateau,Customer_Service,CS Team Lead,Contract,Active,13-Jul-21,,"??113,000",FCMB,396731088,HND,4,2,NULL,,Lekki,27643494652,57799246-1997
EMP-00378,biodun,Aliyu,MALE,27/08/1983,biodun_aliyu@gtechsolutions.com.ng,2.34E+12,N/A,Sales,Senior Sales Rep,Contract,Suspended,8/20/2022,,NGN 411000,Zenith Bank,1803933938,M.Sc,11,0,5,EMP-00847,Port Harcourt Branch,46931729476,84518625-1087
EMP-00993,Kunle,Nwofor,M,5/6/1999,kunle993@gtech-solutions.ng,2.34E+12,Enugu,operations,Operations Officer,part-time,Active,4-Jan-23,,"??354,000",Fidelity Bank,813828234,Ph.D,5,0,Excellent,EMP-01128,LAGOS HQ,73667585987,22566419-6196
EMP-00041, Tunde,Adesanya,Male,25/11/1995,tunde_adesanya@gtechsolutions.com.ng,2.34E+12,Kaduna,Supply_Chain,Logistics Coordinator,Full-Time,Suspended,9/3/2022,,355000,First Bank,"6,817,280,229",B.Eng,4,0,Exceeds Expectations,EMP-00153,Lagos Island,90250392614,42275631-7375
EMP-00345,Chinedu,GARBA,MALE,5/25/1984,chinedu.garba@gtechsolutions.com.ng,2.34E+12,Osun,Operations,Operations Coordinator,PART-TIME,Active,2/4/2018,,166000,Sterling Bank,"7,596,148,343",B.Eng,13,10,B,EMP-00244,lagos hq,N/A,16103166-5658
EMP-00947,Chidinma ,Adesanya,f,9/15/1990,adesanya.chidinma@gtechsol.ng,+234 081 661 7822,Delta,marketing,Digital Marketing Officer,CONTRACT,Active,2-Jul-19,,NGN 327000,Zenith Bank,6959946004,B.Sc,3,21,Good,EMP-01093,LAGOS HQ,55773432823,19165960-4084
EMP-00527,ADAORA, Adeola,f,12-Jun-86,adaora.adeola@gtechsolutions.ng,0083-653-2106,TBD,EXECUTIVE,Chief Executive Officer,Part-Time,Active,29-May-23,,1996000 NGN,Zenith Bank,"5,160,014,725",OND,13,5,4,,LAGOS HQ,6507612228,98075719-1432
EMP-00454,Yetunde ,okafor,FEMALE,8-Apr-89,yetunde_okafor@gtech-solutions.ng,+234 074 895 0828,Edo,legal,Compliance Officer,Contractor,Inactive,9-May-18,,"#413,000",Fidelity Bank,3938887772,B.A,4,#N/A,Meets Expectations,EMP-01342,,69319630399,19899046-8140
EMP-01485,Lola , Nwachukwu,female,16-Aug-77,lola_nwachukwu@gtechsol.ng,2.34E+11,Oyo,technology,Software Developer,PT,Active,13/08/2024,,475000,Sterling Bank,"2,810,212,755",HND,16,12,TBD,EMP-01038,Lekki,96850756638,33409434-4705
EMP-00134,joke,Adeleke ,f,10/21/1975,joke134@gtech-solutions.ng,+234 084 565 3581,Bayelsa,MARKETING,Marketing Executive,full-time,Active,6/8/2022,,"??153,000",Ecobank,7973263691,B.Eng,1,20,Excellent,EMP-00422,lagos hq,97189569070,NIL
EMP-01470,Sade,Afolabi,F,5/17/1979,safolabi@gtech-solutions.ng,828291450,Rivers,Legal,Legal Officer,PART-TIME,On Leave,24-Apr-24,,"N225,000",,8234793347,Not Available,12,14,Exceeds Expectations,EMP-00374,Lagos - Head Office,61288441425,NULL
EMP-00564,CHIDI,Obi,male,26-Feb-82,chidi564@gtech-solutions.ng,2.34E+12,Bayelsa,Human Resources,HR Business Partner,Part-Time,Active,1/2/2022,,"#390,000",First Bank,1840383636,M.Sc,2,NULL,,EMP-00445,Lagos HQ,64180446081,77050233-2674
EMP-00070,Nkiruka ,Babatunde,Ms,3-Jul-92,nbabatunde@gtechsol.ng,862143811,Plateau,Executive Dept,Chief Operating Officer,CONTR,Active,7/25/2021,,"??1,553,000",Stanbic IBTC,"7,657,887,271",B.Sc,20,7,1,,Abuja Office,84085887704,35838575-6248
EMP-00762,Bola,Adeyemi,FEMALE,28.07.1985,bola762@g-tech.com.ng,2.34E+12,Edo,Finance,Accountant,contract,Suspended,4/11/2018,,290000,,"4,651,213,056",B.A,19,2,Outstanding,EMP-00457,lag hq,57537644512,61465683-3534
EMP-00432,Sade ,BALOGUN,FEMALE,19.07.1994,sade@gtechsolutions.com.ng,2.34E+11,Ogun,customer service,Customer Service Rep,part-time,Active,5-Mar-22,,NGN 158000,Fidelity Bank,766814975,MBA,8,10,Good,EMP-00652,Lekki,36814980253,78723270-5593
EMP-00195,Rotimi,Chukwu,m,06.12.1979,rotimi.chukwu@g-tech.com.ng,2.34E+12,Ekiti,MARKETING,Digital Marketing Officer,FT,Inactive,24-Dec-21,,"#339,000",Stanbic IBTC,3648403946,HND,25,10,Good,EMP-01076,lag hq,45652203684,#N/A
EMP-00458, Yetunde,Balogun ,Female,9/24/1999,yetunde.balogun@gtechsolutions.com.ng,2.34E+12,Imo,Human_Resources,Recruitment Specialist,Full-Time,Active,2/8/2019,,NGN 410000,Access Bank,233360616,M.Sc,NIL,21,Exceeds Expectations,,VI Office,41070716348,13702335-9734
EMP-01292,TITILAYO,adegoke,Ms,16.08.1977,titilayo.adegoke@gtechsolutions.com.ng,2.34E+12,Ogun,Marketing,Marketing Executive,FULL-TIME,Terminated,10/30/2024,17/12/2024,410000,Ecobank,323390961,M.Sc,21,14,Outstanding,EMP-00923,lagos hq,44156574375,90531851-9649
EMP-01095,Ngozi ,adewale,F,1/2/1987,ngozi095@gtech-solutions.ng,2.34E+12,Oyo,Operations,Process Analyst,Contract,Active,12/17/2021,,NGN 179000,Zenith Bank,5770021198,Ph.D,25,21,Average,EMP-00465,VI Office,79005783410,Not Available
EMP-00916,Tunde ,Ogundele ,male,26.10.1999,tunde_ogundele@gtechsolutions.com.ng,2.34E+12,Plateau,Sales,Senior Sales Rep,Part Time,Active,6/10/2021,,415.0K,Keystone Bank,6538487140,OND,9,2,1,EMP-01395,Lagos HQ,47407397296,75377902-6688
EMP-00109,Kemi,OKAFOR,f,23-Jul-77,kemi.okafor@g-tech.com.ng,2.34E+11,Ondo,Sales Dept,Account Manager,part-time,Terminated,3/15/2023,4/3/2025,NGN 327000,Zenith Bank,"8,315,637,075",HND,22,0,A,EMP-00084,Port Harcourt Branch,18325381793,40257672-6250
EMP-00818,EMEKA,Fashola,Male,5/22/1996,emeka.fashola@gtechsolutions.com.ng,742231188,Lagos,EXECUTIVE,Chief Financial Officer,PT,On Leave,8/20/2018,,1150000,UBA,1893357935,B.Eng,3years,12,3,,VI Office,56095142770,18729541-6615
EMP-00624,Lola,Akintola,Female,5/6/1992,lola@g-tech.com.ng,825222957,Plateau,legal,Legal Manager,PT,Active,25-Apr-23,,397000,Ecobank,"9,358,480,505",B.Eng,18,20,Needs Improvement,EMP-00295,Lagos Island,22061850692,81968855-8658
EMP-00113,Chukwuemeka,Nwachukwu,male,5-Jan-75,chukwuemeka@gtech-solutions.ng,2.34E+12,Delta,Technology Dept,Systems Administrator,FULL-TIME,Active,13.04.2022,,"N752,000",#N/A,492934581,OND,24,15,3,EMP-00975,lag hq,89042902572,17098551-5467
EMP-00577,tunji,Chukwu,Male,7/7/1998,tunji.chukwu@gtech-solutions.ng,715610990,Bayelsa,HUMAN RESOURCES,Learning & Development Officer,Full Time,Active,4/29/2023,,"N237,000",Sterling Bank,977418599,Ph.D,7,14,C,EMP-00808,lagos hq,32739974159,17205577-5647
EMP-01247,Tolu,Fashola,FEMALE,12/4/1981,tolu.fashola@gtechsolutions.ng,2.34E+13,Osun,Operations,Process Analyst,PT,Suspended,10/22/2022,,155000,Stanbic IBTC,8335573288,B.A,16,7,A,EMP-01129,NIL,23143025200,87190991-9465
EMP-00425,amaka,Musa,female,5/26/1993,amaka_musa@gtechsolutions.ng,0073-321-1487,Kano,Operations Dept,Operations Officer,full-time,Active,03.05.2022,,216000,UBA,"4,056,206,421",SSCE,7,15,TBD,EMP-01173,lag hq,12664971967,13432593-7745
EMP-00395,Kayode ,Okwu,male,10/20/1976,kayode@gtechsolutions.ng,856392149,Ekiti,Sales,Sales Manager,Full Time,Active,16/04/2020,,414.0K,GTBank,6230098330,NULL,Unknown,14,Below Average,EMP-00535,GRA PH,98056820175,10372877-8349
EMP-01279,Ifeanyi,USMAN,MALE,4/28/2000,iusman@g-tech.com.ng,+234 084 289 2545,Cross River,marketing,Marketing Executive,CONTR,Active,12-Dec-20,,389000,Sterling Bank,582935507,HND,19,20,3,EMP-00396,lag hq,64690610960,41402502-9516
EMP-00830,Ayo,Ogundele,M,15-Mar-87,ogundele.ayo@gtech-solutions.ng,2.34E+11,#N/A,Technology,Product Manager,part-time,Terminated,3/26/2025,5/16/2025,435000,Zenith Bank,"4,357,958,329",B.Eng,10,5,Good,EMP-00537,VI Office,47658390187,91427314-3693
EMP-00242,Ifeanyi ,Lawal,Male,6-Jul-90,lawal.ifeanyi@g-tech.com.ng,2.34E+13,Edo,Operations,Operations Coordinator,CONTRACT,Active,24.01.2020,,"??118,000",Access Bank,4888501524,M.Sc,16,5,Exceeds Expectations,EMP-00853,Lagos Island,54969192845,27197789-7054
EMP-00801,Folake ,Obi,Female,1-Sep-75,folake801@g-tech.com.ng,808042764,Osun,CUSTOMER SERVICE,Customer Experience Officer,full-time,Active,22/11/2019,,"N178,000",Not Available,5149678006,SSCE,13,15,n/a,EMP-00021,Lagos HQ,81692239766,N/A
EMP-01285,Ngozi,adesanya,Ms,7/12/1992,ngozi.adesanya@gtech-solutions.ng,774321697,Cross River,CUSTOMER SERVICE,Customer Experience Officer,Contractor,Inactive,2-Sep-22,,NGN 239000,Keystone Bank,8448637663,HND,1,14,Average,EMP-01402,Lagos HQ,17798795047,14256956-1187
EMP-00903,DAMILOLA,Aliyu,M,23-Sep-97,damilola_aliyu@g-tech.com.ng,0081-912-4128,Bayelsa,customer service,Customer Service Rep,PT,Active,5-Dec-19,,150000,Sterling Bank,237003651,B.Eng,19,7,Average,EMP-01478,Lagos HQ,70022796244,69385274-9286
EMP-01096,Dele ,NWOFOR,m,9/11/1996,dele.nwofor@gtech-solutions.ng,2.34E+13,Kano,TECHNOLOGY,IT Support,full-time,Active,5/31/2019,,872.0K,First Bank,9206629101,Ph.D,23,14,1,EMP-00444,Lagos HQ,11703280325,#N/A
EMP-00902,Obiageli, Nwosu,female,4/10/1977,nwosu.obiageli@gtechsol.ng,+234 075 508 7752,Lagos,Technology,Software Developer,full-time,Active,30-May-20,,"#507,000",Zenith Bank,2201161561,B.A,16,10,N/A,EMP-00213,Ikeja,82151750796,40187218-3355
EMP-00810,OBINNA,Babatunde,Male,20/04/1978,babatunde.obinna@gtechsolutions.com.ng,814978829,Ogun,Operations,Operations Manager,FT,Active,11/16/2020,,"N273,000",UBA,8108763502,M.Sc,14,7,A,EMP-00823,VI Office,18284399748,Not Available
EMP-00790, Bola, Adegoke,Ms,7/5/1993,bola790@gtechsolutions.com.ng,874684950,Nasarawa,Customer Service,CS Team Lead,PT,Active,11/14/2021,,193000,UBA,7902010792,MBA,1,21,N/A,EMP-01044,Ikeja,1898659846,95233316-1290
EMP-00984,Funmilayo,Onuoha,F,1/3/1985,fonuoha@gtechsol.ng,+234 077 538 9082,Ogun,Executive,Chief Technology Officer,part-time,Active,29/11/2020,,"N1,670,000",First Bank,3792565004,B.Sc,NIL,21,Excellent,,LAGOS HQ,20241766970,64204836-9691
EMP-00620,Sade,Nwosu,f,10/7/1979,sade_nwosu@g-tech.com.ng,2.34E+12,Ekiti,Legal,Legal Manager,CONTR,Suspended,11/5/2018,,244000,Keystone Bank,6646445191,Ph.D,7,2,3,EMP-01373,Port Harcourt Branch,43780470407,36965153-7373
EMP-00278,Oluwatobi, Haruna,Male,3-May-84,oluwatobi.haruna@gtechsolutions.com.ng,2.34E+12,Delta,Technology,Product Manager,PT,Active,10/12/2019,,"??679,000",Keystone Bank,8432663268,B.Eng,18,10,Excellent,EMP-00963,Lekki,48988031538,79625031-3923
EMP-00495,Adebayo , Ogundele,male,4/2/1996,aogundele@gtechsol.ng,2.34E+12,Kano,human resources,Recruitment Specialist,contract,TBD,5/14/2018,,"??215,000",Zenith Bank,280149390,M.Sc,23,0,A,EMP-00391,Wuse II,TBD,45554422-5158
EMP-00885,Nike ,Haruna,Female,7/9/1993,nike885@gtechsol.ng,753513552,Rivers,Supply_Chain,Warehouse Manager,FULL-TIME,Terminated,1/12/2018,10/9/2023,237000,NULL,"5,766,912,859",Ph.D,20,NULL,3,EMP-00321,Abuja Office,25480575950,32901480-5823
EMP-00009,Chukwuemeka,Adesanya,MALE,17-Dec-94,chukwuemeka_adesanya@g-tech.com.ng,0084-323-7058,Delta,Customer_Service,CS Team Lead,CONTRACT,On Leave,17-Oct-20,,111000,FCMB,"7,519,578,899",HND,8,12,Average,EMP-00474,Port Harcourt Branch,16658760366,88393811-1320
EMP-00472,Yemi,Fashola,Male,11/22/1995,yemi.fashola@gtechsolutions.com.ng,763183280,Kaduna,TECHNOLOGY,IT Support,part-time,Active,4/10/2020,,"??434,000",Keystone Bank,"8,733,046,540",B.Eng,12,2,Meets Expectations,EMP-00818,Abuja Office,15837466144,67049274-2523
EMP-00862,IFEANYI,Okafor,M,8-Mar-85,iokafor@g-tech.com.ng,2.34E+12,Unknown,Human Resources Dept,HR Business Partner,FT,Active,1/19/2019,,261000 NGN,Access Bank,825100382,HND,8,20,2,EMP-00849,GRA PH,34830824130,16581403-7645
EMP-00932, Dapo,OBIORA,m,10.04.1999,dapo@gtechsolutions.ng,+234 088 125 0527,Cross River,OPERATIONS,Process Analyst,CONTRACT,NULL,10/4/2021,1/30/2022,326.0K,Keystone Bank,"3,573,091,816",SSCE,23,21,Good,EMP-00302,Lagos - Head Office,58233989511,42359208-9144
EMP-00050,KAYODE,Adewale,M,7/28/1979,kayode_adewale@g-tech.com.ng,902191383,Imo,supply chain,Logistics Coordinator,Part-Time,N/A,30/04/2022,,375000 NGN,UBA,3775278048,OND,10,20,C,EMP-00169,Wuse II,41418328569,97219985-2083
EMP-00358, Chukwuemeka,Taiwo,Mr,6/12/1980,chukwuemeka.taiwo@gtechsolutions.com.ng,2.34E+12,Benue,Supply_Chain,Supply Chain Analyst,CONTR,Active,10/5/2020,,"N291,000",GTBank,9399351344,B.A,18,14,1,EMP-00605,Abuja Office,44161019753,95203223-5908
EMP-00759,Omowunmi,Babatunde,f,10/3/1990,obabatunde@gtechsolutions.com.ng,789046682,Ogun,Supply Chain Dept,Procurement Officer,full-time,Suspended,21/02/2021,,125000,FCMB,9498270737,SSCE,5,21,D,EMP-01322,GRA PH,58325199010,64158939-4807
EMP-00623,Oluwakemi , Akintola,f,10/28/1982,oluwakemi.akintola@g-tech.com.ng,0072-370-1689,Enugu,Human Resources,HR Officer,Part-Time,Active,4/28/2020,,NGN 218000,GTBank,7444898579,M.Sc,10+ years,10,A,EMP-00990,lag hq,41766045689,87407425-2384
EMP-00073,Ifeoma,okonkwo,female,10/3/1995,ifeoma.okonkwo@gtech-solutions.ng,0084-701-8685,Kaduna,marketing,Brand Manager,Full-Time,On Leave,20/09/2021,,"??366,000",FCMB,7168105904,MBA,2,20,Needs Improvement,EMP-00305,Kano Office,94278816580,92414513-3717
EMP-00172,TAIWO,Onuoha,FEMALE,4/2/1990,taiwo.onuoha@gtechsolutions.com.ng,2.34E+12,Osun,legal,Legal Officer,Contract,Active,24/05/2020,,216000 NGN,Zenith Bank,936888842,M.Sc,22,5,Average,EMP-00878,Lagos - Head Office,35677826596,NULL
EMP-01344,Adaora, Adegoke,F,5-Apr-93,adaora.adegoke@gtechsolutions.ng,2.34E+12,Oyo,executive,Chief Financial Officer,contract,Terminated,3/18/2025,25-Apr-25,906000,Access Bank,171520919,OND,14,14,2,,Wuse II,84716936175,32912599-7545
EMP-00190,Yinka, Usman,FEMALE,5/12/1997,usman.yinka@g-tech.com.ng,2.34E+13,Oyo,Human Resources Dept,Recruitment Specialist,CONTR,Active,11-Nov-18,,"#408,000",Stanbic IBTC,7003585379,B.Sc,5,20,Needs Improvement,EMP-00763,Lagos - Head Office,37710704496,21340498-1978
EMP-00200,Omowunmi, Fashola,FEMALE,19/08/1986,fashola.omowunmi@gtech-solutions.ng,0077-141-7616,Imo,SUPPLY CHAIN,Logistics Coordinator,Part Time,Active,17-Feb-24,,"N351,000",Access Bank,956053104,B.Eng,24,7,Exceeds Expectations,EMP-00638,lag hq,59960438787,97511116-4862
EMP-00909,Biodun,Ogundimu,m,12/19/1988,biodun@g-tech.com.ng,718990215,Ogun,CUSTOMER SERVICE,Customer Service Rep,Part Time,Active,15-Feb-18,,"??173,000",First Bank,114663451,M.Sc,5,0,TBD,EMP-01254,GRA PH,55859392244,68536319-6549
EMP-01114,Chinedu ,Oduy@,MALE,2/1/1987,chinedu.oduya@gtechsolutions.com.ng,2.34E+12,Ogun,EXECUTIVE,Chief Executive Officer,part-time,Terminated,3/29/2024,8-Jun-24,NGN 3007000,First Bank,3902680716,HND,18,7,B,,Lagos HQ,81878503743,20039986-3896
EMP-01035,chinwe,chukwu,f,16-Jan-84,chinwe035@gtech-solutions.ng,2.34E+12,Lagos,Technology,Product Manager,FULL-TIME,Active,27-Jul-18,,257000 NGN,Zenith Bank,"3,617,063,809",OND,7,10,Exceeds Expectations,NIL,Port Harcourt Branch,82888161371,53901264-9444
EMP-00906,onyinye,Suleiman,F,12/5/1980,onyinye.suleiman@gtech-solutions.ng,2.34E+12,Imo,Human Resources,HR Business Partner,CONTR,Suspended,5/18/2019,,237000,Keystone Bank,"3,273,415,522",MBA,NIL,10,n/a,EMP-00428,Port Harcourt Branch,95086722662,17593764-8364
EMP-00960,Taiwo,Usman,Ms,13-Mar-77,taiwo@gtechsolutions.ng,2.34E+12,Lagos,Operations,Facilities Manager,CONTR,Terminated,6/22/2019,10/8/2023,287000,Keystone Bank,4385937995,OND,21,14,2,EMP-00869,GRA PH,59776738007,65227412-9593
EMP-00677,Rotimi,adewale,MALE,19/04/1995,rotimi677@gtech-solutions.ng,2.34E+11,Plateau,Supply Chain Dept,Procurement Officer,Full Time,Terminated,19/11/2019,6/3/2022,137000 NGN,FCMB,704388785,B.Eng,n/a,14,B,EMP-00221,Lagos - Head Office,2613409731,30767364-1908
EMP-00355, Sade,TAIWO,Ms,23-Nov-82,sade.taiwo@gtechsol.ng,+234 080 904 7872,Ekiti,Sales,Business Development Officer,FT,Active,7/17/2018,,403000 NGN,Stanbic IBTC,9714459187,HND,25,21,A,EMP-01150,VI Office,75958281902,69204430-8581
EMP-00170,Okechukwu,nwachukwu,m,12/8/1977,okechukwu.nwachukwu@gtechsol.ng,0075-354-2382,Nasarawa,Supply Chain,Procurement Officer,part-time,Terminated,7/29/2024,16-Sep-24,268000,Zenith Bank,"9,691,662,212",B.Eng,TBD,7,Average,EMP-01162,Ikeja,2481717524,47596710-6952
EMP-00351,Kunle,GARBA,Male,11/25/1978,garba.kunle@gtechsolutions.ng,+234 085 371 7833,Cross River,Technology Dept,Systems Administrator,Contractor,Active,21-Mar-18,,793000,Stanbic IBTC,9812355110,B.A,11,20,B,EMP-00767,Lagos HQ,21559967256,34727844-3962
EMP-00755,BOLA,Ajayi ,female,1/20/1982,bola.ajayi@gtech-solutions.ng,2.34E+12,Ekiti,human resources,HR Manager,FULL-TIME,Active,8/29/2018,,"#351,000",Ecobank,734197985,Ph.D,15,0,2,Unknown,lagos hq,62930961507,16775479-8075
EMP-01098,Ngozi,Lawal,female,14/04/1994,ngozi_lawal@gtechsolutions.com.ng,2.34E+11,Ondo,sales,Sales Executive,Full Time,Active,11/6/2021,,"N403,000",Sterling Bank,4126037283,M.Sc,12,0,D,EMP-00792,Port Harcourt Branch,54838686123,55682983-9539
EMP-01352,Muyiwa, Akintola,M,10.06.1980,makintola@gtechsol_ng,2.34E+12,Edo,finance,Accountant,contract,Unknown,11.03.2022,27.04.2022,"N531,000",UBA,9237648699,B.A,14,20,5,EMP-00706,Abuja Office,97611097630,79550585-7925
EMP-01222,gbemi,adeleke,male,28-Jan-75,gbemi.adeleke@gtechsolutions.ng,847841065,Benue,Marketing Dept,Brand Manager,Contract,Active,3-Feb-25,,"??303,000",Ecobank,"8,762,999,888",MBA,7,5,D,EMP-00974,VI Office,33592423844,27380975-5045
EMP-01339,Lola,Nwosu ,F,5/28/1991,lola.nwosu@gtechsol.ng,2.34E+12,Ekiti,Operations,Facilities Manager,Full-Time,Active,17-Oct-20,,"#120,000",Not Available,709719191,HND,17,2,B,EMP-00109,Ikeja,73285577974,44151204-1011
EMP-00087,Yetunde,Mohammed,FEMALE,01.07.1989,mohammed.yetunde@gtechsolutions.com.ng,2.34E+12,NULL,Marketing Dept,n/a,CONTRACT,Active,17/08/2021,,418000 NGN,GTBank,6891490448,B.Eng,5,15,Outstanding,EMP-01193,Lagos Island,19693157279,TBD
EMP-01158,taiwo,Fayemi,F,9-Oct-82,taiwo@gtechsolutions.ng,2.34E+12,Abuja,Executive,Chief Executive Officer,CONTRACT,Active,26-Mar-23,,NGN 1048000,Keystone Bank,2364157743,Ph.D,18,7,2,,VI Office,99277771358,TBD
EMP-00524,Gbenga , Chukwu,Male,9-Aug-96,gbenga@gtechsolutions.com.ng,+234 083 218 0243,Imo,Human Resources,HR Manager,FULL-TIME,Active,10/7/2023,,364000,FCMB,"8,631,522,247",HND,8,15,Meets Expectations,EMP-00299,lagos hq,89868184397,42576351-1838
EMP-00894,Tunde ,Abdullahi ,Mr,2/14/1996,tunde_abdullahi@gtech-solutions.ng,+234 073 645 8259,Lagos,SALES,Account Manager,Full Time,Active,8/3/2020,,498000,FCMB,"9,490,893,642",OND,9,Unknown,2,EMP-01384,Ikeja,74146518316,33490953-7011
EMP-00096,Blessing,Adeleke,female,27-Aug-86,blessing096@gtechsol.ng,2.34E+11,Ogun,Technology Dept,Software Developer,Full Time,Active,3-Sep-24,,"??565,000",Sterling Bank,4618105265,B.Eng,16,20,1,EMP-00202,Wuse II,23076810409,54733393-8649
EMP-00197,Chidinma,Fayemi,female,8/10/1998,chidinma@gtechsol.ng,+234 077 428 2937,Nasarawa,finance,N/A,FULL-TIME,Active,7/15/2019,,626000,#N/A,3688996563,HND,21,20,N/A,EMP-00475,LAGOS HQ,69587413146,53674052-5053
EMP-01034,K3hind3, Okwu,f,16-May-83,kokwu@g-tech.com.ng,2.34E+12,Osun,Marketing,Marketing Executive,Part Time,Active,6/27/2021,,455000,Not Available,9753307131,M.Sc,24,0,A,EMP-00387,n/a,49481598826,49288342-5769
EMP-00985, Lanre,Nzeka,m,22-Oct-84,nzeka_lanre@gtechsol_ng,2.34E+12,Cross River,CUSTOMER SERVICE,CS Manager,CONTRACT,Active,30-Jan-18,,NGN 249,UBA,9849200794,HND,9,7,3,EMP-01191,Lagos HQ,56440314822,93156209-5265
EMP-00951,Taiwo,Obi,F,15/10/1995,tobi@gtechsolutions.com.ng,+234 078 676 3742,Lagos,Marketing,Content Strategist,PART-TIME,Terminated,03.08.2023,10/3/2024,283000,Ecobank,706691189,HND,24,7,3,EMP-01083,Wuse II,10903585872,35158511-8758
EMP-00839,Dele, Ogundele,m,8/9/1976,dele839@gtechsolutions.ng,+234 079 971 3446,Rivers,Legal Dept,Company Secretary,CONTR,Active,05.08.2022,,NGN 552000,Zenith Bank,5517201089,SSCE,18,14,#N/A,EMP-01055,Lagos Island,12348109452,43421099-7310
EMP-00089,Bola,ADEGOKE,female,11/12/1981,bola.adegoke@gtechsolutions.com.ng,893446428,Edo,Human Resources,Recruitment Specialist,FT,N/A,3-Dec-21,,356000,Stanbic IBTC,"3,814,963,909",Ph.D,7,10,Outstanding,NIL,Lagos HQ,4394070164,98597172-6901
EMP-00660,remi,NWOFOR,Male,4/17/1989,nwofor.remi@gtech-solutions.ng,2.34E+12,Ondo,supply chain,Procurement Officer,PART-TIME,Terminated,5/16/2019,8-Sep-24,"N126,000",Access Bank,4648214314,Ph.D,7,20,B,EMP-01073,Abuja Office,5428425111,88238815-1685
EMP-00437, Funmilayo,okafor,female,14-May-79,funmilayo@g-tech.com.ng,2.34E+12,Bayelsa,Technology,Data Analyst,Full Time,Active,9/29/2020,,594000 NGN,UBA,1827060937,HND,14,2,1,EMP-01073,Abuja Office,40652664267,NULL
EMP-01011, Wale,Ogundimu,male,11/24/1998,wale.ogundimu@gtechsol.ng,799883433,Kaduna,Human_Resources,HR Business Partner,PART-TIME,Active,8/28/2018,,"??236,000",Zenith Bank,4423801858,M.Sc,24,2,Unknown,EMP-00216,lag hq,4433050980,88847117-4955
EMP-00165, Sade,Usman,F,3-Aug-79,sade_usman@gtechsol.ng,0074-848-3576,Cross River,supply chain,Logistics Coordinator,contract,Terminated,1/23/2025,29.05.2025,322000 NGN,NULL,6687666402,OND,N/A,14,B,EMP-01079,Lagos - Head Office,91660100231,94206105-1221
EMP-00776,Chukwuemeka,abdullahi,male,16.12.1982,chukwuemeka@gtechsol.ng,0085-431-4984,Ekiti,Human Resources,Recruitment Specialist,Part-Time,Active,7/1/2023,,224000,GTBank,3811193825,B.Eng,5 yrs,14,n/a,EMP-00501,Abuja Office,78760287490,65517458-5110
EMP-00232,Tunde, Ibrahim,M,27-Apr-79,tunde.ibrahim@gtechsol.ng,2.34E+12,Oyo,HUMAN RESOURCES,HR Business Partner,contract,Terminated,23.02.2024,29.04.2025,NGN 359000,Stanbic IBTC,9246333533,B.A,17,20,Needs Improvement,EMP-00579,Ikeja,46666170715,91827614-7370
EMP-01080, Nneka,yusuf,FEMALE,1/20/1985,nyusuf@gtechsol.ng,2.34E+12,Cross River,sales,Sales Executive,PT,Active,27/10/2022,,NGN 379000,FCMB,"9,636,571,386",#N/A,20,14,Meets Expectations,EMP-00544,Kano Office,43953725801,55131042-4803
EMP-00496,BISI,Garba,female,25-Jul-89,garba.bisi@gtechsol.ng,749881980,Kaduna,Legal,Compliance Officer,FULL-TIME,Active,23.01.2022,,359000,GTBank,4364259725,Ph.D,5 yrs,7,N/A,EMP-01273,VI Office,63992879872,79711961-9143
EMP-01237,ayo,Yusuf,male,12/2/1985,ayo_yusuf@g-tech.com.ng,2.34E+12,Ogun,Human Resources Dept,HR Business Partner,Contract,Suspended,5/2/2022,,NGN 210000,FCMB,1230992245,Unknown,8,20,4,EMP-01315,Ikeja,N/A,20062900-2017
EMP-01439,CHIOMA,Ogundimu,Female,5/16/1990,cogundimu@g-tech.com.ng,2.34E+12,Enugu,Supply Chain,Warehouse Manager,Full-Time,Suspended,1/30/2019,,357000 NGN,GTBank,2609807338,HND,10,12,C,EMP-01472,LAGOS HQ,60592338925,88437778-3007
EMP-00025,joke,Abdullahi,Female,13-Nov-92,joke@gtech-solutions.ng,2.34E+12,Edo,Supply Chain Dept,Logistics Coordinator,Part Time,Active,17-Oct-21,,"#146,000",Fidelity Bank,9237475801,B.Eng,11,20,C,EMP-00038,Port Harcourt Branch,57332214188,80669879-1618
EMP-00860,obiageli,Adeleke,F,11/11/1981,adeleke.obiageli@gtech-solutions.ng,2.34E+13,Enugu,Operations Dept,Process Analyst,PART-TIME,Active,12/25/2019,,159.0K,First Bank,2747989436,B.Eng,8,0,D,EMP-01067,lagos hq,17939431491,19560033-6836
EMP-01143,Chinwe, Nwosu,FEMALE,1/8/1999,chinwe.nwosu@gtechsolutions.com.ng,0083-756-1388,Plateau,Operations,Process Analyst,FT,Active,5-Oct-21,,306000 NGN,Keystone Bank,8459026020,MBA,20,20,N/A,EMP-00859,Lagos - Head Office,89082371059,32066093-4233
EMP-00043,Rotimi,Nwachukwu,MALE,12-Feb-00,rotimi@gtechsol.ng,2.34E+12,Osun,customer service,Customer Service Rep,Part Time,Active,18-May-21,,117.0K,First Bank,263523160,M.Sc,11,21,1,EMP-01424,VI Office,65479356465,85678734-4273
EMP-00059,Chidi,ogundele,Male,9/13/1987,chidi.ogundele@gtech-solutions.ng,2.34E+11,Anambra,OPERATIONS,Operations Manager,full-time,Active,11/19/2022,,"#185,000",First Bank,1541964762,B.Eng,25,2,Below Average,EMP-01097,Lekki,79970246299,63917932-1635
EMP-00648,Obiageli, Okafor,F,10-Oct-80,okafor.obiageli@gtechsolutions.com.ng,0089-908-7865,Oyo,operations,Process Analyst,Full-Time,Active,2/4/2024,,"??213,000",Sterling Bank,6668836399,MBA,Unknown,20,D,EMP-00368,VI Office,n/a,Not Available
EMP-00890,dupe,Okwu,female,12/10/1988,dokwu@g-tech.com.ng,868981570,Ondo,Finance Dept,Accountant,Part-Time,Active,10/23/2021,,"N485,000",First Bank,9929927811,HND,16,5,1,EMP-00105,Lagos Island,43894752897,31734541-6000
EMP-00817,Dapo,AKINTOLA,MALE,21.11.1989,akintola.dapo@gtechsolutions.ng,2.34E+11,Delta,Human_Resources,HR Officer,CONTRACT,Active,04.07.2022,,"??357,000",Zenith Bank,9552984251,M.Sc,NULL,10,2,EMP-00019,GRA PH,21187490044,17334310-2011
EMP-00083,Bisi, Usman,Ms,26.10.1999,usman.bisi@gtech-solutions.ng,2.34E+12,Osun,Human_Resources,HR Officer,Part-Time,Active,5-Jun-22,,NGN 329000,Fidelity Bank,6104873480,SSCE,16,0,N/A,EMP-00578,lagos hq,3120735647,72234675-1519
EMP-01150,DAPO,Afolabi,m,11-Aug-84,dafolabi@gtechsol.ng,2.34E+11,Ondo,legal,Compliance Officer,part-time,Active,22-Jul-18,,"??363,000",GTBank,4335117809,SSCE,20,10,Excellent,EMP-00201,Wuse II,96753600454,91417978-5619
EMP-01074,Bolu,Ajayi,m,4/9/1983,bolu.ajayi@gtechsolutions.ng,2.34E+11,Abuja,executive,Chief Technology Officer,FT,Active,6/7/2020,,1846000,FCMB,6724444748,M.Sc,1 year,2,B,,Lagos Island,25301281940,24577517-2470
EMP-00737,Dupe, Adeleke,female,1/20/2000,adeleke.dupe@gtechsol.ng,2.34E+11,Edo,Executive,Chief Technology Officer,Part-Time,Active,11-Aug-18,,"??2,273,000",Keystone Bank,8987143855,OND,7,20,Below Average,,Kano Office,41000665848,42325946-4791
EMP-00917,Titilayo,aliyu,Ms,10/3/1996,taliyu@gtech-solutions.ng,2.34E+12,Imo,executive,Chief Executive Officer,PT,TBD,5/25/2019,,NGN 953000,GTBank,6536939931,M.Sc,13,2,1,,lagos hq,20156914616,50102873-2254
EMP-00767,adekunle, Obi,male,3/1/1996,adekunle_obi@gtechsolutions.ng,2.34E+13,Abuja,Marketing,Marketing Executive,Full Time,Active,11/6/2023,,315000,UBA,7769692370,B.Eng,14,7,Good,EMP-00787,Wuse II,57433919580,NULL
EMP-01008,TUNDE, Obi,MALE,10/2/1986,obi.tunde@gtechsolutions.ng,2.34E+12,Kano,Human_Resources,HR Manager,part-time,Active,12/10/2019,,380000,Fidelity Bank,6266749072,B.A,7,5,NIL,EMP-00594,lag hq,63555012199,45238544-6701
EMP-00391,ADUNOLA,aliyu,FEMALE,5-Oct-76,adunola.aliyu@gtech-solutions.ng,2.34E+12,Imo,sales,Sales Executive,CONTR,Active,25.09.2023,,NGN 120000,Ecobank,894961545,M.Sc,14,10,Meets Expectations,EMP-00062,Lagos HQ,88959274116,66771729-2840
EMP-00376, Chidinma,Ogundele,FEMALE,5-Dec-88,cogundele@g-tech.com.ng,2.34E+13,Enugu,Customer Service,CS Manager,CONTR,Active,27.04.2020,,"??97,000",Zenith Bank,5339143600,B.Eng,13,7,1,EMP-00482,VI Office,89273961597,44543935-1144
EMP-00168,LANRE,nwachukwu,m,2/16/1993,lanre.nwachukwu@g-tech.com.ng,0083-723-5826,Not Available,human resources,HR Manager,Contract,TBD,8/10/2019,,143000,Access Bank,4208320641,B.Sc,10,12,Excellent,EMP-00320,LAGOS HQ,28206678498,40509683-7941
EMP-00687,Amaka,Okafor,Ms,22-Aug-94,amaka_okafor@g-tech_com_ng,2.34E+12,Cross River,executive,Chief Operating Officer,Full Time,NIL,01.07.2022,,2869000,,7418095476,B.Eng,14,21,N/A,,VI Office,#N/A,94713199-6784
EMP-00580,Chidi,Ogundele,m,4/1/1993,chidi@gtechsol.ng,785380404,Imo,Supply Chain Dept,Logistics Coordinator,PT,Active,10/28/2023,,"??377,000",UBA,"5,072,587,373",B.Eng,NULL,21,B,NULL,Kano Office,65403079915,18069355-3949
EMP-00419,Blessing ,Ajayi,female,10/19/1977,blessing@gtech-solutions.ng,2.34E+12,Edo,Technology Dept,Systems Administrator,Part Time,Active,4-Aug-18,,642000,Sterling Bank,"9,081,763,060",M.Sc,NIL,NULL,1,EMP-01493,Kano Office,44486722883,50357936-8681
EMP-01181,Ngozi, Aliyu,F,18/03/1985,ngozi@gtech-solutions.ng,2.34E+13,Imo,Finance,Treasury Officer,FT,Inactive,10/2/2020,,NGN 623000,GTBank,9206621007,OND,4,5,C,EMP-00672,GRA PH,67407949179,NIL
EMP-00958, Lanre,ajayi,Mr,15.03.1999,lanre_ajayi@gtechsol.ng,2.34E+12,Kaduna,marketing,Content Strategist,contract,Active,10.06.2018,,"N308,000",UBA,8492528683,B.Sc,13,2,Exceeds Expectations,EMP-00193,Kano Office,20736174574,94104688-2087
EMP-01324,Adekunle ,Okonkwo,m,16-Jun-82,okonkwo.adekunle@g-tech.com.ng,2.34E+12,Plateau,Marketing,Digital Marketing Officer,CONTRACT,Active,1/1/2023,,"??197,000",FCMB,"5,481,293,059",B.A,15,2,C,EMP-01411,GRA PH,15160080443,81898599-4736
EMP-00605,Muyiwa,Okonkwo,Male,23/04/1981,muyiwa605@gtech-solutions.ng,+234 075 722 0778,Edo,MARKETING,Marketing Analyst,Part Time,Active,10-Jan-22,,NGN 217000,GTBank,8830610301,TBD,11,7,C,EMP-00729,Lagos HQ,50417372234,75345837-9230
EMP-00280,Babatunde,aliyu,m,20.01.1988,babatunde_aliyu@gtechsol.ng,859344176,Benue,Finance Dept,Senior Accountant,Full-Time,Active,9/28/2020,,NGN 350000,GTBank,3361117185,SSCE,4,7,Meets Expectations,EMP-00055,Lagos - Head Office,32239982137,#N/A
EMP-01478,Adebayo,Okwu,m,20-Nov-88,adebayo@gtechsolutions.ng,0090-525-7468,Anambra,Supply Chain Dept,Logistics Coordinator,CONTRACT,On Leave,14-Jan-23,,"#359,000",First Bank,1358943125,M.Sc,TBD,14,Outstanding,EMP-01420,Lekki,43383645482,94836242-6924
EMP-01375, Chukwuemeka,adewale,Male,2-Feb-79,chukwuemeka_adewale@g-tech.com.ng,749504138,Delta,EXECUTIVE,Chief Executive Officer,PT,Active,7/13/2019,,"N2,075,000",Stanbic IBTC,4748493308,MBA,6,21,Below Average,,Lagos HQ,95540934368,82507276-7829
EMP-00864,Nnamdi,Ogundele,MALE,17-Mar-97,nnamdi864@gtechsol.ng,2.34E+12,Kaduna,executive,Chief Operating Officer,Contract,On Leave,9/19/2018,,3281000 NGN,Fidelity Bank,7112103453,N/A,12,10,Good,n/a,GRA PH,Unknown,40397665-4607
EMP-00848,Chidi,mohammed,m,6/18/1998,mohammed.chidi@gtech-solutions.ng,717659900,Bayelsa,Marketing,Content Strategist,PT,Active,05.01.2018,,"??307,000",First Bank,4389672137,TBD,,14,N/A,EMP-00743,lag hq,19679296058,41454692-2320
EMP-00377,DUPE, Ogundele,Ms,3/28/1983,dogundele@gtechsolutions.ng,2.34E+12,Nasarawa,sales,Account Manager,CONTRACT,Active,20.10.2021,,201000,Stanbic IBTC,9082423578,B.A,3,12,Exceeds Expectations,EMP-00248,Abuja Office,4298514486,41230983-1530
EMP-00792, Titilayo,Afolabi,female,14-Jun-89,titilayo@gtechsol.ng,709199259,Imo,EXECUTIVE,Chief Executive Officer,Part Time,,18/09/2022,,"#1,071,000",Stanbic IBTC,2862111153,B.Eng,6,0,Exceeds Expectations,,Lekki,43086042831,28830077-4477
EMP-00274,Dapo ,Obi,Male,3/22/1992,dapo.obi@gtechsolutions.ng,+234 082 112 7889,Anambra,sales,Sales Executive,contract,Terminated,9/17/2018,29.07.2020,362000,Fidelity Bank,8244577934,M.Sc,17,21,1,EMP-00323,GRA PH,93762974549,12688078-4215
EMP-00581,Uche ,ADEYEMI,m,9/5/1987,adeyemi.uche@gtechsolutions.com.ng,2.34E+12,Bayelsa,FINANCE,Finance Analyst,Part-Time,Active,18-Jan-18,,245000 NGN,Fidelity Bank,192342587,SSCE,15,15,5,EMP-01077,Port Harcourt Branch,55381518272,35205271-9441
EMP-01346, Titi,OKONKWO,Ms,23.10.1982,titi_okonkwo@gtechsolutions.ng,0088-814-7970,Ekiti,Supply Chain Dept,Procurement Officer,full-time,Active,4/18/2019,,"N276,000",Stanbic IBTC,3604453638,SSCE,19,0,B,EMP-01118,Lagos Island,54499707554,81585819-9955
EMP-00991,Toyin,Usman,f,20/08/1984,usman_toyin@gtech-solutions_ng,2.34E+12,Oyo,Supply Chain Dept,Procurement Officer,FULL-TIME,Active,1/21/2023,,NGN 334000,Keystone Bank,6597022488,HND,18,5,Meets Expectations,NULL,GRA PH,6782465530,30029989-3965
EMP-01112,Oluwatobi,Adewale,M,3/4/2000,oluwatobi_adewale@gtechsolutions.com.ng,2.34E+12,NIL,FINANCE,Finance Manager,full-time,Active,6-Aug-18,,"??292,000",UBA,4622063378,B.A,NIL,NULL,3,EMP-00128,NIL,77226966734,80070728-8148
EMP-01421,Muyiwa,Okwu,MALE,5-May-87,muyiwa@gtechsol.ng,2.34E+13,Delta,operations,Process Analyst,PART-TIME,Active,1/12/2018,,370000,Access Bank,"9,767,044,728",MBA,23,12,C,EMP-00264,Ikeja,#N/A,63149635-5131
EMP-00494,BOLA, Fashola,Ms,17-Oct-75,bola494@gtechsolutions.ng,805502386,Ogun,MARKETING,Content Strategist,PART-TIME,Active,19.06.2024,,389000,Polaris Bank,295814767,M.Sc,14,Unknown,D,EMP-00900,Ikeja,39962637792,69597939-2142
EMP-00886, Kehinde,Nwachukwu ,Female,13/01/1979,kehinde886@gtechsol.ng,0085-309-6268,N/A,Human Resources,HR Manager,contract,Active,8/5/2021,,356000,Zenith Bank,1975581580,B.A,24,0,5,EMP-00090,Lagos Island,NULL,91696589-8113
EMP-00534,akin,Nwofor,Mr,9/2/1976,akin534@gtech-solutions.ng,2.34E+12,Rivers,MARKETING,Content Strategist,contract,Active,6-May-21,,"??330,000",Polaris Bank,3823078593,MBA,9,7,D,EMP-00224,Abuja Office,8518466898,53151943-4643
EMP-00975,Kemi,Afolabi ,female,11-Mar-97,kemi975@g-tech.com.ng,+234 073 878 8584,Bayelsa,Sales,Sales Executive,Full Time,Active,3-Jul-23,,"#388,000",Polaris Bank,"9,760,945,566",OND,15,10,3,EMP-00891,Lagos - Head Office,4259765712,50031674-6735
EMP-00560,Tobi,Garba,MALE,10/17/1977,tobi560@g-tech.com.ng,2.34E+13,Ogun,Legal Dept,Legal Officer,part-time,Active,11/24/2022,,244.0K,Zenith Bank,3459298359,NULL,2,0,B,EMP-01246,Port Harcourt Branch,34354869521,23706710-6827
EMP-00631,Yemi, Fashola,M,11-Aug-78,fashola.yemi@gtechsol.ng,+234 080 597 7570,Anambra,Technology,Systems Administrator,contract,Inactive,13.03.2021,,"#316,000",First Bank,6920788809,B.Eng,11,0,4,EMP-00917,Port Harcourt Branch,64842109222,45643561-6546
EMP-00674,joke,Yusuf ,FEMALE,20.09.1999,joke674@g-tech.com.ng,873408715,Kano,customer service,CS Manager,CONTR,Active,17-Oct-19,,"??97,000",Zenith Bank,"6,948,680,585",B.A,22,12,5,EMP-00465,Lagos - Head Office,76318559670,26543328-8130
EMP-00407,Bolu,Usman,male,19-Apr-98,bolu.usman@gtechsolutions.ng,0074-799-5191,Abuja,Supply Chain,Warehouse Manager,full-time,Active,1/3/2021,,NGN 226000,Stanbic IBTC,"9,112,094,011",MBA,N/A,5,C,EMP-00335,Kano Office,NIL,77268176-9623
EMP-00686,Tolu, Taiwo,female,11/2/1995,taiwo.tolu@gtech-solutions.ng,2.34E+12,Edo,Executive,Chief Financial Officer,PART-TIME,On Leave,18-Aug-18,,"#3,160,000",Ecobank,784643101,B.A,3,21,C,,Abuja Office,95945921185,33208465-4762
EMP-01380,Tunde,abdullahi,MALE,16-Dec-99,abdullahi.tunde@gtech-solutions.ng,821539349,Kano,Executive Dept,Chief Operating Officer,contract,Active,19-Apr-20,,"??2,952,000",UBA,986496399,B.A,,2,5,,VI Office,Not Available,87969841-5810
EMP-00540,Chinw3,Babatunde ,F,10-Jun-85,chinwe540@g-tech.com.ng,2.34E+13,Kaduna,Operations,Operations Coordinator,Contractor,Terminated,11-Nov-21,15-Jun-24,NGN 121000,FCMB,4542979416,M.Sc,10,15,B,EMP-00704,Lagos HQ,48467332291,31882161-5643
EMP-00582,titi,Obi,F,8/1/1993,titi.obi@g-tech.com.ng,2.34E+12,Kano,Executive,Chief Operating Officer,PT,Active,4/2/2025,,2515000,Keystone Bank,"2,474,441,529",#N/A,10,2,1,,Port Harcourt Branch,46403507695,57284472-4446
EMP-01496,Femi,Adewale,MALE,11/10/1994,femi_adewale@gtechsol_ng,743203660,Ekiti,Legal Dept,Legal Manager,Full Time,Terminated,26-Jan-22,2/18/2024,285 NGN,Ecobank,7794177751,MBA,22,15,Outstanding,EMP-01158,Port Harcourt Branch,14022680814,43156217-6269
EMP-00082,Oluwatobi ,Abdullahi ,Male,11/12/1976,oluwatobi.abdullahi@gtech-solutions.ng,2.34E+12,Enugu,Finance,Accountant,part-time,Active,28.07.2020,,325000,Stanbic IBTC,166689831,B.Eng,19,20,A,EMP-00466,Ikeja,64240082547,76025948-8816
EMP-01213, Dupe,BABATUNDE,female,10/5/1997,dupe213@gtech-solutions.ng,2.34E+12,Nasarawa,Operations Dept,Operations Coordinator,FULL-TIME,NIL,22.03.2025,,"N366,000",Polaris Bank,4710542503,M.Sc,4,15,,EMP-01409,lagos hq,18880695131,46977963-3676
EMP-01142,Obinna,Ibrahim ,M,2/10/1993,obinna142@gtechsolutions.com.ng,2.34E+12,Enugu,Supply Chain,Procurement Officer,CONTR,Active,23/06/2021,,"??187,000",Polaris Bank,337981948,MBA,20,14,3,EMP-00787,Ikeja,17874105663,65239160-3920
EMP-00690,Funmilayo,ADEOLA,Ms,2/21/1985,funmilayo_adeola@gtech-solutions.ng,2.34E+12,Imo,EXECUTIVE,Chief Financial Officer,contract,Active,6/6/2022,,NGN 2607000,Ecobank,5003062341,B.Sc,NIL,15,Good,,Wuse II,35373965272,89953100-6192
EMP-00730,Yinka ,Obiora,Ms,25.08.1997,yinka730@gtechsolutions.ng,2.34E+13,Cross River,Operations,Operations Coordinator,Contractor,Active,8/2/2025,,371000,Stanbic IBTC,360414348,Ph.D,16,20,,EMP-00908,lag hq,29696524157,
EMP-00612,bisi,adeyemi,Ms,5/11/1975,bisi.adeyemi@gtechsolutions.ng,2.34E+12,Imo,Marketing,Brand Manager,Full Time,Active,21/05/2019,,302.0K,Zenith Bank,2353784115,M.Sc,9,14,D,EMP-00501,VI Office,84256116159,92021749-6096
EMP-00426,DELE,taiwo,male,9-Apr-82,dele_taiwo@gtechsol.ng,2.34E+12,Kano,human resources,HR Business Partner,PT,Active,28/05/2024,,335000 NGN,NIL,"2,673,445,583",M.Sc,3,15,#N/A,EMP-01115,#N/A,99100420288,65999543-7832
EMP-00261,Kelechi ,Haruna,Mr,7/5/1993,kharuna@gtechsolutions.com.ng,768005981,Imo,Customer_Service,Customer Experience Officer,Full Time,Active,6/29/2019,,225000,First Bank,117992327,Ph.D,24,15,3,EMP-01123,lag hq,58298493306,54044033-9336
EMP-00669,yinka,Adeola,f,1/17/1980,yadeola@gtech-solutions.ng,+234 075 951 6874,Ekiti,Finance,Finance Analyst,Contract,Active,12/30/2019,,"#600,000",Keystone Bank,3985003577,Ph.D,10+ years,15,Outstanding,EMP-01230,GRA PH,3250274962,42173137-4774
EMP-00542,Titilayo,Nzeka,F,6/20/1993,nzeka.titilayo@gtech-solutions.ng,845962954,Rivers,Supply Chain Dept,Warehouse Manager,CONTRACT,Active,3-Nov-22,,308000,Fidelity Bank,9272116312,MBA,12,10,Needs Improvement,EMP-00707,lagos hq,52078821651,Not Available
EMP-00683, Titilayo,Adeola,F,5/27/1995,titilayo683@gtechsolutions.ng,2.34E+12,Imo,Marketing,Marketing Analyst,Contract,Active,30/03/2020,,"#289,000",GTBank,"9,647,148,378",MBA,12,21,Outstanding,EMP-00893,Port Harcourt Branch,83127534183,91515342-6642
EMP-00763,CHUKWUEMEKA,Garba,Male,13/11/1992,chukwuemeka763@gtechsolutions.ng,2.34E+12,Benue,human resources,Recruitment Specialist,Contractor,Active,6/5/2024,,"#327,000",UBA,8200973170,M.Sc,20,14,Meets Expectations,NULL,Ikeja,71036305695,97309833-7802
EMP-00746,Kehinde,Adeleke,Female,7-May-92,kehinde@gtechsolutions.com.ng,2.34E+11,Benue,Marketing,Digital Marketing Officer,Part Time,Active,22.12.2018,,314.0K,TBD,2809331583,N/A,14,10,Good,EMP-00889,GRA PH,91009166595,N/A
EMP-00207, Lola,Nwosu ,female,26/06/1996,nwosu.lola@gtechsolutions.com.ng,0089-979-2694,Kano,Human_Resources,HR Business Partner,FULL-TIME,NULL,9/29/2023,,283000,Sterling Bank,7775259340,HND,14,7,Needs Improvement,NULL,VI Office,86376731625,27921592-7551
EMP-00157,Kelechi,Chukwu ,Mr,12/11/1990,kelechi157@gtech-solutions.ng,2.34E+12,Edo,SUPPLY CHAIN,Supply Chain Analyst,Full-Time,Active,5/16/2021,,385000,Keystone Bank,6031997439,HND,7,10,#N/A,EMP-00534,Port Harcourt Branch,14628314359,78642629-3687
EMP-00489, Funmilayo,Adewale,f,9/10/1988,funmilayo489@gtechsolutions.com.ng,2.34E+11,Anambra,CUSTOMER SERVICE,CS Manager,Full Time,Active,26/08/2018,,245000 NGN,Keystone Bank,5150532363,MBA,2,2,N/A,,Wuse II,64770906761,41841589-8619
EMP-00796,Nneka, Ajayi,f,3-Jun-93,nneka.ajayi@gtechsolutions.ng,2.34E+13,Ogun,technology,Data Analyst,Part-Time,Active,15.01.2024,,"??833,000",Zenith Bank,"6,658,655,632",B.A,22,2,Below Average,EMP-00779,LAGOS HQ,23047725961,58506018-6645
EMP-01173, Dupe,Taiwo ,female,24/01/1988,dupe173@g-tech.com.ng,2.34E+12,Anambra,executive,Chief Financial Officer,Full-Time,Active,29-Nov-23,,1954000,Stanbic IBTC,5944962594,HND,17,21,N/A,#N/A,Port Harcourt Branch,23616010972,84986453-4388
EMP-01191,Onyinye ,ogundele,f,6/9/1990,onyinye@g-tech.com.ng,0070-874-7856,Oyo,LEGAL,Legal Manager,Contract,Active,5/14/2022,,306000 NGN,Stanbic IBTC,939987693,Ph.D,8,15,5,EMP-00749,lagos hq,11135492586,52912379-7680
EMP-00005,Obinna,ADEOLA,Male,8/17/1993,oadeola@g-tech.com.ng,882022698,Benue,LEGAL,Compliance Officer,Full-Time,Active,30.04.2021,,"N229,000",FCMB,8380507338,M.Sc,20,21,1,EMP-00419,VI Office,n/a,77898694-5345
EMP-00334,Bola,lawal,FEMALE,3/5/1998,bola.lawal@g-tech.com.ng,902128985,Enugu,Finance Dept,N/A,part-time,Active,5/18/2024,,"N269,000",Polaris Bank,548838224,MBA,,NULL,C,Unknown,Abuja Office,12413936967,96874609-8436
EMP-00245,Sola,Babatunde,Male,25/06/1988,sola_babatunde@gtechsolutions.ng,2.34E+12,Rivers,Operations,Operations Coordinator,contract,Inactive,11/1/2019,,NGN 230000,GTBank,160091507,B.Sc,9,0,n/a,n/a,Lagos - Head Office,TBD,
EMP-00649,Bisi,OKAFOR,f,3/11/1980,bokafor@g-tech.com.ng,2.34E+12,Kaduna,Supply_Chain,Supply Chain Analyst,contract,Active,11-Jan-20,,"N221,000",Sterling Bank,"9,010,195,574",HND,10,10,Good,EMP-01033,VI Office,43511026939,37571480-4850
EMP-01283,Emeka ,Obiora,Mr,9/17/1985,emeka.obiora@gtech-solutions.ng,761307072,Cross River,operations,Process Analyst,Part Time,Active,19-Sep-23,,252000,Access Bank,660149470,Not Available,5,14,A,EMP-01202,Lagos Island,35395956917,TBD
EMP-00846, Dotun,ogundele,m,4-Sep-91,dotun_ogundele@gtechsolutions.ng,844943599,Cross River,HUMAN RESOURCES,Recruitment Specialist,Contractor,Active,4/9/2021,,194.0K,Polaris Bank,708863636,SSCE,1,21,Good,EMP-00906,lag hq,55300173141,33097318-6758
EMP-00193,Obiageli,Akintola,female,1/10/1986,obiageli.akintola@g-tech.com.ng,+234 090 728 6684,Benue,Customer Service Dept,Customer Service Rep,CONTR,Active,15.01.2022,,184.0K,UBA,161452171,MBA,5 yrs,2,4,EMP-01177,lagos hq,18097887543,49334559-4998
EMP-00329,Biodun,Adewale,male,7/20/1999,biodun.adewale@gtech-solutions.ng,886570713,Rivers,Technology,Data Analyst,FULL-TIME,Active,1/3/2024,,"N258,000",#N/A,6769247261,MBA,19,10,Below Average,#N/A,LAGOS HQ,33261454307,39529338-8502
EMP-00838, Oluwatobi,mohammed,m,17.04.1975,oluwatobi.mohammed@g-tech.com.ng,2.34E+12,Ondo,Human_Resources,HR Manager,Contract,Active,30.03.2021,,419.0K,Access Bank,8917312954,B.A,17,14,Good,EMP-00388,Port Harcourt Branch,8892585783,83058802-1738
EMP-00506,Nnamdi ,NWOSU,m,04.09.1995,nnamdi_nwosu@gtech-solutions.ng,0074-919-1897,Ogun,Executive,Chief Technology Officer,FULL-TIME,Active,17-Nov-23,,"N2,762,000",Sterling Bank,5983502741,B.A,25,15,Meets Expectations,,GRA PH,45498367146,85738883-1578
EMP-01206,Biodun,Ad3y3mi,male,9/12/1990,adeyemi.biodun@gtech-solutions.ng,2.34E+12,Oyo,human resources,HR Officer,part-time,Active,6/27/2019,,407000,GTBank,5289257901,Ph.D,16,2,2,EMP-00789,lag hq,78328453812,26752376-8111
EMP-00855,Ronke,akintola,Ms,19-Jul-87,ronke.akintola@gtechsolutions.ng,0090-705-0978,Anambra,Sales,Account Manager,PT,On Leave,2/20/2023,,335.0K,Sterling Bank,"7,479,329,648",B.Sc,24,10,2,EMP-00857,Kano Office,77442221242,24457220-8857
EMP-01299, Taiwo,Okonkwo,FEMALE,8/14/1977,tokonkwo@gtech-solutions.ng,2.34E+12,Enugu,Technology Dept,Data Analyst,PT,#N/A,23.10.2023,,845000,Zenith Bank,7685032295,B.Eng,5,21,Exceeds Expectations,EMP-00151,Lagos HQ,46408798173,78310588-9601
EMP-00056,Segun,Taiwo,m,3/23/1985,segun.taiwo@g-tech.com.ng,743642476,Abuja,Operations,Process Analyst,contract,Active,18.02.2019,,275000 NGN,Access Bank,5606488160,B.Eng,13,Not Available,4,EMP-00214,Port Harcourt Branch,13552157043,19099261-6742
EMP-00875,Bola,Nwachukwu,female,3/23/1985,bola875@g-tech.com.ng,2.34E+12,Enugu,Human Resources Dept,HR Business Partner,part-time,Active,18/05/2021,,345000 NGN,Stanbic IBTC,6945414650,B.Sc,5,21,C,EMP-01265,VI Office,39377727154,Not Available
EMP-00552,Dele,BABATUNDE,m,9/10/1991,dele_babatunde@gtechsolutions.com.ng,2.34E+12,Ogun,Operations,Operations Coordinator,FT,Active,31-Oct-21,,176000 NGN,Sterling Bank,8348583061,B.Sc,17,21,2,EMP-00619,Ikeja,Unknown,85204539-2982
EMP-01487,Remi, Lawal,M,1-May-96,remi@gtechsolutions.com.ng,2.34E+12,Nasarawa,Sales Dept,Sales Manager,CONTR,Active,3/8/2022,,336000,First Bank,455717610,Ph.D,1,21,Average,EMP-01171,Port Harcourt Branch,39890855327,Not Available
EMP-01376,Onyinye,Babatunde,f,26-Jul-85,onyinye.babatunde@gtechsolutions.ng,2.34E+13,Imo,human resources,HR Officer,FT,Active,21-Apr-18,,"N149,000",Sterling Bank,"8,744,435,732",OND,16,0,5,EMP-00731,Abuja Office,16111284256,90171186-7468
EMP-00641,Omowunmi,Adeyemi,female,8-Sep-93,omowunmi.adeyemi@gtechsolutions.ng,799954259,Lagos,operations,Process Analyst,full-time,Terminated,19-Oct-24,04.02.2025,306000,Stanbic IBTC,7455461147,B.Eng,8,10,B,EMP-00116,Lekki,34014215634,56086149-3900
EMP-00315,Onyinye,OBIORA,Ms,9/14/1982,onyinye315@g-tech.com.ng,2.34E+12,Osun,Customer Service,CS Manager,contract,Active,13/05/2024,,183.0K,TBD,5899813434,SSCE,19,n/a,N/A,EMP-00272,lagos hq,57898260418,86724177-7038
EMP-00126,Funmilayo, Adeyemi,FEMALE,16-Jul-89,funmilayo126@g-tech.com.ng,2.34E+12,Imo,Human_Resources,HR Manager,part-time,Terminated,04.07.2023,15-Jun-24,NGN 197000,Not Available,380918479,B.Sc,23,15,Meets Expectations,EMP-00959,Lagos - Head Office,22438649081,78909330-2763
EMP-01120, Chioma,Oduya,Ms,01.11.1997,chioma120@gtechsolutions.com.ng,2.34E+12,Kano,finance,Internal Auditor,Contract,Active,19-Jul-21,,"??447,000",Polaris Bank,"6,515,686,835",B.A,9,10,Not Available,EMP-00691,Abuja Office,33343172749,40074110-2582
EMP-00186,GBEMI,Ibr@him,m,15/10/1996,gibrahim@gtech-solutions.ng,2.34E+12,Imo,Marketing,Digital Marketing Officer,Part Time,Active,8/30/2019,,"N364,000",Sterling Bank,5755971220,B.Eng,21,21,Outstanding,EMP-01349,Lekki,76792988425,87943552-6703
EMP-00900,Uchechi,Adegoke ,female,12/19/1995,uchechi.adegoke@gtech-solutions.ng,891908668,Rivers,legal,Legal Manager,contract,Active,18-Apr-21,,"#531,000",GTBank,357179215,B.A,20,10,Excellent,EMP-00790,VI Office,30524114207,60186509-2559
EMP-00976,Obiageli,Adegoke,F,10/14/1984,oadegoke@gtech-solutions.ng,+234 088 136 0182,Imo,finance,Internal Auditor,CONTR,Active,12/19/2020,,"N629,000",GTBank,3642601995,B.Sc,24,12,3,n/a,Abuja Office,57997065811,47239278-7041
EMP-00482,Adaora,OBI,Female,11/28/2000,obi.adaora@gtechsolutions.com.ng,889722474,Osun,supply chain,Supply Chain Analyst,part-time,Not Available,4/12/2022,,"N144,000",FCMB,6218241400,M.Sc,13,15,A,EMP-00559,Lagos HQ,92609674627,94439916-6451
EMP-00230,Lanre,Ogundele ,MALE,15-Nov-81,lanre@g-tech.com.ng,2.34E+11,Edo,Supply Chain,Procurement Officer,full-time,Active,2/4/2021,,134.0K,Polaris Bank,1635140305,Not Available,25,21,C,EMP-00399,GRA PH,22071511696,61175972-8772
EMP-01361,Wale,Afolabi,Mr,7/5/1991,wale_afolabi@gtechsolutions.com.ng,2.34E+12,Nasarawa,Operations,Operations Officer,Contractor,Active,2/12/2018,,163000 NGN,Stanbic IBTC,"8,776,600,131",SSCE,17,5,Good,EMP-01171,Abuja Office,65151747723,38071516-8052
EMP-01427,bolu, Chukwu,MALE,10/5/1981,bolu.chukwu@gtechsolutions.ng,2.34E+12,Lagos,Sales,Sales Executive,CONTR,Active,12.03.2018,,"N436,000",Keystone Bank,3767548002,B.Eng,24,2,N/A,EMP-01282,Lagos Island,NULL,81545151-7643
EMP-00022,TAIWO,Onuoha ,female,13/11/1993,taiwo@gtechsol.ng,806889195,Benue,Executive,Chief Financial Officer,FULL-TIME,Active,1/9/2020,,2065.0K,Keystone Bank,"9,702,693,937",Ph.D,3,5,Good,,LAGOS HQ,97643815614,89609131-8972
EMP-00024,Yemi,Adesanya ,MALE,15.08.1977,yemi.adesanya@gtech-solutions.ng,2.34E+11,Anambra,Operations Dept,Process Analyst,FT,Active,16/01/2025,,"??339,000",Zenith Bank,"3,587,283,948",B.Sc,3,20,Needs Improvement,EMP-00085,Lagos - Head Office,35978207151,33160465-1641
EMP-00565,Damilola,Fayemi ,m,11-May-89,damilola565@gtechsolutions.ng,2.34E+12,Enugu,Executive,Chief Operating Officer,FT,Active,16/08/2024,,2161000,UBA,2513533248,B.Eng,5,0,A,,LAGOS HQ,62538476691,TBD
EMP-01306,Lanre,Ibrahim,male,3/2/1975,librahim@gtech-solutions.ng,+234 088 604 8936,Kano,Supply Chain,Supply Chain Analyst,Contract,Active,6/2/2020,,232000 NGN,Polaris Bank,9133978830,OND,18,21,4,EMP-00434,Kano Office,#N/A,23348884-8615
EMP-00969,Chukwuemeka ,Nwofor ,Male,3/12/1993,chukwuemeka.nwofor@gtechsolutions.com.ng,2.34E+12,Abuja,customer service,CS Team Lead,FT,Active,29-Mar-18,,NGN 244000,Keystone Bank,4673629009,SSCE,5,Not Available,NULL,EMP-00347,Wuse II,25799883594,32661055-8064
EMP-00286,YINKA,Nzeka,Female,7/8/1982,yinka@g-tech_com_ng,723741108,Imo,Human_Resources,Recruitment Specialist,FT,Terminated,4/19/2020,4/20/2021,"#182,000",GTBank,4982151132,B.A,2,5,TBD,EMP-00603,lag hq,44037341678,29028482-8589
EMP-00501, Oluwaseun,okwu,m,8/6/1978,oluwaseun_okwu@gtechsol.ng,2.34E+11,Abuja,Customer Service Dept,CS Team Lead,Contractor,On Leave,8/29/2018,,"??165,000",Stanbic IBTC,4266213785,Ph.D,20,7,Meets Expectations,EMP-00559,Lagos Island,98359667715,89876792-1325
EMP-00798,Segun,Oduya ,MALE,8/16/1979,segun.oduya@gtechsol.ng,0087-167-9723,Ondo,SUPPLY CHAIN,Logistics Coordinator,CONTR,Active,6-Oct-21,,"#206,000",Keystone Bank,3074549424,M.Sc,15,10,D,EMP-01465,Lagos - Head Office,69685169217,71924700-2709
EMP-00321,Dotun,ADESANYA,male,4/10/1997,adesanya.dotun@gtech-solutions.ng,0079-462-7767,Oyo,legal,Company Secretary,full-time,Active,9/27/2018,,401000 NGN,Polaris Bank,8190081923,HND,4,12,N/A,EMP-00736,Lagos - Head Office,59520561006,86422833-1213
EMP-00171,Gbenga,Ajayi,M,11/14/1977,ajayi.gbenga@gtechsolutions.ng,748395861,Enugu,TECHNOLOGY,Systems Administrator,Part Time,Active,3/20/2021,,"??884,000",Polaris Bank,7737658873,HND,13,7,D,EMP-00715,LAGOS HQ,71121663651,91117090-8967
EMP-00091,Segun ,OGUNDIMU,M,10-Jul-88,sogundimu@gtech-solutions.ng,2.34E+13,Benue,SUPPLY CHAIN,Logistics Coordinator,CONTR,Inactive,12/24/2023,,"N180,000",Zenith Bank,5973777930,B.Sc,23,5,Exceeds Expectations,EMP-00766,Lekki,22330604633,18876667-3901
EMP-00237,Uchechi,Nwachukwu ,f,10/26/1987,unwachukwu@gtechsol.ng,2.34E+12,Anambra,sales,Senior Sales Rep,Part Time,Active,8-Apr-18,,317.0K,Fidelity Bank,7517616549,M.Sc,2,2,Excellent,EMP-00109,Abuja Office,53234159597,33517361-5747
EMP-01133,Taiwo , Ogundele,F,4/14/1984,taiwo133@gtechsol.ng,787822907,Abuja,Finance,Accountant,CONTR,Active,12-Jul-20,,274000 NGN,Sterling Bank,"7,050,697,203",B.Eng,8,14,Good,EMP-00963,Lekki,5345035816,99016164-6939
EMP-00291,lanre,oduya,Male,10/16/1990,loduya@gtechsolutions.com.ng,2.34E+12,Lagos,Marketing Dept,Digital Marketing Officer,PT,Terminated,22/03/2021,7/24/2022,133.0K,Ecobank,"2,393,185,834",MBA,4,12,5,EMP-00750,Kano Office,78136750094,30090581-2787
EMP-01365,IFEOMA,Chukwu,F,10/22/2000,ifeoma@g-tech.com.ng,0082-173-4109,Lagos,Operations,Process Analyst,Full Time,Suspended,6/3/2023,,380000,Access Bank,1592496203,Ph.D,9,0,Needs Improvement,EMP-01303,Lagos - Head Office,69278297253,35400983-9024
EMP-01139,Niyi,Adeyemi,Male,22/12/1988,niyi@gtech-solutions.ng,2.34E+12,Imo,Sales,N/A,Part-Time,Active,22.07.2020,,NGN 285000,Access Bank,7168259697,Ph.D,1,14,C,EMP-00904,Lagos HQ,69035034206,91898315-6626
EMP-00015,Funmilayo,musa,F,6/4/1983,funmilayo_musa@gtechsolutions_ng,2.34E+12,Ogun,MARKETING,Content Strategist,part-time,Active,14/08/2022,,277000 NGN,Fidelity Bank,3878201524,M.Sc,#N/A,20,2,EMP-01431,Lagos HQ,93248086131,25766039-3522
EMP-00462,Damilola, Garba,m,11/28/2000,damilola_garba@gtech-solutions.ng,2.34E+13,Benue,customer service,Customer Experience Officer,CONTRACT,Suspended,22-Feb-19,,82.0K,Fidelity Bank,9997616420,SSCE,4,10,5,EMP-01149,Abuja Office,38999068201,96302259-1212
EMP-01123,Ronke ,Garba,FEMALE,09.06.1985,garba_ronke@g-tech_com_ng,825065358,Rivers,Supply Chain Dept,Warehouse Manager,Full-Time,Active,9/24/2020,,136.0K,First Bank,6990619341,OND,TBD,14,B,EMP-01173,GRA PH,27836079890,86102730-8977
EMP-00536,Omowunmi ,Afolabi,FEMALE,10/17/1988,omowunmi_afolabi@g-tech.com.ng,2.34E+12,Benue,Finance,Senior Accountant,PART-TIME,Active,2-Jan-24,,318.0K,GTBank,296714313,B.A,8,2,Outstanding,EMP-01191,Kano Office,5962751934,43446484-9453
EMP-00583,Oluwakemi,Suleiman,female,23/05/1986,osuleiman@gtechsol.ng,2.34E+12,Nasarawa,Finance Dept,Accountant,Part Time,Active,13-May-21,,"??608,000",,"5,950,136,254",B.A,20,20,C,EMP-00544,lag hq,66239567125,39661697-6628
EMP-00473,Oluwakemi,Ibrahim ,F,6/20/1987,oluwakemi.ibrahim@gtech-solutions.ng,2.34E+12,Cross River,SALES,Sales Manager,CONTRACT,Terminated,20.04.2025,5/26/2025,"??400,000",FCMB,7801297060,B.Eng,10,12,Exceeds Expectations,EMP-01277,Port Harcourt Branch,14051318660,51275753-8390
EMP-00414,Okechukwu,OKAFOR,Male,8/19/1976,okechukwu_okafor@gtechsol.ng,0070-774-0917,Oyo,supply chain,Procurement Officer,CONTR,Terminated,7/3/2019,18-Nov-19,"#370,000",Stanbic IBTC,8059102593,B.Sc,8,0,1,EMP-01258,Wuse II,33557077312,Not Available
EMP-00453, Chukwuemeka, Ogundimu,MALE,7/6/1994,chukwuemeka.ogundimu@gtechsolutions.com.ng,0084-544-2996,Delta,Marketing Dept,Marketing Executive,PT,On Leave,7/18/2020,,"#201,000",Keystone Bank,569961021,OND,14,14,A,EMP-00105,Ikeja,38554514609,93994747-2324
EMP-01146,Wale ,Okwu,Male,3/1/2000,wokwu@gtech-solutions.ng,2.34E+12,Ekiti,MARKETING,Marketing Analyst,Part-Time,Active,8-Sep-23,,"#261,000",GTBank,"1,548,867,546",MBA,21,5,A,EMP-00517,Ikeja,29206654566,17230956-4107
EMP-00233,Amaka,Abdullahi ,Ms,23/11/1986,amaka.abdullahi@gtechsol.ng,2.34E+12,Rivers,sales,Senior Sales Rep,Full-Time,Active,25-May-21,,"N300,000",UBA,9795904190,TBD,23,n/a,1,EMP-00799,VI Office,60229394694,97689321-5466
EMP-01090,KUNLE,Haruna ,m,9/18/1998,kharuna@gtechsol.ng,2.34E+12,Rivers,Finance,NIL,FULL-TIME,Active,5/27/2018,,NGN 646000,Sterling Bank,6206448270,SSCE,6,10,Good,EMP-00259,Kano Office,10367400925,99460221-5317
EMP-00639,Uche ,Ez3,M,22-Feb-77,uche.eze@gtech-solutions.ng,2.34E+12,Lagos,HUMAN RESOURCES,Recruitment Specialist,contract,Active,8-May-18,,150000,Sterling Bank,4845675713,B.Eng,21,5,3,EMP-00918,#N/A,81388190114,54998937-7666
EMP-01154,babatunde,NWACHUKWU,male,22.12.1991,babatunde154@gtechsol.ng,2.34E+12,Delta,Technology,Systems Administrator,CONTRACT,Active,8/16/2023,,336000,Access Bank,7133984380,N/A,21,5,1,EMP-01078,Lagos - Head Office,29257836368,39868017-1284
EMP-01076,Uchechi,Ogundimu,FEMALE,12/19/1998,uchechi_ogundimu@gtechsolutions.ng,887189931,Ondo,SALES,Sales Executive,PT,N/A,2/1/2018,,317.0K,Keystone Bank,8743507369,#N/A,1 year,15,3,EMP-00202,Abuja Office,20943422082,21358774-9971
EMP-01019,Segun,Adesanya,Mr,18.08.1993,segun.adesanya@gtech-solutions.ng,+234 083 668 4601,Kaduna,Marketing Dept,Content Strategist,PT,Active,5/6/2024,,226000,Keystone Bank,614651443,B.Eng,11,5,Average,EMP-01114,Lekki,66334280911,25087157-7211
EMP-00068,Gbemi,Afolabi,male,20.07.1979,afolabi.gbemi@g-tech.com.ng,2.34E+12,Imo,Operations,Operations Officer,Part Time,Suspended,11.09.2022,,237000 NGN,Ecobank,9086117171,SSCE,6,12,A,EMP-01194,LAGOS HQ,84608106200,31600382-5695
EMP-00435,Dotun ,Usman ,M,23.12.1987,dotun@gtech-solutions.ng,2.34E+12,Bayelsa,Legal Dept,Legal Officer,full-time,Active,10.07.2024,,420000,Access Bank,1008854808,HND,1,12,5,EMP-00480,Lekki,77814564743,25873894-5844
EMP-01477,DUPE,Eze,FEMALE,3/27/1999,dupe477@gtechsolutions.com.ng,2.34E+12,Osun,human resources,HR Officer,FULL-TIME,Active,6/16/2024,,247000 NGN,Fidelity Bank,5899416761,B.A,16,7,Below Average,EMP-00267,Lagos Island,92978370124,26030950-1978
EMP-00293,oluwaseun, Nwosu,Male,16/06/1985,onwosu@g-tech.com.ng,2.34E+12,Edo,operations,Process Analyst,FT,On Leave,3/17/2025,,"#169,000",Ecobank,1996817103,OND,16,7,D,EMP-00600,Port Harcourt Branch,25825431832,24208449-3190
EMP-00238,Femi ,Nzeka,Male,5-Jan-99,femi_nzeka@gtechsolutions.ng,2.34E+12,Osun,CUSTOMER SERVICE,Customer Service Rep,Contractor,Active,1/19/2025,,151000,Stanbic IBTC,2759561728,SSCE,19,12,NULL,EMP-01279,Lekki,13541597099,32690870-6983
EMP-01275,Nnamdi , Babatunde,M,5/5/1993,babatunde.nnamdi@gtechsol.ng,0081-609-0126,Imo,Sales,Unknown,Full-Time,Active,3/2/2020,,158000,Ecobank,5448122423,B.Sc,4,0,Outstanding,EMP-00374,Abuja Office,79211700524,
EMP-01397,CHUKWUEMEKA,musa,male,3/26/1976,cmusa@gtechsol.ng,2.34E+12,Bayelsa,supply chain,Supply Chain Analyst,PT,Active,25-Mar-22,,268000,Access Bank,3164639022,Ph.D,9,15,Outstanding,EMP-01221,LAGOS HQ,57351549606,70085368-8120
EMP-00970,gbenga,Nzeka,Male,9/11/1987,gbenga_nzeka@gtech-solutions.ng,739232897,Osun,Technology,Software Developer,FT,Active,8/12/2020,,"??796,000",Access Bank,7304085815,HND,6,20,B,EMP-00045,GRA PH,74941171590,49687721-9205
EMP-00396, Yetunde,abdullahi,f,8/22/1981,yetunde.abdullahi@gtech-solutions.ng,2.34E+12,Plateau,CUSTOMER SERVICE,Customer Experience Officer,FULL-TIME,Active,6/12/2021,,NGN 110000,Zenith Bank,"4,636,227,602",Ph.D,25,5,Outstanding,EMP-01274,GRA PH,19387337034,49449705-6087
EMP-01351,bisi,Fashola ,Ms,17-Oct-94,bisi.fashola@gtechsolutions.com.ng,2.34E+12,Cross River,OPERATIONS,Operations Officer,Full Time,Active,29/03/2025,,NGN 189000,Access Bank,741552303,B.Sc,15,20,3,EMP-01445,Lekki,50575194342,77280921-3307
EMP-01003,Dele,ODUYA,m,17-Dec-85,oduya.dele@g-tech.com.ng,+234 081 741 4431,Edo,Finance Dept,Senior Accountant,CONTRACT,On Leave,11/24/2018,,493.0K,UBA,2077335031,M.Sc,19,12,Average,EMP-00615,Wuse II,36938058460,98733287-5306
EMP-01001,Yinka,okafor,Ms,6/3/1984,yinka.okafor@gtechsol.ng,2.34E+12,Benue,Human Resources Dept,Learning & Development Officer,FULL-TIME,Active,5/26/2021,,182.0K,Ecobank,8741362238,SSCE,13,12,5,EMP-00112,Abuja Office,75287997225,NULL
EMP-00154,Chidi,Mohammed ,Mr,10/19/1996,chidi_mohammed@gtechsolutions.com.ng,836362719,Ogun,Marketing,Brand Manager,Contractor,Active,3-Jan-24,,328000,Sterling Bank,"5,302,176,368",HND,Not Available,10,Below Average,EMP-01447,LAGOS HQ,74605233027,50144760-3608
EMP-00747,Adunola, Onuoha,Female,6/4/1990,adunola_onuoha@gtechsolutions_ng,809496767,Plateau,Customer_Service,CS Team Lead,Contract,Active,13-Jul-21,,"#113,000",FCMB,396731088,HND,4,2,NULL,,Lekki,27643494652,57799246-1997
EMP-00392,TAIWO,Nzeka ,FEMALE,9-Nov-81,tnzeka@gtech-solutions.ng,738655267,Imo,Legal,Legal Manager,CONTRACT,Terminated,1-Jul-19,4/9/2022,519000,Zenith Bank,9656747042,HND,10,5,A,N/A,Port Harcourt Branch,75302849760,#N/A
EMP-00757,Chukwuemeka,Nwosu ,m,2/3/1996,chukwuemeka_nwosu@gtech-solutions.ng,2.34E+12,Rivers,Executive,Chief Technology Officer,Contractor,NULL,12/24/2021,,1596000,Fidelity Bank,640024911,MBA,4,15,#N/A,,Port Harcourt Branch,31596378131,92041003-2027
EMP-01274,ADEKUNLE,Ogundele,m,02.03.1987,adekunle@gtechsol.ng,2.34E+12,Imo,HUMAN RESOURCES,HR Manager,part-time,Active,26-Sep-18,,"#243,000",FCMB,"3,228,639,033",OND,25,12,Below Average,EMP-00492,Abuja Office,14215825451,51063438-4568
EMP-01492,Tunji,AFOLABI,M,2/23/1987,afolabi.tunji@gtechsol.ng,2.34E+12,Osun,LEGAL,Legal Officer,PART-TIME,Active,4/10/2022,,"#376,000",Zenith Bank,"5,126,250,421",Unknown,3,14,Below Average,EMP-00931,Lekki,96939110989,83018720-4215
EMP-01290,Bolu,Onuoha,M,11/4/1996,bonuoha@gtech-solutions.ng,815045787,Lagos,Technology,IT Support,Contractor,Active,29/09/2023,,574000,n/a,668293354,B.A,#N/A,12,4,EMP-00269,Abuja Office,20417939538,NIL
EMP-00179,Ebele,Nzeka,F,3/5/1997,ebele.nzeka@gtechsolutions.ng,0072-542-4607,Edo,finance,Finance Analyst,PART-TIME,Active,26.06.2018,,NGN 335000,Keystone Bank,5250149467,HND,9,15,3,EMP-01457,Wuse II,33117030376,24030412-6577
EMP-00959,Babatunde,babatunde,Male,4/27/1998,bbabatunde@g-tech.com.ng,+234 088 130 9244,Rivers,Sales,Sales Executive,Contract,Active,27-Apr-19,,400000,First Bank,"2,025,631,155",M.Sc,23,10,Average,EMP-00636,GRA PH,58336597470,94494521-2708
EMP-01030,TAIWO,Nwofor,Female,21.05.1991,taiwo@g-tech.com.ng,788028142,Nasarawa,OPERATIONS,Facilities Manager,Contract,Inactive,9/3/2022,,"??296,000",Access Bank,523157755,Ph.D,3years,15,Outstanding,EMP-00330,lagos hq,Unknown,n/a
EMP-00436,Nneka ,HARUNA,Ms,9/3/1980,nneka_haruna@gtech-solutions.ng,2.34E+12,Cross River,FINANCE,Accountant,part-time,Active,12/26/2019,,"N511,000",Polaris Bank,7133260987,HND,22,0,Exceeds Expectations,EMP-00419,Port Harcourt Branch,71859212684,59343037-7784
EMP-00002,Damilola,EZE,male,13-Jun-76,deze@gtechsolutions.com.ng,2.34E+12,Osun,Executive Dept,Chief Financial Officer,PART-TIME,Suspended,10.01.2021,,3421000,FCMB,2051454923,B.A,9,14,B,,Port Harcourt Branch,10122691669,81016525-5119
EMP-00413,Titi,Garba,F,4/19/1985,titi.garba@gtechsolutions.com.ng,2.34E+12,Osun,LEGAL,Legal Officer,CONTRACT,Active,15/08/2021,,236.0K,UBA,"8,773,546,379",B.A,19,20,B,EMP-01127,Lagos Island,76380207612,63572753-2782
EMP-00128,Niyi,Adeleke,MALE,8/19/1975,adeleke.niyi@gtechsol.ng,2.34E+12,Osun,Human_Resources,Learning & Development Officer,Full-Time,Active,4/26/2023,,"#189,000",First Bank,566473627,B.A,18,0,Exceeds Expectations,EMP-01485,LAGOS HQ,73080695814,Not Available
EMP-00522,Nnamdi ,Okonkwo ,m,2-Sep-00,nnamdi_okonkwo@g-tech_com_ng,2.34E+12,Bayelsa,Marketing,Marketing Executive,FT,Terminated,13-Sep-21,22.08.2023,320000,Sterling Bank,"2,785,427,960",OND,11,7,Good,EMP-00179,VI Office,55862778882,39668704-2350
EMP-00199,Ebele,FASHOLA,female,5/1/1984,ebele.fashola@gtechsol.ng,2.34E+11,Ogun,Operations,Process Analyst,Full Time,Terminated,24-Mar-18,3/18/2024,NGN 162000,Sterling Bank,4149647052,HND,NIL,21,Below Average,EMP-00802,GRA PH,56804473149,TBD
EMP-00225,F3mi,Garba,m,4/24/1984,femi.garba@g-tech.com.ng,803283712,Anambra,executive,Chief Technology Officer,CONTRACT,On Leave,9/22/2022,,"N2,716,000",UBA,7016703050,B.Eng,7,12,3,,lagos hq,23724501848,94361980-8718
EMP-00313,DELE,Yusuf,male,4/6/1993,dele.yusuf@g-tech.com.ng,2.34E+12,Cross River,human resources,HR Business Partner,Contract,Active,27/02/2019,,"??187,000",Zenith Bank,3239668502,OND,3years,14,Excellent,EMP-01294,lag hq,76108143561,41572277-5740
EMP-00182,Babatunde,Mohammed,Male,23-May-86,babatunde.mohammed@g-tech.com.ng,2.34E+12,Nasarawa,Technology Dept,Data Analyst,Contract,Active,6-Oct-21,,"N609,000",Keystone Bank,1403340801,Ph.D,3years,2,B,EMP-00561,LAGOS HQ,78245569644,87781432-9520
EMP-01392,Tolu,Garba ,Female,11/10/1993,tolu.garba@gtechsol.ng,2.34E+11,Imo,operations,Facilities Manager,Full-Time,Active,29.09.2023,,"N122,000",Sterling Bank,9930621794,SSCE,13,7,Needs Improvement,EMP-00612,Lekki,67348153912,20989010-1235
EMP-00459,Yetunde,Afolabi,Ms,20-Mar-90,afolabi.yetunde@gtech-solutions.ng,2.34E+12,Lagos,Human Resources,Learning & Development Officer,contract,Active,11/26/2018,,285000,Keystone Bank,2594783207,B.Sc,17,5,4,EMP-00821,lagos hq,67830557371,80431143-8828
EMP-00956,Adaeze ,Adesanya,f,15/06/1983,adaeze_adesanya@gtechsolutions.com.ng,2.34E+12,Rivers,Human_Resources,HR Business Partner,Full-Time,Inactive,28-Feb-24,,"N220,000",First Bank,"7,470,597,691",Ph.D,19,5,,EMP-01094,Lekki,77569990604,Not Available
EMP-01326,Obinna,Adeleke ,male,6/7/1975,adeleke.obinna@g-tech.com.ng,2.34E+12,Osun,TECHNOLOGY,DevOps Engineer,FT,Active,17-Apr-24,,NGN 449000,Polaris Bank,3156352936,HND,14,7,2,EMP-00218,LAGOS HQ,11383514635,71876643-7548
EMP-00300,Bola ,Fayemi,Female,18/01/1978,bola.fayemi@gtechsolutions.com.ng,2.34E+12,Rivers,technology,DevOps Engineer,PART-TIME,Terminated,8/10/2022,17-Jul-23,"#507,000",Fidelity Bank,9581514476,MBA,2,20,A,EMP-00304,lag hq,n/a,54578981-2305
EMP-01341, Ronke,Taiwo ,Female,10/28/1992,ronke.taiwo@gtechsol.ng,896794654,Benue,finance,Senior Accountant,part-time,Suspended,30-Mar-20,,484.0K,Fidelity Bank,3171378125,B.Sc,Unknown,2,Exceeds Expectations,EMP-00745,Wuse II,69756671752,16126936-8485
EMP-00584,Kunle,Fayemi,male,2/10/2000,kunle.fayemi@gtech-solutions.ng,2.34E+13,Bayelsa,LEGAL,Compliance Officer,PT,Terminated,23-May-19,3/9/2021,"N451,000",FCMB,"4,398,327,580",B.Eng,12,5,C,EMP-01359,VI Office,NIL,66019147-1832
EMP-01166,GBENGA,ONUOHA,MALE,2/13/1982,gbenga166@gtechsolutions.com.ng,733771969,Lagos,Legal,Legal Officer,CONTRACT,Suspended,15.01.2021,,440000,UBA,938236176,MBA,7,21,Needs Improvement,EMP-00208,lagos hq,99058841948,66027260-5842
EMP-00973,Kemi,Nzeka,Female,4-Oct-89,kemi.nzeka@gtech-solutions.ng,2.34E+13,Enugu,CUSTOMER SERVICE,Customer Experience Officer,CONTRACT,Active,1/5/2025,,110000 NGN,Stanbic IBTC,2349641982,SSCE,10,0,,EMP-00853,Lekki,19833316792,n/a
EMP-00996,DAMILOLA,Yusuf ,Mr,12/22/1982,damilola_yusuf@g-tech.com.ng,2.34E+13,Bayelsa,SUPPLY CHAIN,Procurement Officer,Full-Time,Active,28-Dec-19,,188000,Keystone Bank,7726318088,OND,TBD,21,3,TBD,lagos hq,Not Available,45262118-3727
EMP-00416, Adaeze,okwu,F,12-Aug-93,adaeze416@gtechsol.ng,0085-948-9806,Ondo,customer service,CS Manager,FULL-TIME,Active,11/16/2024,,"N135,000",Access Bank,5580125883,OND,18,10,4,EMP-00615,lag hq,51854839660,37823865-5913
EMP-00398,DOTUN, Musa,Mr,12/18/2000,dotun.musa@gtechsol.ng,2.34E+12,n/a,Sales,Sales Executive,CONTRACT,Active,29.06.2021,,"??279,000",Access Bank,"3,524,720,103",HND,13,10,Excellent,EMP-01094,Port Harcourt Branch,29516469333,66039079-3165
EMP-01367,ADAORA,Okonkwo,FEMALE,8/2/1998,adaora.okonkwo@g-tech.com.ng,2.34E+12,Oyo,technology,IT Support,full-time,Active,21.08.2022,,"??456,000",NULL,5259776747,NULL,14,20,C,EMP-00211,lagos hq,5702730382,
EMP-00809,Femi, Adewale,M,7-Apr-83,femi.adewale@gtechsolutions.ng,0070-913-0163,Enugu,Finance,Finance Manager,CONTRACT,Active,1-Nov-18,,"#374,000",Ecobank,114300967,SSCE,18,NULL,1,EMP-00738,Abuja Office,35172368504,98463964-6111
EMP-00931,OBINNA,Usman ,m,28-Nov-88,obinna931@gtechsolutions.com.ng,2.34E+12,Anambra,Supply Chain Dept,Warehouse Manager,FT,Active,6/22/2020,,189.0K,Access Bank,997217124,OND,14,7,1,EMP-00308,lag hq,22879561410,Not Available
EMP-00803,Blessing,Fayemi,Female,2/18/2000,blessing_fayemi@gtechsolutions.com.ng,0073-561-1025,Delta,Legal Dept,Compliance Officer,Contractor,Active,12-Sep-23,,574000 NGN,Ecobank,1181025051,B.A,6,20,Meets Expectations,EMP-00710,Unknown,20080570197,38228860-6272
EMP-01424,Tolu,Aliyu,Ms,8-Jul-80,tolu@gtech-solutions.ng,831231654,Plateau,Sales Dept,Sales Executive,FT,Active,4/27/2022,,242000,GTBank,2372976970,MBA,5,21,B,EMP-00576,Kano Office,89979307004,65999227-1971
EMP-01093, Tolu,Obi,F,12-Dec-84,tolu093@gtechsolutions.com.ng,2.34E+12,Rivers,Legal,Company Secretary,Part Time,Active,7/14/2018,,NGN 399000,Keystone Bank,7740532559,HND,1 year,14,2,,Kano Office,#N/A,99319076-3190
EMP-00121, Oluwatobi,Obi,male,2/6/1979,oluwatobi_obi@gtech-solutions.ng,2.34E+12,Ekiti,Human Resources,HR Officer,full-time,Active,2/9/2020,,290.0K,FCMB,755094241,B.A,5,12,Excellent,,lagos hq,TBD,n/a
EMP-01257,Gbenga,Okonkwo ,Male,9/24/1978,gbenga@gtech-solutions.ng,2.34E+13,Rivers,Operations,Operations Manager,CONTRACT,NIL,23/03/2025,,"#320,000",Fidelity Bank,3775083162,B.Sc,2,12,A,EMP-00374,lag hq,5360656815,11118295-9529
EMP-01058,Bolu,haruna,m,2/11/1999,bharuna@g-tech.com.ng,2.34E+13,Edo,Supply Chain Dept,Warehouse Manager,CONTRACT,Suspended,29.03.2019,,307000 NGN,Sterling Bank,4662016740,B.A,15,10,B,EMP-00133,VI Office,68160964057,N/A
EMP-00090,ROTIMI, Lawal,Mr,16-Jun-84,rotimi.lawal@gtechsol.ng,871360516,Nasarawa,Human Resources Dept,Learning & Development Officer,Full Time,Active,2/3/2020,,364000 NGN,FCMB,"6,649,840,375",SSCE,1,10,1,EMP-01346,lagos hq,93639264957,37750491-3270
EMP-01497,Oluwatobi ,Fayemi,m,3/28/1996,oluwatobi_fayemi@gtech-solutions.ng,2.34E+12,Ondo,Customer Service Dept,Customer Experience Officer,Full Time,Active,3/10/2021,,"#108,000",Access Bank,"1,495,978,105",B.A,11,0,5,EMP-00005,Lagos - Head Office,37194020712,73218332-9131
EMP-00720,ifeanyi,balogun,Mr,23-Feb-00,ifeanyi.balogun@gtechsolutions.com.ng,2.34E+12,Cross River,human resources,HR Officer,CONTRACT,Active,15.07.2023,,NGN 335000,Access Bank,"6,932,748,304",B.Eng,16,n/a,Exceeds Expectations,EMP-01336,Lekki,89200458207,22952059-7408
EMP-00964,Shade ,Obiora,f,19/02/1975,obiora.shade@gtechsolutions.ng,2.34E+13,Imo,SALES,Senior Sales Rep,FULL-TIME,Inactive,1/3/2023,,254000,First Bank,7011307632,HND,3,12,3,EMP-00888,GRA PH,53509043518,60817165-4418
EMP-01440,Adekunle,GARBA,MALE,12/2/1989,agarba@gtech-solutions.ng,891614741,Delta,Human Resources,HR Officer,Full Time,Terminated,12-Nov-20,1/10/2022,"??298,000",Unknown,7549200467,HND,20,2,Below Average,EMP-01096,Port Harcourt Branch,79840582734,90833386-9574
EMP-00980,NNAMDI,Okafor,MALE,11/9/1988,nnamdi@gtechsolutions.com.ng,+234 089 456 2095,Delta,EXECUTIVE,Chief Technology Officer,Full Time,Active,18/11/2024,,"??835,000",GTBank,1283731877,#N/A,2,5,Good,,Lekki,86510389537,34371470-3219
EMP-00804,Dapo,obi,male,4/13/1999,obi.dapo@gtechsol.ng,0070-274-3849,Edo,Marketing Dept,Digital Marketing Officer,Part-Time,Not Available,5/10/2022,11/19/2024,"??136,000",Ecobank,969512392,SSCE,9,0,A,EMP-00969,Port Harcourt Branch,87747630835,99840401-9791
EMP-01256,TITILAYO,Ajayi ,female,03.09.1988,titilayo@gtechsolutions.com.ng,2.34E+11,Abuja,legal,Company Secretary,CONTRACT,Active,3/9/2023,,NGN 230000,Keystone Bank,"8,790,892,196",M.Sc,5,21,Average,EMP-01311,LAGOS HQ,73194194926,Not Available
EMP-00553,Kemi,Afolabi,f,18-Mar-75,kemi@gtech-solutions.ng,2.34E+13,Delta,Marketing,Marketing Executive,FT,Active,22-Jul-22,,429000 NGN,GTBank,9722194873,M.Sc,,7,,n/a,Ikeja,8866932070,79101949-4843
EMP-00802,Kunle,Okonkwo,male,25.10.1992,kunle_okonkwo@g-tech.com.ng,2.34E+11,Oyo,Operations Dept,Operations Coordinator,Full-Time,Active,4/7/2024,,"N280,000",Stanbic IBTC,"3,848,221,832",Ph.D,12,5,4,EMP-01342,Wuse II,NULL,
EMP-00758,YEMI,Lawal,m,3-Sep-00,yemi758@gtechsolutions.com.ng,2.34E+13,Lagos,executive,Chief Executive Officer,part-time,Active,11/6/2022,,NGN 1952000,UBA,9172052492,HND,NIL,14,Good,,Wuse II,44166611772,47353601-3673
EMP-00054,Onyinye,yusuf,Female,21-Apr-77,onyinye.yusuf@gtechsol.ng,812409947,Cross River,Human_Resources,HR Officer,full-time,Active,29.06.2020,,"#335,000",GTBank,160040655,HND,7,10,n/a,EMP-01326,Lekki,70146263838,61338023-6883
EMP-00194, Ebele,Ajayi,FEMALE,10/27/1982,ebele194@gtechsol.ng,2.34E+13,Kaduna,marketing,Marketing Executive,FT,Active,12/12/2021,,NGN 169000,Polaris Bank,9075512531,MBA,21,7,N/A,EMP-00858,Wuse II,71206021288,66688023-6805
EMP-01193,oluwaseun,ogundimu,Male,1/16/1981,oluwaseun_ogundimu@gtechsolutions.ng,+234 090 865 7302,Kaduna,Sales,Account Manager,PART-TIME,Active,12/6/2019,,168000,Zenith Bank,460615905,OND,NULL,14,Below Average,EMP-00132,Wuse II,NULL,21434764-6805
EMP-00935,Ifeoma,Afolabi,Ms,14-Feb-77,ifeoma@gtech-solutions.ng,2.34E+12,Bayelsa,Customer Service,Customer Experience Officer,contract,Active,5/11/2020,,101000,UBA,2401458447,N/A,6,2,Meets Expectations,EMP-01381,LAGOS HQ,18581101460,59754121-5095
EMP-00708,Niyi ,Okonkwo,male,2/11/1992,niyi708@gtechsol.ng,2.34E+13,Plateau,Operations,Process Analyst,CONTRACT,Terminated,29-Dec-23,8-Dec-24,"??197,000",UBA,8100769729,SSCE,18,10,A,EMP-01313,Wuse II,45947800792,46184608-8020
EMP-00800,Ebele ,Mohammed,FEMALE,15-Mar-77,mohammed.ebele@gtechsolutions.com.ng,2.34E+12,Delta,Finance Dept,Treasury Officer,CONTR,N/A,22.10.2020,,638000,Stanbic IBTC,380149910,MBA,1,0,Excellent,EMP-01102,Port Harcourt Branch,6419965840,85839065-5015
EMP-01453,Kehinde,Akintola,FEMALE,3-Apr-85,kehinde@gtechsol.ng,2.34E+12,Osun,FINANCE,Accountant,contract,Active,6/2/2023,,219.0K,GTBank,"7,153,631,010",SSCE,5,5,Outstanding,EMP-00682,Lekki,68028946145,59815805-2206
EMP-01357,OLUWAKEMI,Aliyu,FEMALE,23-Sep-75,oaliyu@gtechsolutions_ng,2.34E+11,NULL,Human Resources,HR Business Partner,Part Time,Active,15/03/2018,,"#160,000",Zenith Bank,2142995591,SSCE,11,21,1,EMP-00292,Lekki,21825715773,74453962-6386
EMP-00094,Nnamdi ,Nwosu,m,2/6/1993,nwosu.nnamdi@gtech-solutions.ng,755771113,Ekiti,OPERATIONS,Operations Officer,full-time,Active,23-Mar-19,,201000,Stanbic IBTC,"6,576,763,981",B.Sc,7,21,Meets Expectations,EMP-00991,GRA PH,46954899529,79753731-9154
EMP-00765,Oluwaseun,Aliyu,Mr,12/23/1977,oluwaseun.aliyu@gtechsolutions.com.ng,0071-210-2375,Ogun,Legal Dept,Legal Manager,FULL-TIME,Active,24/03/2024,,"N588,000",Sterling Bank,8675549545,M.Sc,17,0,4,EMP-01012,Wuse II,11859206304,56180254-3134
EMP-01199, Bolu,Onuoha,m,21-Jun-97,onuoha.bolu@gtechsolutions.com.ng,0083-335-7983,Rivers,Technology,Systems Administrator,Part-Time,Active,31.05.2018,,769000,Keystone Bank,1273170424,HND,19,7,5,EMP-01474,Abuja Office,66620685660,92330679-1057
EMP-00521,Damilola,Adeleke,male,7/27/1978,damilola521@gtechsolutions.ng,2.34E+12,Cross River,Technology,Data Analyst,PT,n/a,6/5/2024,,"??823,000",Fidelity Bank,"4,465,517,131",B.Sc,1,14,NIL,EMP-00589,lagos hq,1517642962,88698368-3123
EMP-01278,Funmilayo,Fashola,F,9/17/1976,funmilayo.fashola@gtech-solutions.ng,2.34E+12,Ekiti,Sales Dept,Account Manager,Full-Time,Active,11/10/2021,,405000,FCMB,5954290328,HND,12,14,5,EMP-00121,Lekki,77998904381,11384340-7498
EMP-00030, Nneka,chukwu,female,3/8/2000,nneka.chukwu@gtechsolutions.ng,819535505,Cross River,Operations Dept,Operations Officer,part-time,Terminated,13/05/2021,16/05/2025,199000 NGN,Zenith Bank,986884580,SSCE,19,12,D,EMP-01060,lag hq,92268018242,40262109-6669
EMP-01018,Adunola,NWACHUKWU,female,9-Sep-82,anwachukwu@gtechsolutions.com.ng,2.34E+12,Delta,Supply Chain Dept,Logistics Coordinator,PART-TIME,Active,18.04.2018,,213000,Zenith Bank,9151103448,OND,22,5,#N/A,EMP-00026,Kano Office,42033873845,38212160-6880
EMP-00100,Lanre ,lawal,male,28-Jul-95,lanre_lawal@g-tech.com.ng,2.34E+12,Oyo,Marketing,Content Strategist,FULL-TIME,Active,10/21/2018,,203000,UBA,3877911915,M.Sc,8,10,Needs Improvement,EMP-00069,GRA PH,51971284781,91882291-2449
EMP-01207,Damilola,okonkwo,Mr,26-Nov-83,okonkwo.damilola@gtech-solutions.ng,742277725,Osun,Sales Dept,Business Development Officer,CONTRACT,Active,14.01.2023,,360000,Stanbic IBTC,490082631,B.Eng,8,5,2,EMP-01297,lag hq,38934764995,35175572-3478
EMP-00253,Femi,OBI,MALE,25-Jun-76,fobi@gtechsolutions.com.ng,775403489,Rivers,Supply Chain,Logistics Coordinator,Full Time,Terminated,1/11/2025,28-May-25,"#305,000",Polaris Bank,5240686279,M.Sc,16,14,N/A,EMP-01443,Port Harcourt Branch,5464754895,73070505-9379
EMP-00443,chukwuemeka,Adeleke,m,6-Jan-97,chukwuemeka.adeleke@gtechsol.ng,2.34E+12,Anambra,Supply Chain Dept,Supply Chain Analyst,Part Time,NIL,28-Oct-22,,"N233,000",Zenith Bank,2984386172,B.A,16,0,4,EMP-01465,Ikeja,77118425278,36631419-1017
EMP-00007,Tunde,adegoke,MALE,8/8/1976,adegoke.tunde@gtechsolutions.ng,2.34E+11,Bayelsa,supply chain,Warehouse Manager,Full Time,Active,16-Aug-22,,NGN 290000,FCMB,"4,993,808,565",M.Sc,22,20,Excellent,EMP-00535,Lagos Island,96556981693,68526649-1027
EMP-01118,Obiageli,Abdullahi,F,21-Mar-79,obiageli118@g-tech.com.ng,2.34E+12,#N/A,Customer_Service,Customer Experience Officer,CONTR,Active,4/17/2023,,"N117,000",UBA,9711287560,M.Sc,4,21,Meets Expectations,EMP-01387,Abuja Office,34845453679,35270325-3823
EMP-01079,Obiageli,Balogun,F,5/21/1981,obiageli.balogun@gtechsol.ng,2.34E+12,Ondo,Customer_Service,CS Team Lead,Part Time,Active,17/11/2021,,"#226,000",Access Bank,1440741413,HND,15,Not Available,1,EMP-00394,Port Harcourt Branch,31931210811,15461615-4553
EMP-01071,Chinwe , Taiwo,female,7/19/1983,taiwo.chinwe@gtech-solutions.ng,+234 078 429 4608,Kano,Executive,Chief Operating Officer,CONTRACT,Active,1-Aug-22,,2326000,First Bank,1819363648,B.Sc,19,2,Needs Improvement,,lag hq,69656455392,12482354-4328
EMP-01303,shade,Oduya ,F,17/05/1990,shade.oduya@gtech-solutions.ng,2.34E+13,Anambra,FINANCE,Finance Manager,Full Time,Active,9/5/2019,,"??575,000",Stanbic IBTC,"7,450,643,007",SSCE,n/a,21,Unknown,EMP-01122,Lagos Island,Not Available,19713853-2853
EMP-00995,Omowunmi,BALOGUN,female,3/10/1975,omowunmi.balogun@g-tech.com.ng,0082-919-0650,Abuja,MARKETING,Marketing Executive,Contract,Terminated,6/23/2018,23-Jan-24,NGN 193000,Sterling Bank,657098173,SSCE,11,0,5,n/a,Wuse II,3543137312,86664775-7048
EMP-00541,Yink@,Garba,Female,20-Sep-95,yinka.garba@gtechsol.ng,+234 075 807 5720,Lagos,LEGAL,Legal Manager,Part Time,Terminated,14/07/2024,02.01.2025,NGN 690000,Access Bank,1694414112,Ph.D,13,7,C,EMP-00110,Wuse II,10801533743,71523286-1346
EMP-00064,dele,ADEYEMI,Male,14-Feb-97,dele.adeyemi@gtechsolutions.ng,2.34E+12,Kano,executive,Chief Financial Officer,Contract,Terminated,13.11.2020,11/6/2024,999000 NGN,Fidelity Bank,4402160254,B.Eng,17,2,Below Average,,Lagos - Head Office,83564208737,10367488-1208
EMP-00490,Ngozi,MUSA,f,17-Feb-84,nmusa@g-tech.com.ng,869659485,Rivers,customer service,CS Manager,PT,Active,8/27/2019,,"#219,000",Ecobank,278686092,B.Sc,20,0,4,EMP-00042,Lagos Island,90970342519,17124317-3021
EMP-01094,Ifeanyi,Ogundele,m,12-Dec-97,ifeanyi_ogundele@gtech-solutions.ng,2.34E+12,Ondo,Finance,Finance Manager,CONTR,Active,29/05/2024,,263000,Access Bank,4408800069,Ph.D,16,21,Exceeds Expectations,EMP-01224,Lekki,64667667491,78505798-2690
EMP-00882,Shade, Suleiman,Female,4-Sep-99,shade.suleiman@g-tech.com.ng,2.34E+12,Plateau,Technology,DevOps Engineer,CONTR,Active,30/01/2023,,NGN 691000,Ecobank,7562709235,HND,6,14,Outstanding,EMP-00351,,29596351875,59155421-4340
EMP-00936,oluwakemi,Nzeka,FEMALE,7/2/1987,oluwakemi.nzeka@gtechsolutions.ng,2.34E+12,Kano,supply chain,Procurement Officer,full-time,Active,7/30/2019,,292000,UBA,513109077,SSCE,20,20,Exceeds Expectations,EMP-00909,VI Office,4730802821,20553199-5883
EMP-00920,Sade,ALIYU,f,23/01/1987,sade920@g-tech.com.ng,2.34E+12,Edo,human resources,HR Officer,Part-Time,Active,21/02/2022,,307000 NGN,First Bank,7714467417,OND,10,2,Average,EMP-00890,Lagos Island,25426006289,32448520-4102
EMP-01202, Chukwuemeka,Haruna,M,20/12/1988,chukwuemeka.haruna@gtech-solutions.ng,823319489,Abuja,Customer Service Dept,CS Manager,Part-Time,Active,17/01/2019,,"??164,000",Access Bank,7425832496,MBA,12,7,B,EMP-00832,Port Harcourt Branch,51031530870,10104312-3657
EMP-00723,Nike ,obi,FEMALE,22.03.1986,nike.obi@gtech-solutions.ng,2.34E+12,Benue,Marketing Dept,Content Strategist,CONTR,n/a,19/09/2021,,175.0K,Access Bank,975968332,B.A,3,10,C,EMP-00986,Ikeja,63103231976,31764932-6934
EMP-00146,BOLU,Adewale,male,24-Nov-85,bolu_adewale@gtechsolutions.ng,+234 082 163 3753,Cross River,supply chain,Procurement Officer,PART-TIME,Active,11/8/2021,,219000 NGN,Access Bank,9904306832,B.A,6,20,,EMP-01388,Ikeja,,16531664-7183
EMP-01078,Amaka, Mohammed,Ms,10-Sep-85,mohammed.amaka@gtech-solutions.ng,871016764,Kaduna,customer service,CS Team Lead,part-time,Suspended,12/27/2021,,215000,#N/A,393305064,B.Sc,2,12,B,N/A,lag hq,44027554701,n/a
EMP-00591,Tobi,Obiora ,Male,13.04.1996,tobi@gtechsolutions.ng,748062979,Benue,Customer Service Dept,Customer Service Rep,Part-Time,Active,2-Feb-23,,"#166,000",Fidelity Bank,5390189552,M.Sc,3years,2,Average,EMP-00188,Ikeja,93235393305,47832768-6237
EMP-00224,taiwo,Onuoha,FEMALE,1/18/1995,tonuoha@gtechsolutions.com.ng,2.34E+12,Ogun,SUPPLY CHAIN,Supply Chain Analyst,Contractor,Active,13-Feb-23,,295000 NGN,Zenith Bank,6391405567,B.A,17,20,4,EMP-00407,VI Office,29880858382,23440304-3713
EMP-01009,Okechukwu,mohammed,M,25/03/1985,omohammed@gtechsolutions.com.ng,795298112,Lagos,marketing,Brand Manager,contract,Unknown,22/06/2023,,"N449,000",GTBank,695985271,#N/A,3,2,TBD,EMP-01109,Ikeja,10084865425,54446164-8101
EMP-01426,Gbemi,Okwu,Mr,8/23/1996,gbemi_okwu@g-tech.com.ng,814033920,Nasarawa,Operations Dept,Facilities Manager,FULL-TIME,Active,7/22/2021,,NGN 351000,Ecobank,"8,428,629,929",MBA,11,5,B,EMP-00636,Lagos Island,59053754990,94834869-6511
EMP-01314,Dupe,ADEYEMI,FEMALE,2-Feb-00,dupe.adeyemi@gtechsolutions.com.ng,+234 089 795 5524,Ondo,SALES,Account Manager,Full Time,Active,24.01.2022,,246000,Zenith Bank,"9,599,541,618",M.Sc,24,12,C,EMP-00687,Lagos - Head Office,74121638245,61372007-4057
EMP-00383,Titilayo,Nwosu,F,11.09.1976,titilayo.nwosu@g-tech.com.ng,756709174,Imo,Customer Service,CS Manager,full-time,On Leave,1/6/2022,,94.0K,Stanbic IBTC,769237519,MBA,1,10,Outstanding,EMP-00345,Kano Office,N/A,81576118-4004
EMP-01201,Ebele,Nwachukwu ,FEMALE,8/2/1986,nwachukwu.ebele@gtechsolutions.com.ng,2.34E+12,Delta,Customer Service Dept,Customer Service Rep,CONTRACT,Terminated,11/7/2021,2/3/2025,"??242,000",Stanbic IBTC,6659157360,Ph.D,2,21,N/A,EMP-00505,VI Office,61361510037,95201959-3430
EMP-01347,Yemi ,Onuoha,M,15-Sep-93,yemi.onuoha@g-tech.com.ng,2.34E+12,Kano,SALES,Business Development Officer,FT,Active,11/26/2023,,NGN 374000,Polaris Bank,9214797466,Ph.D,20,20,5,EMP-01033,Kano Office,36285849811,44627136-7101
EMP-01414,Kehinde,Garba,Ms,11.07.2000,kehinde.garba@gtechsol.ng,+234 085 767 0828,Bayelsa,Marketing,Brand Manager,full-time,Active,16/04/2018,,216000,Fidelity Bank,1030712390,B.Sc,7,7,2,EMP-00252,LAGOS HQ,,71984461-8522
EMP-00198, Gbenga,Ajayi,Male,09.06.1992,gbenga_ajayi@gtech-solutions.ng,2.34E+12,Edo,Marketing,Marketing Executive,Contract,Active,15.08.2022,,"N144,000",FCMB,9083864810,B.A,19,20,Below Average,EMP-01257,Port Harcourt Branch,615581083,36634140-3572
EMP-00203,Blessing,Babatunde,F,17/06/1991,blessing.babatunde@g-tech.com.ng,2.34E+13,Cross River,Operations Dept,Facilities Manager,PART-TIME,Terminated,12-Aug-23,14.05.2024,311000 NGN,Sterling Bank,8150442940,MBA,Not Available,15,A,EMP-00438,Kano Office,Not Available,44059134-9237
EMP-01190,Chinedu ,Adeola ,m,5/7/1993,chinedu.adeola@gtechsolutions.ng,882224817,Nasarawa,MARKETING,Brand Manager,Full Time,Active,21/07/2019,,396000 NGN,First Bank,4497167740,#N/A,3years,10,Below Average,EMP-01044,Lagos Island,TBD,87544561-4657
EMP-01210,OBIAGELI,Adegoke,female,6/15/1979,obiageli_adegoke@gtechsolutions.com.ng,0086-707-6665,Ondo,Technology,DevOps Engineer,FULL-TIME,Active,1/25/2022,,"#820,000",Sterling Bank,"9,275,262,078",M.Sc,2,14,D,EMP-00274,Lagos HQ,12008407588,29560426-8847
EMP-00434,chioma,Obi,F,10/5/1980,chioma.obi@gtechsol.ng,2.34E+11,Kaduna,Supply_Chain,Warehouse Manager,CONTRACT,Active,18-Nov-22,,"N166,000",Access Bank,220058999,M.Sc,1,5,Good,EMP-00249,GRA PH,n/a,96300248-4989
EMP-00561,Sola,OGUNDELE,male,9-Jul-90,sola_ogundele@gtech-solutions.ng,2.34E+12,Nasarawa,Finance,Accountant,Part-Time,Active,9/15/2022,,375000,Keystone Bank,"1,193,303,039",n/a,22,12,Needs Improvement,EMP-01455,lagos hq,90041589333,82988680-7815
EMP-01002,Uchechi,BALOGUN,female,1/15/1996,uchechi002@gtech-solutions.ng,0088-713-5890,Delta,Finance,Treasury Officer,PART-TIME,On Leave,1/7/2021,,"#526,000",Zenith Bank,941285294,M.Sc,15,2,TBD,EMP-00371,Ikeja,40990737229,24946937-9184
EMP-01264, Ngozi,Lawal,F,9/4/1986,ngozi@g-tech.com.ng,811488582,Kano,CUSTOMER SERVICE,Customer Service Rep,Contract,Active,6/22/2022,,100000,GTBank,7021642105,MBA,NIL,10,5,EMP-00050,Lekki,99378236910,93240143-9183
EMP-01066,chioma,Lawal,female,13.06.1983,chioma.lawal@gtechsolutions.com.ng,752247698,Anambra,finance,Internal Auditor,Contract,Active,5/8/2024,,292000,FCMB,6016595764,MBA,7,20,D,EMP-00307,Port Harcourt Branch,57036595925,76101662-4061
EMP-00731,ADAEZE,Adeola ,FEMALE,17/08/1986,adaeze731@gtech-solutions.ng,2.34E+12,Lagos,Finance Dept,Treasury Officer,Full-Time,Terminated,3-Sep-24,12/13/2024,NGN 307000,Polaris Bank,4460341109,B.Sc,17,14,4,EMP-00188,Ikeja,1749317560,41301896-1111
EMP-00256,Chinwe,Garba ,female,4/5/1982,chinwe@gtechsol.ng,2.34E+11,Delta,Executive,Chief Executive Officer,FULL-TIME,Active,27/01/2019,,NGN 2464000,GTBank,947863486,B.A,13,#N/A,5,,Lagos - Head Office,55078967935,20382674-7187
EMP-01245,adebayo,Lawal,M,14-Mar-90,alawal@gtechsol.ng,2.34E+11,Anambra,Legal,Legal Officer,contract,Active,23-Apr-18,,402.0K,UBA,4167196699,B.Eng,20,0,5,EMP-00614,Port Harcourt Branch,8931698237,89508146-7090
EMP-01021,Tobi, Ogundimu,MALE,21.06.1981,tobi021@gtechsol.ng,892693186,Ondo,technology,Software Developer,Contract,Active,06.09.2019,,"#418,000",Sterling Bank,"4,331,305,234",SSCE,15,14,D,EMP-00007,Wuse II,16944182697,99827081-2345
EMP-00152,Chukwuemeka,Babatunde,M,11-Nov-86,babatunde.chukwuemeka@gtechsol.ng,2.34E+12,Ekiti,TECHNOLOGY,Software Developer,FT,Active,19/03/2022,,522000,Access Bank,141593258,SSCE,N/A,20,4,EMP-01267,lag hq,63050505739,92220752-2333
EMP-00085,Adebayo,Adegoke ,M,23-Aug-76,adegoke.adebayo@g-tech.com.ng,2.34E+12,Kano,operations,Facilities Manager,CONTR,Terminated,25.03.2025,22-May-25,208000 NGN,Zenith Bank,3095269219,MBA,3,15,3,NIL,Lekki,9593518638,84016756-3525
EMP-00787, Oluwakemi,Onuoha,FEMALE,5/5/1994,oluwakemi787@gtechsolutions.com.ng,2.34E+11,Benue,Operations Dept,Operations Coordinator,PART-TIME,Terminated,1/14/2023,2/27/2025,211000,Keystone Bank,"4,631,850,207",TBD,1,20,Exceeds Expectations,EMP-01369,Lekki,23465546120,82698101-5594
EMP-01409,Kayode, Haruna,m,6/20/1990,kayode@gtechsolutions.ng,0079-333-5873,Plateau,Executive,Chief Financial Officer,full-time,Active,5/20/2018,,1035.0K,Zenith Bank,1582565791,Ph.D,11,21,Exceeds Expectations,,GRA PH,91881940548,43728235-7777
EMP-01105,Babatunde, Usman,M,4-Feb-88,babatunde@gtech-solutions.ng,903913035,Benue,Legal Dept,Legal Officer,CONTRACT,Active,4/21/2023,,236000,UBA,"9,577,023,015",HND,1,7,5,EMP-00889,VI Office,Unknown,20060841-4552
EMP-00264,Kayode,Nwofor ,male,2/10/1998,kayode@gtech-solutions.ng,742806478,Cross River,Human_Resources,HR Manager,Full-Time,Active,29.08.2018,,190000 NGN,Zenith Bank,4020369682,HND,12,7,#N/A,EMP-00798,Ikeja,65725659202,65807870-2527
EMP-01331,Amaka,OKWU,Female,1-Jul-92,aokwu@gtechsolutions.com.ng,822997774,Enugu,Supply Chain,Unknown,part-time,Active,29/01/2021,,NGN 162000,Polaris Bank,"7,551,458,226",Unknown,1,NIL,Outstanding,EMP-00392,Lagos Island,NIL,87054540-4981
EMP-00865, Kunle,Lawal,Mr,11.12.1986,kunle.lawal@gtechsol.ng,+234 086 387 3429,N/A,Marketing Dept,Brand Manager,Contractor,Active,5/13/2021,,330000 NGN,Keystone Bank,3876961999,#N/A,4,20,n/a,EMP-01390,Abuja Office,77599025498,19991167-1426
EMP-00248,DUPE,AFOLABI,Ms,23-Sep-88,dupe@gtechsol.ng,778516010,Abuja,SALES,Business Development Officer,FULL-TIME,Suspended,1/18/2021,,216000,Ecobank,"3,058,024,565",Ph.D,11,12,B,EMP-00712,Port Harcourt Branch,78656194255,70501156-9834
EMP-00324,kelechi,Adegoke,m,11/12/1975,kelechi_adegoke@gtechsolutions.com.ng,+234 072 691 5170,Osun,Operations,Operations Manager,CONTR,Active,11/21/2019,,NGN 197000,Access Bank,"1,777,099,376",B.Eng,16,2,,EMP-00696,Ikeja,93186928972,47058987-6434
EMP-01026,ROTIMI,afolabi,male,4/11/1982,rotimi.afolabi@gtechsolutions.ng,2.34E+12,Kaduna,finance,Accountant,PART-TIME,Active,17-Mar-25,,"??468,000",Polaris Bank,4500684941,HND,20,5,Average,#N/A,VI Office,40850749113,82283744-3203
EMP-00774, Kunle,Adeola,m,12/4/1990,kunle@gtechsolutions.ng,2.34E+12,Kaduna,HUMAN RESOURCES,Learning & Development Officer,FT,Suspended,11/23/2023,,"??228,000",Keystone Bank,"1,194,386,555",OND,25,12,3,EMP-00663,Lagos - Head Office,47311688592,41057204-8756
EMP-00503,Chiamaka, Suleiman,Female,14-Apr-80,chiamaka.suleiman@gtechsolutions.com.ng,0085-489-9754,Ogun,Legal,Company Secretary,Full-Time,Active,6/25/2020,,678.0K,Polaris Bank,185095334,SSCE,N/A,14,4,EMP-00669,Lagos HQ,15558709404,96923464-5901
EMP-00244,Ayo,Usman ,M,21.01.1975,ayo.usman@gtechsolutions.ng,831183106,Ondo,executive,Chief Executive Officer,contract,Active,8/27/2023,,2340000,FCMB,9850050482,OND,7,15,Outstanding,,lag hq,75256806562,14635073-5635
EMP-00111,Obiageli,Obi ,f,11/26/1997,oobi@gtechsol.ng,+234 075 369 7606,Enugu,Technology Dept,Data Analyst,FULL-TIME,Active,8/31/2019,,"N716,000",First Bank,7374775639,Ph.D,5,20,Needs Improvement,EMP-00052,Ikeja,75208854749,85864089-8243
EMP-01157,Nnamdi,Afolabi,Mr,18/09/1985,nnamdi157@gtechsolutions.com.ng,767327358,Ondo,Human_Resources,HR Manager,Part-Time,Active,5-Mar-24,,345.0K,Polaris Bank,244996126,B.Sc,15,14,Good,EMP-00068,Ikeja,53868281597,11256772-8650
EMP-01437,Sola,Haruna,MALE,10/16/1978,sola@g-tech.com.ng,2.34E+12,Imo,Supply Chain Dept,Logistics Coordinator,contract,Active,09.02.2021,,328.0K,Fidelity Bank,6794797753,MBA,20,2,Good,EMP-00754,LAGOS HQ,NULL,68445607-7840
EMP-01251,Yinka,EZE,FEMALE,10/10/1979,eze.yinka@g-tech.com.ng,2.34E+11,Ogun,human resources,HR Officer,Part Time,Active,5-Aug-23,,207000,FCMB,6491373712,OND,16,2,Meets Expectations,EMP-00512,lagos hq,39960144715,87555897-8510
EMP-01323,Wale ,TAIWO,MALE,4/28/1977,taiwo.wale@g-tech.com.ng,2.34E+12,Cross River,Executive,Chief Financial Officer,Full-Time,Active,6-Jun-20,,2139.0K,Ecobank,5858096947,MBA,7,10,N/A,,Lagos HQ,67206474055,40023267-8794
EMP-01474, Nnamdi,Adegoke,m,22-Aug-92,nnamdi@g-tech.com.ng,2.34E+12,Nasarawa,OPERATIONS,Operations Coordinator,contract,Active,17-Sep-18,,"??221,000",UBA,1515660746,B.A,11,21,D,EMP-00510,Lekki,17891771020,81722748-8112
EMP-01301,Ronke,Eze ,Female,1/26/1993,ronke_eze@gtechsol.ng,2.34E+12,Anambra,Technology Dept,Product Manager,Contractor,Unknown,10-Apr-22,,"??835,000",Sterling Bank,6372150742,M.Sc,5 yrs,10,Excellent,EMP-01191,Lagos Island,76856449255,40981040-5044
EMP-00097,akin,Ogundimu,M,1/20/1978,akin.ogundimu@g-tech.com.ng,2.34E+13,Ondo,Sales Dept,Business Development Officer,FT,Active,2/28/2020,,NGN 392000,Ecobank,"4,831,693,156",MBA,1,0,Good,EMP-00803,GRA PH,Unknown,23054418-8464
EMP-00102,Toyin, Balogun,FEMALE,13-Dec-96,tbalogun@gtech-solutions.ng,2.34E+12,Anambra,LEGAL,Company Secretary,FULL-TIME,Active,4-Aug-18,,"??404,000",Stanbic IBTC,2482088956,Ph.D,14,10,3,EMP-00523,Lekki,N/A,80499776-2702
EMP-00895,Biodun,OBIORA,MALE,14-Jul-98,biodun_obiora@gtechsolutions.com.ng,2.34E+12,Cross River,Sales Dept,Not Available,Part Time,On Leave,13/07/2022,,"#352,000",FCMB,681189492,SSCE,24,14,3,EMP-00220,Lagos Island,40439684835,N/A
EMP-01186,Amaka,Taiwo,F,11/20/1982,taiwo.amaka@g-tech.com.ng,2.34E+11,Edo,CUSTOMER SERVICE,Customer Experience Officer,PART-TIME,Active,13/07/2023,,"#97,000",First Bank,1098752897,M.Sc,6,2,N/A,,Lagos Island,49229468976,64716474-7735
EMP-00555,Okechukwu,OKAFOR,Male,6/27/1998,okechukwu_okafor@gtechsol.ng,2.34E+12,Oyo,customer service,Customer Experience Officer,PART-TIME,Active,5/15/2023,,112000 NGN,Ecobank,5932707784,B.A,6,20,Outstanding,EMP-00449,Port Harcourt Branch,93103370089,97909930-4401
EMP-00342,SADE,suleiman,Ms,9/2/1989,sade@gtech-solutions.ng,2.34E+12,Plateau,Operations,Operations Manager,Contract,Terminated,9/11/2018,1/21/2020,176000,First Bank,3693808016,B.A,20,2,3,EMP-00365,lagos hq,17122276433,#N/A
EMP-01385,Sola,Ibrahim,Male,4/17/1988,sola.ibrahim@g-tech.com.ng,2.34E+13,Lagos,Finance,Treasury Officer,Part-Time,Active,7-Mar-18,,214.0K,Access Bank,1770880912,B.A,3,0,Average,EMP-01403,lagos hq,98911281471,84056666-5855
EMP-01443,Em3k@,Okwu,m,7-Feb-87,emeka.okwu@gtech-solutions.ng,2.34E+12,Rivers,Sales,n/a,part-time,Terminated,13-Nov-20,17-Aug-22,"#447,000",Access Bank,4179824208,B.Sc,6,10,Excellent,EMP-00087,Ikeja,41975028873,18790124-8281
EMP-00306,CHIDI,Aliyu,male,9-Jan-82,chidi306@g-tech.com.ng,+234 085 783 8938,Bayelsa,HUMAN RESOURCES,Recruitment Specialist,Contractor,Active,27-Jul-22,,239000 NGN,Ecobank,"4,499,811,548",OND,11,7,TBD,EMP-00824,Ikeja,71824989808,10382729-7565
EMP-00756, Nkiruka,babatunde,Ms,14-May-93,nkiruka756@gtechsolutions.com.ng,2.34E+12,Cross River,HUMAN RESOURCES,Learning & Development Officer,FT,Active,2/28/2023,,NGN 370000,Access Bank,5546669224,B.Sc,Unknown,20,Exceeds Expectations,EMP-01154,Wuse II,37596868627,77407019-4070
EMP-01138, Lanre,Adegoke,MALE,10/6/1979,lanre_adegoke@gtech-solutions.ng,0080-156-8456,Imo,customer service,CS Team Lead,CONTRACT,On Leave,4-Feb-25,,NGN 109000,Stanbic IBTC,6727019251,Not Available,20,2,Needs Improvement,EMP-00779,Wuse II,28702456453,16725402-8707
EMP-01271,Yemi,HARUNA,MALE,8-Feb-92,yharuna@gtechsolutions.ng,2.34E+12,Osun,marketing,Marketing Executive,Contractor,Active,1/25/2022,,"#134,000",Keystone Bank,220027977,OND,22,7,A,EMP-00983,Lagos Island,84792705994,n/a
EMP-01364,Wale,NWOFOR,male,6/8/1999,nwofor_wale@gtech-solutions_ng,+234 075 286 1505 ,Nasarawa,EXECUTIVE,Chief Executive Officer,Part Time,Inactive,18/03/2019,,"??3,076,000",Keystone Bank,1056035422,M.Sc,19,5,5,,GRA PH,72633293300,37347436-3788
EMP-00808, Ronke,HARUNA,FEMALE,4/15/1991,ronke.haruna@gtechsol.ng,2.34E+12,Cross River,marketing,Marketing Analyst,Contractor,Active,21.01.2019,,"N342,000",Sterling Bank,"7,756,952,682",MBA,7,12,Good,EMP-00371,VI Office,11627435149,65251338-4295
EMP-00585, Niyi,okafor,m,7/2/1996,niyi585@g-tech.com.ng,2.34E+12,Plateau,MARKETING,Digital Marketing Officer,Contract,Active,8/6/2020,,"N414,000",Keystone Bank,1681506405,B.A,TBD,10,5,EMP-00487,GRA PH,79020388782,18426714-9721
EMP-00375,IFEOMA,Okwu,Female,1-Feb-89,ifeoma.okwu@gtechsol.ng,2.34E+12,Oyo,Customer Service Dept,Customer Service Rep,Contractor,Terminated,23-Feb-22,8/6/2024,"N198,000",UBA,8674109654,B.Eng,10,NULL,D,EMP-00150,Wuse II,72602925468,29797191-8387
EMP-00379,Oluwatobi ,nwofor,male,27-Feb-93,nwofor.oluwatobi@gtechsol.ng,759275467,Delta,Technology,Software Developer,Contract,Active,12-Oct-24,,"#723,000",Fidelity Bank,"2,396,079,090",OND,6,10,5,EMP-00543,LAGOS HQ,7088640675,
EMP-00273, Chinedu,adesanya,Male,5/26/2000,chinedu@g-tech.com.ng,2.34E+13,Lagos,Sales Dept,Sales Manager,Contract,On Leave,8-Aug-24,,"N227,000",Stanbic IBTC,"2,757,235,114",Ph.D,8,Not Available,A,EMP-01140,Lagos HQ,90432230233,Unknown
EMP-00108, Titi,Obiora,f,3/19/1994,titi.obiora@gtechsol.ng,2.34E+12,Abuja,Marketing,Brand Manager,Full Time,Terminated,4/1/2019,21-Jun-24,344000 NGN,TBD,3442401169,Ph.D,8,21,Excellent,Unknown,lagos hq,6867177318,64575354-4571
EMP-00637, Muyiwa,okwu,Male,19-Aug-88,mokwu@gtech-solutions.ng,2.34E+12,Delta,operations,Process Analyst,PART-TIME,Active,28/08/2019,,NGN 131000,FCMB,7231431541,M.Sc,4,15,Needs Improvement,EMP-00278,Lagos HQ,15386426730,Not Available
EMP-00289,Kelechi,Fashola,MALE,25.09.1981,kelechi.fashola@gtechsol.ng,2.34E+12,Osun,Marketing,Content Strategist,full-time,Inactive,02.01.2022,,250000,Keystone Bank,4920956041,B.A,20,14,Outstanding,EMP-00266,GRA PH,8580623504,99062872-6904
EMP-01349,Niyi,ADEYEMI,MALE,7/14/1994,niyi349@g-tech.com.ng,2.34E+11,Ekiti,Finance,Internal Auditor,FT,Active,8/6/2023,,530000,GTBank,7690026562,M.Sc,6,NULL,D,EMP-00688,LAGOS HQ,#N/A,17430524-1084
EMP-01297,LANRE,Nwachukwu,MALE,12/18/1991,lanre@gtechsolutions.ng,2.34E+13,Lagos,Supply Chain Dept,Supply Chain Analyst,Contractor,Active,10/28/2021,,371000,,"6,216,644,886",MBA,7,15,N/A,EMP-00826,Port Harcourt Branch,40848742615,NULL
EMP-01172, Ebele,Usman,Female,5-Apr-93,eusman@gtech-solutions.ng,0088-448-2787,Ogun,Executive,Chief Technology Officer,full-time,Inactive,12/7/2024,,2050000,Sterling Bank,1347422646,HND,TBD,12,5,,Lekki,91186641151,61720348-5807
EMP-00373,sade,Oduya,Female,27-Feb-98,sade.oduya@gtech-solutions.ng,0081-338-2994,Imo,LEGAL,Legal Officer,Contract,Active,30-Apr-19,,"??635,000",Polaris Bank,2531187247,B.Eng,6,7,Below Average,EMP-00455,Lagos Island,48130041691,N/A
EMP-01433,Segun,Fashola,male,10/18/1975,sfashola@g-tech.com.ng,0085-189-7167,Nasarawa,customer service,Customer Experience Officer,Contract,Active,1/11/2024,,92.0K,Ecobank,3386607475,B.A,10,15,Below Average,EMP-00257,Port Harcourt Branch,17791850641,71058297-9152
EMP-00166,TUNDE,GARBA,Male,5/4/1992,tgarba@gtechsolutions.ng,783064864,Anambra,MARKETING,Marketing Executive,PART-TIME,Active,25.09.2019,,408000 NGN,Zenith Bank,599566735,MBA,4,2,2,EMP-01261,VI Office,10922685926,99559917-5940
EMP-00745,kunle,Abdullahi,Mr,27-Jun-96,kunle@gtech-solutions.ng,0082-333-0598,Imo,Technology Dept,Product Manager,PT,Active,17-Dec-22,,"#666,000",UBA,4852067552,B.Sc,2,5,C,,Abuja Office,41382738688,41755400-3211
EMP-01315,DAPO,Ibrahim,Male,01.11.1986,dapo.ibrahim@gtechsolutions.ng,882331071,Osun,Operations,Process Analyst,contract,Terminated,8/11/2018,22-Mar-25,"N207,000",UBA,"4,088,172,950",B.Eng,12,2,5,EMP-00318,GRA PH,35342495015,32869433-9723
EMP-00520,KELECHI,Nzeka,MALE,3-Nov-83,kelechi_nzeka@gtechsol.ng,2.34E+12,Benue,legal,Company Secretary,FT,Active,4/18/2023,,232.0K,Fidelity Bank,2498667456,M.Sc,10+ years,0,2,EMP-00525,Port Harcourt Branch,23003607223,30607888-9666
EMP-01334,Chidi,Nzeka,male,5-Feb-80,chidi@g-tech.com.ng,841735180,Osun,Finance Dept,Treasury Officer,PT,Active,12/3/2021,,604000,FCMB,436606663,B.Sc,4,12,Excellent,EMP-01196,LAGOS HQ,40816723369,23402197-1716
EMP-00587, Toyin,H@run@,female,7/26/1995,toyin.haruna@g-tech.com.ng,903418817,Bayelsa,Human Resources,HR Business Partner,PT,Terminated,9/14/2021,18-Jan-24,"#289,000",FCMB,2438639839,B.Sc,22,5,Outstanding,EMP-01332,LAGOS HQ,68722037337,46217502-1872
EMP-00404, Tunde,Mohammed ,male,10-Jul-93,tmohammed@gtechsolutions.com.ng,2.34E+12,Lagos,Operations Dept,Operations Manager,Full Time,Active,6/7/2020,,183000,Stanbic IBTC,6840643166,B.A,15,7,N/A,EMP-01096,LAGOS HQ,23209140169,33513225-9458
EMP-00617,Nneka,Obi,female,07.05.1977,nneka@gtech-solutions.ng,2.34E+12,Bayelsa,Legal,Company Secretary,PART-TIME,Active,5/6/2019,,270.0K,Sterling Bank,348450056,B.Sc,16,0,Excellent,EMP-01146,Wuse II,9507933773,27472303-8804
EMP-00575,bola,Haruna,f,4/21/1990,bola@gtechsol.ng,2.34E+12,TBD,Legal,Legal Officer,part-time,Active,1/30/2018,,"#548,000",Fidelity Bank,1839534051,B.A,22,7,Meets Expectations,EMP-00981,lag hq,94336447026,75766986-7481
EMP-00010,Omowunmi,Okonkwo ,FEMALE,18/10/1979,omowunmi010@gtechsolutions.ng,2.34E+12,Imo,MARKETING,Digital Marketing Officer,Full Time,Active,1/22/2021,,"??144,000",Sterling Bank,"4,856,070,374",B.A,25,10,C,EMP-00168,lagos hq,53100330923,99853245-2874
EMP-00872, Uzoamaka,Okafor,Ms,11/6/1985,uzoamaka.okafor@gtechsol.ng,2.34E+11,Plateau,Human Resources Dept,HR Business Partner,FULL-TIME,Unknown,4/17/2024,,NGN 174000,FCMB,7565905805,HND,8,20,Good,EMP-01485,LAGOS HQ,20822044843,25061300-9041
EMP-00136, Onyinye,Ogund3l3,f,3-Oct-92,onyinye_ogundele@gtechsolutions.com.ng,+234 082 689 5814,Cross River,Sales,Sales Executive,FULL-TIME,Active,5/30/2023,,248.0K,Stanbic IBTC,"5,175,059,577",HND,23,7,1,EMP-00942,NULL,N/A,82296289-1507
EMP-00678,Toyin,Ogundele,female,17.03.1997,toyin.ogundele@gtechsolutions.ng,2.34E+12,Ogun,CUSTOMER SERVICE,CS Manager,Full-Time,Active,2/13/2025,,"??120,000",UBA,381743053,MBA,13,15,Needs Improvement,EMP-00731,VI Office,15107055705,TBD
EMP-00185, Rotimi,Mohammed ,M,24/05/1995,rotimi185@gtechsolutions.ng,2.34E+13,Abuja,legal,Compliance Officer,Contract,Active,8/14/2019,,"N695,000",GTBank,9817654910,OND,2,10,N/A,EMP-01120,GRA PH,91620223288,74487117-5751
EMP-00618,Funmilayo,Ogundimu ,female,21.09.1975,funmilayo.ogundimu@gtechsolutions.ng,0089-198-6368,Abuja,SUPPLY CHAIN,Supply Chain Analyst,PT,Active,2/7/2024,,120.0K,Zenith Bank,9705041243,M.Sc,11,21,D,EMP-00236,Ikeja,3230888060,47984879-2098
EMP-00613,ADEKUNLE,okafor,M,10/27/1994,adekunle.okafor@gtech-solutions.ng,0090-718-6497,Ogun,supply chain,Supply Chain Analyst,CONTR,Active,9/24/2019,,185.0K,Fidelity Bank,6195425171,MBA,21,5,Excellent,EMP-01016,lag hq,81973544252,73533443-9066
EMP-00018,S@d3,AJAYI,Ms,27-Aug-98,sade018@gtechsol.ng,707640518,Imo,technology,Data Analyst,CONTRACT,Active,10.01.2022,,"??552,000",Polaris Bank,145807231,Not Available,3,12,N/A,EMP-01105,VI Office,42474517123,TBD
EMP-00869, Titi,Akintola,f,23-Oct-95,takintola@gtechsol.ng,2.34E+12,Osun,Supply Chain Dept,Logistics Coordinator,Contract,Active,30/05/2025,,NGN 154000,Fidelity Bank,471811248,MBA,15,2,2,EMP-00867,Lekki,98910504596,23688975-8410
EMP-01337,Yinka ,Obi ,F,09.10.1994,yinka@g-tech.com.ng,2.34E+12,Lagos,Supply_Chain,Warehouse Manager,part-time,Active,9/7/2023,,"??366,000",Sterling Bank,5671489263,Ph.D,11,N/A,A,EMP-01271,Lagos - Head Office,35416785304,62034970-8623
EMP-00607,emeka,Suleiman,m,18-Aug-92,esuleiman@gtechsol.ng,+234 078 809 1002,Rivers,Operations,Process Analyst,Full-Time,Active,1/8/2023,,"??375,000",FCMB,"2,085,884,104",SSCE,24,10,Good,EMP-00136,TBD,1041313555,71097922-5971
EMP-01037,Niyi,Okwu,male,10-Dec-77,nokwu@gtechsolutions.com.ng,2.34E+13,Ekiti,legal,Compliance Officer,CONTRACT,Terminated,3/11/2025,4/14/2025,569.0K,Access Bank,649788194,B.Sc,4,2,A,EMP-00931,Wuse II,74922396652,59079506-2721
EMP-00882,Shade, Suleiman,Female,4-Sep-99,shade_suleiman@g-tech_com_ng,2.34E+12,Plateau,Technology,DevOps Engineer,CONTR,Active,30/01/2023,,691000 NGN,Ecobank,7562709235,HND,6,14,Outstanding,EMP-00351,,29596351875,59155421-4340
EMP-00510,CHUKWUEMEKA, Adeleke,Male,02.09.1978,chukwuemeka_adeleke@gtechsol.ng,2.34E+12,Osun,OPERATIONS,Process Analyst,Full-Time,Active,3/6/2023,,"#149,000",N/A,2687433681,B.Sc,3,21,Below Average,EMP-01189,GRA PH,,N/A
EMP-00595,Dotun ,Oduya,Mr,2/4/1979,dotun_oduya@gtech-solutions.ng,2.34E+12,Lagos,Operations Dept,Facilities Manager,PART-TIME,Terminated,24.07.2023,17-Nov-23,252.0K,Fidelity Bank,7545026818,B.A,6,12,Below Average,EMP-00755,lag hq,97489250075,72676402-5352
EMP-01241,Chidi,Lawal ,m,10/7/1998,clawal@gtechsolutions.com.ng,0073-255-7052,Nasarawa,HUMAN RESOURCES,Recruitment Specialist,CONTRACT,Active,4/8/2018,,298.0K,Polaris Bank,8807388439,Ph.D,8,14,D,EMP-01361,Port Harcourt Branch,6706250917,92705670-3748
EMP-01000,Oluwatobi,adewale,Mr,11-Apr-81,oluwatobi.adewale@gtechsol.ng,2.34E+12,Kano,Marketing Dept,Marketing Analyst,Full Time,Suspended,12/10/2019,,329000 NGN,N/A,7160388042,B.Sc,n/a,5,Average,EMP-01025,Abuja Office,79666783031,n/a
EMP-01263,adaeze, Yusuf,F,5/5/1980,adaeze_yusuf@gtechsolutions.com.ng,2.34E+12,Benue,Legal Dept,Legal Officer,part-time,Active,22-Jul-18,,548000 NGN,Fidelity Bank,981698141,B.Sc,15,7,Needs Improvement,EMP-01327,lagos hq,1482923792,86865743-7244
EMP-00696,Dapo,Okwu ,Mr,23/12/1980,dapo_okwu@g-tech.com.ng,801337833,Benue,Human Resources,HR Officer,FT,Active,2/18/2022,,371000,Fidelity Bank,201681407,MBA,14,21,D,EMP-01314,lagos hq,66609797855,17415365-5789
EMP-01085,kelechi,Mus@,male,12-Aug-82,kelechi@gtech-solutions.ng,761950420,Abuja,Customer Service Dept,Customer Service Rep,Part-Time,Active,9-Apr-23,,"N203,000",GTBank,3807300551,TBD,9,15,D,EMP-00761,Abuja Office,55172864213,25264369-8867
EMP-00717,TAIWO,Akintola,F,12/22/1997,taiwo_akintola@gtechsolutions.ng,2.34E+12,Rivers,Supply Chain,Warehouse Manager,FT,Suspended,9/10/2021,,189000,Stanbic IBTC,2234753324,MBA,17,2,Average,EMP-00305,VI Office,13301075350,44914574-7635
EMP-00807,Bisi, Obiora,f,13.08.1984,bisi807@g-tech.com.ng,2.34E+12,Enugu,Customer Service,Customer Service Rep,PART-TIME,Active,3/7/2020,,226000,Keystone Bank,596176275,B.Sc,17,20,Average,EMP-00849,Port Harcourt Branch,79005312605,NIL
EMP-00559,Rotimi,Suleiman,MALE,01.12.1998,rsuleiman@gtechsolutions.ng,0089-117-4089,Ekiti,Legal Dept,Compliance Officer,FULL-TIME,Active,1/29/2019,,"N217,000",First Bank,5575479555,B.Eng,9,14,Excellent,EMP-01016,Lekki,58104573466,50285056-5176
EMP-00941,Titi,Abdullahi,F,14.10.1980,titi@g-tech.com.ng,2.34E+11,Imo,supply chain,Logistics Coordinator,CONTR,Active,3/5/2020,,347000 NGN,Zenith Bank,2780954198,B.Eng,24,10,Outstanding,EMP-00336,Lagos - Head Office,5087550562,81709126-2316
EMP-01496,Femi,Adewale,MALE,11/10/1994,femi.adewale@gtechsol.ng,743203660,Ekiti,Legal Dept,Legal Manager,Full Time,Terminated,26-Jan-22,2/18/2024,285.0K,Ecobank,7794177751,MBA,22,15,Outstanding,EMP-01158,Port Harcourt Branch,14022680814,43156217-6269
EMP-01461,Kayode,Haruna,Male,9/18/1989,kayode461@gtech-solutions.ng,2.34E+12,Kano,Operations Dept,Operations Manager,CONTRACT,Active,22/10/2019,,356000,Access Bank,6706612196,B.Sc,3years,12,,#N/A,NIL,47163441513,23003296-3533
EMP-00340,Amaka ,Nzeka ,Ms,4/1/2000,anzeka@gtechsolutions.com.ng,764372922,Bayelsa,OPERATIONS,Facilities Manager,Full-Time,Terminated,1/11/2023,2/26/2025,191000 NGN,UBA,710797739,MBA,22,15,Excellent,EMP-00875,Ikeja,55302453012,88077298-5232
EMP-00132,Kemi,Ogundimu,female,12/19/2000,kemi.ogundimu@g-tech.com.ng,2.34E+12,Abuja,Customer Service Dept,Customer Service Rep,full-time,Inactive,20.04.2025,,"#194,000",Fidelity Bank,7474660539,B.Sc,7,12,Outstanding,EMP-00844,Lagos HQ,27371586988,45392370-9172
EMP-00060,Kemi,Babatunde,F,12/14/1983,kbabatunde@gtechsolutions.com.ng,2.34E+12,Edo,Legal,Compliance Officer,part-time,Terminated,7/7/2023,14/11/2023,697000,Access Bank,8703676933,Ph.D,17,0,5,,VI Office,45786103579,73697356-6730
EMP-01469,Ngozi,Adewale,Female,07.05.1992,nadewale@gtechsol.ng,702098404,Anambra,Sales,Business Development Officer,PT,Active,7/6/2024,,"??150,000",Keystone Bank,367786625,Ph.D,2,12,5,EMP-00768,LAGOS HQ,4667464932,60537008-6095
EMP-00805, Adebayo,NWOSU,M,16-Oct-99,anwosu@gtechsolutions.ng,2.34E+13,Enugu,customer service,CS Team Lead,contract,Terminated,28-Feb-18,2-Oct-19,91.0K,Ecobank,"7,271,526,956",B.Sc,13,TBD,B,EMP-01026,Port Harcourt Branch,48713000255,96043550-5342
EMP-00840,Nike ,Okafor,FEMALE,2/4/1978,nike840@gtech-solutions.ng,2.34E+13,Kano,TECHNOLOGY,IT Support,FT,Active,11/12/2024,,"#382,000",Zenith Bank,2913192370,B.Sc,14,21,Average,EMP-01305,Abuja Office,33016796556,42982298-4059
EMP-01236,Dele,Ogundimu,Male,27-Jan-80,dele236@gtech-solutions.ng,2.34E+12,Enugu,Human_Resources,Recruitment Specialist,FT,Active,6/14/2022,,327.0K,Polaris Bank,8476140933,M.Sc,21,12,Below Average,EMP-01353,VI Office,#N/A,68178311-8886
EMP-00693,Chioma,Chukwu,Female,4/15/1993,chioma_chukwu@g-tech.com.ng,2.34E+12,Nasarawa,Sales,Sales Manager,Contractor,On Leave,27-Mar-24,,"N335,000",Access Bank,1467603068,SSCE,9,14,5,EMP-01183,Port Harcourt Branch,62819150237,83741256-9171
EMP-00069,Adebayo,FASHOLA,MALE,26.07.1987,adebayo069@gtech-solutions.ng,824986190,#N/A,human resources,HR Business Partner,contract,Terminated,20.04.2024,16.04.2025,417.0K,Fidelity Bank,8791183272,B.Sc,24,10,Average,EMP-00356,Abuja Office,64842294057,30777669-1654
EMP-01404, Sola,Nzeka ,Male,11/7/1996,nzeka.sola@gtech-solutions.ng,2.34E+12,Osun,Executive,Chief Financial Officer,CONTRACT,Terminated,7/11/2021,2/7/2024,1504000,Access Bank,726126583,OND,23,14,Exceeds Expectations,,Lagos HQ,70502119250,59641246-9373
EMP-00042,Toyin,OBI,f,8/16/1983,toyin042@gtech-solutions.ng,2.34E+12,Edo,Finance,Internal Auditor,Full-Time,Active,27-Oct-21,,"N494,000",Access Bank,5714524551,OND,21,14,Below Average,EMP-00632,Lagos - Head Office,NIL,22490873-6315
EMP-01229,Segun ,ADEYEMI,Mr,6-Oct-98,segun229@g-tech.com.ng,2.34E+12,Benue,Executive Dept,Chief Technology Officer,Part Time,Active,4/13/2019,,"??2,725,000",Ecobank,3231811280,MBA,4,0,Exceeds Expectations,,VI Office,16815736640,91744327-7837
EMP-00451,BISI,Adeyemi,Ms,12.04.1990,adeyemi.bisi@gtech-solutions.ng,855290138,Rivers,Marketing Dept,Content Strategist,PT,Active,13-Sep-24,,"#338,000",Ecobank,8570481902,Ph.D,9,10,4,EMP-00724,Lekki,67366485320,71837216-8745
EMP-00279,Ronke,obi,FEMALE,4/26/1998,ronke.obi@gtechsolutions.com.ng,+234 081 426 0298,Ogun,Legal,Legal Officer,Full-Time,On Leave,4/18/2020,,"N306,000",Access Bank,3744833247,Ph.D,7,12,Good,EMP-00072,Abuja Office,98756178688,11432363-4028
EMP-01176,babatunde,Chukwu ,M,8/9/1978,bchukwu@gtech-solutions.ng,+234 070 777 5255,#N/A,technology,Product Manager,part-time,Terminated,10/14/2021,5/26/2024,"??681,000",Zenith Bank,5318082411,B.Eng,13,NULL,B,EMP-01498,Lagos Island,51176612476,84046858-6341
EMP-01134,Oluwatobi,ADESANYA,male,4/22/1987,oadesanya@gtech-solutions.ng,2.34E+12,Imo,Supply_Chain,Supply Chain Analyst,FULL-TIME,Active,11/13/2023,,309000,UBA,8959058410,B.Eng,11,14,Good,EMP-01394,Lagos HQ,27723657614,68046813-7737
EMP-01493,Nneka,Mohammed,F,9/8/1981,nneka.mohammed@gtechsolutions.ng,2.34E+13,,Marketing,Brand Manager,Part Time,Active,28-Jan-19,,NGN 268000,First Bank,8476141932,B.A,7,12,C,EMP-01446,Ikeja,7923595510,54126403-5174
EMP-00260,ROTIMI,Akintola,Male,7-Jun-86,rakintola@g-tech.com.ng,879004545,Cross River,sales,Sales Manager,CONTR,Active,19/04/2021,,"N382,000",Sterling Bank,"9,040,663,593",TBD,20,21,NIL,EMP-01200,Ikeja,68089812657,95255730-5376
EMP-00786,obiageli,Ibrahim ,Female,8/13/1995,obiageli786@gtechsolutions.com.ng,805819493,Ogun,legal,Legal Officer,full-time,Suspended,17-Nov-20,,532000,First Bank,6987817237,Ph.D,1,14,2,EMP-00818,GRA PH,#N/A,26486098-6132
EMP-00829,BOLU,Balogun,Male,1/7/1983,bolu@gtechsolutions.ng,2.34E+11,Osun,Customer Service,Customer Experience Officer,Full-Time,Active,16/01/2023,,"??206,000",Fidelity Bank,5617921279,SSCE,17,12,C,EMP-00914,LAGOS HQ,87776540234,73229793-2989
EMP-01330,NKIRUKA,Oduya,FEMALE,5/28/1978,nkiruka@gtechsolutions.com.ng,726012557,Abuja,marketing,Digital Marketing Officer,Full-Time,Active,24/02/2022,,"N285,000",Sterling Bank,1115207831,M.Sc,19,5,Good,EMP-01120,Ikeja,58599192892,72015826-8104
EMP-00794, Niyi,ABDULLAHI,M,6/9/1994,niyi.abdullahi@gtechsolutions.ng,765438649,NULL,Technology,DevOps Engineer,contract,Active,19-Jan-18,,469000,Fidelity Bank,1696794102,HND,23,14,Outstanding,EMP-00214,lag hq,30358217263,13917318-9914
EMP-01488,Dele, Ajayi,M,21-Oct-99,dele_ajayi@gtech-solutions.ng,2.34E+11,Rivers,FINANCE,Internal Auditor,PT,Active,21-Apr-23,,529.0K,Ecobank,"7,853,485,290",M.Sc,5,2,Below Average,EMP-01384,Lagos HQ,86435716170,90548739-8729
EMP-00208,nike, Usman,female,4/2/1990,nike_usman@gtech-solutions.ng,+234 070 768 0364,Edo,customer service,Customer Service Rep,FT,Active,20.02.2022,,208000,TBD,1115518612,M.Sc,4,2,Below Average,EMP-00829,Lagos HQ,29867076604,95109767-2899
EMP-00699,Biodun,Abdullahi,Mr,8/26/1986,abdullahi.biodun@gtech-solutions.ng,+234 085 906 5626,Cross River,Finance Dept,Finance Manager,contract,Active,22.08.2022,,384000,Zenith Bank,6990043955,MBA,23,20,Meets Expectations,EMP-00053,VI Office,,30524038-5720
EMP-00967,Rotimi, Fashola,male,3/7/1997,fashola.rotimi@gtechsol.ng,0083-577-8850,Kano,customer service,CS Team Lead,CONTR,Active,23-Jun-23,,NGN 213000,Sterling Bank,"6,130,729,356",M.Sc,5,15,Needs Improvement,EMP-00712,Lagos Island,41764344105,50204551-1550
EMP-01240,Toyin,Haruna,female,10/8/1991,toyin_haruna@gtech-solutions.ng,0080-906-7705,Plateau,SALES,Sales Manager,Contract,Terminated,9/16/2018,1/3/2021,"#412,000",Stanbic IBTC,1714396483,M.Sc,15,21,A,EMP-00961,GRA PH,73799568808,90280878-7685
EMP-01321,BLESSING,ogundimu,f,22/02/1975,blessing.ogundimu@g-tech.com.ng,725483978,#N/A,Marketing Dept,Marketing Executive,full-time,Terminated,29-Sep-19,26-Feb-24,"??393,000",UBA,1536666488,SSCE,13,12,Exceeds Expectations,EMP-00817,lagos hq,56582476825,43997463-6849
EMP-00861,Gbemi ,Oduya,m,26/08/1997,oduya.gbemi@gtechsol.ng,2.34E+11,Oyo,Legal,Legal Manager,Part Time,Active,19-Jul-23,,358000,UBA,4907475167,SSCE,,14,A,EMP-00202,NULL,34615041170,85643715-3482
EMP-00709,NKIRUKA,ABDULLAHI,f,15/12/1990,nkiruka709@g-tech.com.ng,857054397,Edo,HUMAN RESOURCES,Learning & Development Officer,Part Time,Active,9/10/2021,,"N406,000",Fidelity Bank,8084838128,HND,5 yrs,2,A,EMP-01190,Lagos HQ,14601933520,68355026-3725
EMP-00214,Tund3,adeleke,MALE,8/25/1997,adeleke.tunde@gtech-solutions.ng,2.34E+11,Kano,Technology Dept,DevOps Engineer,Contractor,Active,10/23/2021,,"??498,000",FCMB,6020616922,B.Eng,10+ years,10,N/A,EMP-00625,Ikeja,22294643039,88414664-1197
EMP-01280,Dele ,Yusuf,Male,2/18/1995,dele_yusuf@g-tech.com.ng,0071-659-0116,Kaduna,Operations,Operations Manager,PART-TIME,Suspended,28-Jul-23,,348000,Fidelity Bank,6205060583,MBA,1,10,Meets Expectations,EMP-01017,Lagos HQ,63295689865,77293980-4971
EMP-01466,tolu,Okafor,Female,2/7/1990,tolu.okafor@gtechsolutions.ng,+234 078 782 4273,Benue,Marketing,Marketing Analyst,CONTR,Active,2/28/2024,,"??159,000",Sterling Bank,3584112188,Ph.D,23,2,N/A,EMP-00264,Wuse II,74668351612,35533595-5633
EMP-01182,Segun,Adegoke,MALE,10/13/1986,segun.adegoke@gtech-solutions.ng,842122883,Imo,LEGAL,Legal Officer,Part-Time,Active,02.03.2024,,558000,Access Bank,410016252,M.Sc,1,20,Excellent,EMP-00699,Port Harcourt Branch,62569512516,28184217-9223
EMP-00569,Lanre,Adeyemi,MALE,23/07/1987,ladeyemi@g-tech.com.ng,2.34E+12,Kaduna,Marketing,Marketing Executive,CONTR,Active,30.11.2023,,371000,UBA,673983485,OND,7,14,5,EMP-01453,Port Harcourt Branch,#N/A,57710644-3332
EMP-00350,Ngozi,Nwofor,Female,4/1/1999,ngozi350@g-tech.com.ng,2.34E+12,Abuja,OPERATIONS,Operations Officer,FT,Active,6/13/2022,,"N141,000",Zenith Bank,271142243,B.A,4,14,Unknown,EMP-00759,,56619953056,84887875-5277
EMP-01312, Joke,Okwu ,Female,27.10.1994,jokwu@gtechsolutions.com.ng,2.34E+11,Oyo,Operations Dept,Operations Manager,full-time,On Leave,2/1/2023,,"??256,000",Zenith Bank,5874467832,HND,11,15,Meets Expectations,n/a,LAGOS HQ,48477146733,16513180-3521
EMP-00442,Taiwo, Okafor,F,12.05.1981,taiwo.okafor@g-tech.com.ng,2.34E+12,Imo,Executive Dept,Chief Technology Officer,Full Time,Active,8/23/2022,,970.0K,Polaris Bank,3239036316,OND,25,10,B,,Lagos - Head Office,58015846687,37919635-1070
EMP-00014,Joke,usman,Ms,5-Nov-82,joke.usman@gtechsol.ng,904318855,Abuja,Legal Dept,Compliance Officer,CONTR,Inactive,14-Aug-20,,NGN 603000,First Bank,"8,986,950,095",B.Sc,17,15,Good,EMP-00661,Lagos HQ,99049027874,88561612-8141
EMP-01159,Adebayo , Okafor,Male,25-Jan-93,aokafor@gtechsolutions.ng,898737917,Kano,HUMAN RESOURCES,HR Officer,Part-Time,Terminated,4/10/2018,11/26/2024,"#371,000",First Bank,"7,982,008,001",#N/A,13,0,Excellent,NULL,lag hq,52889737840,11483818-5310
EMP-00131,ADAORA,Okonkwo,f,28-Sep-97,okonkwo.adaora@gtech-solutions.ng,903532555,Rivers,Supply Chain,Procurement Officer,Part Time,Active,9-Sep-18,,"N138,000",Fidelity Bank,6647042627,M.Sc,23,14,2,EMP-01101,lagos hq,28843188485,NIL
EMP-00773,Kemi, Chukwu,female,4/16/1983,kchukwu@gtechsolutions.com.ng,2.34E+12,Benue,MARKETING,Digital Marketing Officer,contract,Active,25.03.2022,,NGN 339000,Polaris Bank,"9,223,558,005",M.Sc,Unknown,14,4,EMP-01183,Ikeja,81605191702,34975977-4895
EMP-01195,adekunle,Suleiman ,Mr,16-Mar-97,adekunle_suleiman@gtech-solutions.ng,721115245,Delta,Customer Service,Customer Experience Officer,CONTRACT,Active,2-Jul-19,,180000,GTBank,2357554878,B.Sc,10,5,C,EMP-00907,Abuja Office,TBD,29031626-8950
EMP-00331,OLUWASEUN,Adeyemi,Mr,2/25/1997,oluwaseun331@gtechsolutions.ng,+234 073 813 7407,Delta,operations,Operations Coordinator,Full Time,Active,2-Aug-21,,209.0K,FCMB,1549857034,Ph.D,NULL,21,Exceeds Expectations,EMP-00705,VI Office,53322273938,33395000-1023
EMP-00535,YEMI,ADEGOKE,male,28-Nov-79,yadegoke@gtech-solutions.ng,905613705,Kano,Executive,Chief Technology Officer,CONTRACT,Not Available,3-Feb-23,,1613000,Keystone Bank,3860484505,HND,18,21,Average,,Ikeja,49847460429,71158617-2698
EMP-00204,Chidinma,Onuoha,female,28.12.1990,chidinma.onuoha@g-tech.com.ng,+234 070 889 8869,,Legal,Legal Manager,CONTRACT,Suspended,8/23/2018,,621000,FCMB,8319760247,,18,7,Excellent,EMP-01377,VI Office,29580660138,45787268-2375
EMP-01194,Adaeze,Usman,Ms,12/3/1988,adaeze194@gtechsolutions.ng,2.34E+11,#N/A,Customer Service,CS Team Lead,Part-Time,Active,13-May-24,,NGN 221000,First Bank,713666457,OND,8,2,Meets Expectations,EMP-00208,lagos hq,92781259833,85615542-2256
EMP-01419,Adunola,NWOSU,F,22/03/1978,adunola_nwosu@gtechsolutions.com.ng,908204591,Abuja,Marketing Dept,Digital Marketing Officer,FT,Active,2/7/2019,,"N164,000",GTBank,9177174462,OND,12,21,Needs Improvement,EMP-00636,GRA PH,85961894658,69078625-4652
EMP-01148,FUNMILAYO,Adegoke,f,17-Jul-85,funmilayo.adegoke@g-tech.com.ng,885888819,Kano,Customer_Service,CS Team Lead,part-time,Active,19/06/2023,,97000 NGN,Access Bank,5092581438,HND,15,5,Meets Expectations,EMP-01329,Kano Office,47012605629,62036767-3660
EMP-00092,UCHECHI,ibrahim,FEMALE,1/8/1989,uchechi_ibrahim@g-tech.com.ng,899995261,Kaduna,Marketing,Content Strategist,Contract,Active,5-Jul-21,,"#422,000",Sterling Bank,"9,769,577,087",B.Eng,20,20,D,EMP-00926,Wuse II,98266570279,Not Available
EMP-01336,chidinma,Ogundele ,female,10/1/1980,chidinma.ogundele@gtechsolutions.com.ng,+234 090 133 4978,Ondo,executive,Chief Executive Officer,full-time,Terminated,8/2/2018,10.07.2020,2081.0K,Polaris Bank,6901632769,M.Sc,3,12,Good,,Lagos HQ,89506659356,N/A
EMP-00390,Uchechi,Adeola,f,1/12/1994,adeola.uchechi@gtech-solutions.ng,2.34E+12,Ekiti,Operations,Operations Coordinator,contract,Active,19/08/2024,,230.0K,UBA,167746699,OND,20,10,Meets Expectations,EMP-00570,Kano Office,21781678066,46383648-4633
EMP-00564,CHIDI,Obi,male,26-Feb-82,chidi564@gtech-solutions_ng,2.34E+12,Bayelsa,Human Resources,HR Business Partner,Part-Time,Active,1/2/2022,,390.0K,First Bank,1840383636,M.Sc,2,NULL,,EMP-00445,Lagos HQ,64180446081,77050233-2674
EMP-01294,emeka,Adewale,m,3/6/1984,emeka294@gtechsolutions.com.ng,812415700,Delta,EXECUTIVE,Chief Executive Officer,Full Time,Active,9-Dec-21,,1419.0K,Zenith Bank,5965441489,B.Eng,20,2,Needs Improvement,,VI Office,62748187317,52184838-3209
EMP-01244,yinka, Okafor,female,11/25/1979,yinka.okafor@gtechsolutions.ng,828667353,Kaduna,marketing,Brand Manager,Contractor,Active,5-Dec-22,,140000 NGN,Keystone Bank,8220756929,N/A,8,12,5,EMP-01361,Lagos HQ,1281848936,90630907-2021
EMP-01413,folake,Fashola,f,5/15/1997,folake.fashola@gtechsol.ng,2.34E+12,n/a,supply chain,Supply Chain Analyst,PT,Active,6-Apr-19,,"??394,000",Zenith Bank,"2,286,453,002",MBA,25,7,Excellent,EMP-00680,LAGOS HQ,79042661367,36001288-6026
EMP-00295,Ayo,Ogundele ,Male,26-Jul-98,ayo.ogundele@g-tech.com.ng,2.34E+11,Ekiti,Human Resources,HR Business Partner,Full Time,Active,8-Dec-19,,"N420,000",Zenith Bank,4977513978,MBA,10,2,D,EMP-01010,Lagos - Head Office,30954497912,NULL
EMP-00485,Tolu,Ajayi,F,24.11.1983,ajayi.tolu@gtechsolutions.ng,+234 086 665 0003,Bayelsa,Human Resources Dept,Recruitment Specialist,FT,Inactive,12/14/2021,,369.0K,UBA,7599473321,M.Sc,12,21,A,EMP-01225,Ikeja,81660284136,38642727-5947
EMP-01243,IFEANYI,Fashola,M,13-Nov-79,ifashola@gtechsol.ng,2.34E+12,Kaduna,Customer Service,CS Team Lead,Full Time,Active,9/7/2024,,"??188,000",Zenith Bank,2844168640,Ph.D,25,n/a,Average,EMP-00939,lagos hq,61239338189,94776351-5582
EMP-00093,Chidi,Okafor,Male,3/11/1999,cokafor@gtechsol.ng,0089-368-2671,Cross River,FINANCE,Treasury Officer,Contractor,Active,23-Apr-22,,441000 NGN,Ecobank,2558830012,SSCE,1,Unknown,Exceeds Expectations,EMP-00012,Ikeja,97767199038,NULL
EMP-01162,nike,Chukwu ,F,2-Dec-85,nike162@gtech-solutions.ng,2.34E+11,Edo,Legal,Legal Manager,FULL-TIME,Terminated,3/22/2023,5/13/2023,"#415,000",Keystone Bank,9958323746,SSCE,9,10,NIL,EMP-01069,lag hq,91087717566,43151625-6135
EMP-00039,wale, Babatunde,Male,7/22/1983,wale.babatunde@g-tech.com.ng,+234 084 722 5647,Benue,Supply Chain,Warehouse Manager,full-time,Active,11/10/2020,,160.0K,Keystone Bank,3276297510,B.Eng,24,15,5,EMP-00491,Lagos - Head Office,78544587717,52980983-4328
EMP-00753,Sola,Babatunde ,m,5/22/1990,sola.babatunde@gtechsolutions.ng,0076-386-2269,Kano,Customer Service,CS Team Lead,FULL-TIME,Terminated,25/07/2023,19/09/2024,233.0K,Stanbic IBTC,"4,007,236,112",MBA,16,0,D,EMP-00199,LAGOS HQ,94199645962,99809345-4317
EMP-00603,Joke ,nwosu,Female,11/11/1989,joke.nwosu@gtech-solutions.ng,859167062,n/a,LEGAL,Legal Manager,PT,Active,23/05/2021,,476000,Access Bank,9159454599,B.Eng,5,5,2,EMP-00895,LAGOS HQ,93927639852,98256787-2694
EMP-01047,Adunola, Eze,female,03.06.1997,adunola.eze@gtech-solutions.ng,846282227,Ondo,EXECUTIVE,Chief Financial Officer,Part Time,Active,11/29/2022,,2425000 NGN,Zenith Bank,4853636272,B.Sc,5,15,B,,Lagos HQ,30056841727,17485586-7406
EMP-01313,Chidinm@,chukwu,F,21-Aug-95,chidinma.chukwu@gtech-solutions.ng,785056144,Delta,supply chain,Logistics Coordinator,FULL-TIME,Active,25-Nov-22,,364000,Polaris Bank,"2,126,345,401",OND,14,7,Average,Not Available,Lagos Island,30325355599,36296317-8357
EMP-01455, Onyinye,Adeyemi,FEMALE,4-Jul-87,oadeyemi@gtechsolutions.ng,871892183,Anambra,CUSTOMER SERVICE,CS Team Lead,Contract,Terminated,7/16/2022,7/12/2023,205000,N/A,"7,550,904,837",M.Sc,25,10,,Unknown,Port Harcourt Branch,47242430569,98355203-1323
EMP-00027, Yetunde,Taiwo ,Ms,17-Oct-98,yetunde.taiwo@gtechsolutions.com.ng,2.34E+11,Abuja,OPERATIONS,Operations Manager,PART-TIME,Active,11/25/2024,,150000,UBA,456959237,B.A,5 yrs,10,A,EMP-00854,LAGOS HQ,51888880670,60103798-5155
EMP-00074, Kunle,NZEKA,m,26-Sep-81,kunle_nzeka@gtechsolutions.ng,2.34E+12,Ekiti,OPERATIONS,Facilities Manager,FT,Terminated,6/15/2020,01.11.2021,142000 NGN,Ecobank,"8,438,902,565",MBA,13,12,Average,EMP-00771,Kano Office,#N/A,38389345-3461
EMP-01449,Uchechi,Adewale,Ms,08.12.1990,adewale.uchechi@gtechsol.ng,2.34E+12,Edo,Finance Dept,Treasury Officer,part-time,Active,20.04.2023,,444000,Keystone Bank,4096212543,B.Eng,9,7,TBD,EMP-01496,lag hq,62113759648,33481281-1552
EMP-01422,Adebayo,musa,M,7-Jan-81,amusa@gtechsolutions.ng,+234 087 438 8934,Oyo,Executive Dept,Chief Operating Officer,Full-Time,Terminated,24-Dec-20,21-Mar-23,1926000 NGN,Access Bank,7436373017,B.A,15,21,D,,Ikeja,N/A,54352810-8672
EMP-00739,Lola,Adeyemi ,Ms,2/11/1986,lola.adeyemi@gtech-solutions.ng,+234 075 122 0581,Nasarawa,customer service,CS Team Lead,Part-Time,Active,2-Nov-19,,137000,Zenith Bank,"7,448,350,268",Not Available,20,2,3,EMP-00051,Abuja Office,12007404515,91028224-4487
EMP-00275,CHIOMA,Ajayi ,Ms,8/3/1982,chioma.ajayi@g-tech.com.ng,2.34E+12,Kano,FINANCE,Internal Auditor,full-time,Active,4/13/2024,,NGN 645000,FCMB,"1,231,035,712",SSCE,2,7,4,EMP-00184,GRA PH,68157245000,99238969-1396
EMP-00314,KELECHI, Aliyu,m,1/15/1999,kaliyu@gtechsolutions.ng,731585008,Plateau,Supply Chain Dept,Procurement Officer,part-time,Active,6/21/2021,,NGN 281000,UBA,3755283933,OND,22,10,Excellent,EMP-00805,Lagos Island,13407851699,
EMP-01161,Femi,Nwosu,m,2/24/1989,femi_nwosu@g-tech.com.ng,2.34E+12,Ogun,Operations,Operations Officer,Part-Time,Inactive,24-May-25,,327000,Zenith Bank,"4,677,184,746",HND,23,21,Outstanding,EMP-01350,LAGOS HQ,,89325488-4229
EMP-01417,Chinedu, Fashola,Male,11-Feb-79,fashola.chinedu@g-tech.com.ng,0074-461-3656,Benue,Supply Chain,Logistics Coordinator,CONTRACT,Active,21-Mar-22,,NGN 227000,Sterling Bank,"5,967,453,477",OND,Unknown,21,Outstanding,NIL,GRA PH,87089850003,n/a
EMP-01215, Taiwo,Haruna,Ms,1-Nov-80,taiwo@gtechsolutions.ng,901134762,Anambra,marketing,Marketing Executive,Part Time,Inactive,8/26/2019,,"#147,000",Access Bank,7392845721,MBA,16,7,Average,EMP-00839,Port Harcourt Branch,46125798123,25753402-7909
EMP-00202,Nneka,OBIORA,female,5/27/1983,nneka202@gtechsolutions.ng,2.34E+11,Cross River,Finance,Internal Auditor,CONTR,Active,03.10.2019,,"N505,000",Fidelity Bank,1406795995,B.A,6,2,Meets Expectations,EMP-00785,Lagos - Head Office,94973203319,32121549-8790
EMP-01116, Folake,Akintola,f,12-Mar-81,folake.akintola@g-tech.com.ng,2.34E+12,Edo,operations,Operations Manager,Full Time,Active,9/18/2023,,"??146,000",Fidelity Bank,8329147838,M.Sc,8,2,4,EMP-00424,lag hq,79082135221,20280698-2701
EMP-00038,Oluwaseun,Nwachukwu,male,4/25/1992,onwachukwu@gtechsolutions.com.ng,2.34E+12,Kaduna,executive,Chief Executive Officer,part-time,Active,9/14/2024,,999.0K,First Bank,1289012242,HND,14,0,N/A,,Ikeja,56856624628,40245233-5927
EMP-00450,Bolu , Onuoha,Male,2/24/1978,bolu@gtech-solutions.ng,771279513,Nasarawa,Executive,Chief Financial Officer,Contract,Suspended,3/12/2023,,"??3,365,000",Polaris Bank,9113165802,MBA,6,7,5,,Lagos HQ,730242662,87070198-8392
EMP-01110,Chidinma ,adeyemi,f,15-Jan-99,adeyemi.chidinma@gtechsolutions.com.ng,2.34E+12,Benue,Legal Dept,Compliance Officer,contract,Active,8/11/2023,,241000 NGN,Polaris Bank,1577023334,B.A,14,14,4,EMP-00765,GRA PH,Unknown,TBD
EMP-00842,Ifeoma,Haruna,f,3/19/1996,ifeoma@gtechsolutions.com.ng,0079-337-4827,NULL,Customer Service,Customer Experience Officer,FULL-TIME,Active,6-Jun-23,,221.0K,Ecobank,2363362810,M.Sc,10,15,Below Average,EMP-00501,VI Office,N/A,TBD
EMP-00983,yemi, Haruna,Mr,9/22/1980,yemi983@gtechsolutions.com.ng,2.34E+13,n/a,Executive,Chief Financial Officer,full-time,Active,16-May-23,,1668.0K,,769717537,M.Sc,22,14,Meets Expectations,,LAGOS HQ,17627243814,58667440-7709
EMP-00353,KEHINDE,Nwofor,F,9-Feb-94,nwofor.kehinde@gtechsolutions.ng,2.34E+11,Kano,Finance Dept,Finance Manager,Contractor,Active,11-Dec-18,,208000,Keystone Bank,"6,702,392,602",MBA,15,21,D,EMP-00593,GRA PH,53788033183,19213734-4293
EMP-01124,Babatunde,Ibrahim ,m,7/9/1997,babatunde_ibrahim@gtechsolutions.ng,2.34E+11,Kaduna,Executive Dept,Chief Financial Officer,Part Time,Active,6/18/2019,,2877000,Keystone Bank,"1,056,581,789",#N/A,15,20,2,,lag hq,59547420028,30026941-4677
EMP-00825,Babatunde,Taiwo ,Male,19-Sep-97,babatunde825@gtechsolutions.ng,2.34E+12,Abuja,Technology Dept,Product Manager,CONTR,Active,1/8/2020,,"N559,000",Zenith Bank,840525437,HND,20,20,4,EMP-01140,Abuja Office,44433736090,68835232-6561
EMP-00402,Yinka,Adegoke,Female,14-Dec-85,yadegoke@gtechsolutions.com.ng,2.34E+12,Ondo,Supply_Chain,Logistics Coordinator,PT,Terminated,5/10/2019,10-Mar-23,"??309,000",UBA,8568114895,B.Eng,n/a,12,Average,Not Available,Kano Office,17316715605,86783494-2013
EMP-00387,Titi,EZE,Female,4/16/1993,eze.titi@gtechsolutions.com.ng,2.34E+12,Bayelsa,Sales,Sales Executive,PART-TIME,Active,2-Jan-21,,"N320,000",Fidelity Bank,9050473499,MBA,2,14,D,EMP-00720,Lagos Island,72636815418,79461592-1549
EMP-00409,Folake,Nwofor,Ms,7/26/2000,nwofor.folake@gtechsol.ng,829787484,Edo,Marketing,Content Strategist,PT,Active,1/29/2021,,156000,GTBank,"6,034,336,864",B.A,19,n/a,5,EMP-01095,Lagos HQ,35701703630,50037019-5387
EMP-00548,Oluwaseun, Adeola,MALE,5/2/1999,oadeola@gtechsolutions.ng,+234 078 264 8611,Enugu,Human Resources Dept,Learning & Development Officer,part-time,Active,20-Oct-23,,"??375,000",Polaris Bank,"6,631,565,147",B.Eng,1 year,10,Average,EMP-00366,lagos hq,36116861146,NIL
EMP-00619,UCHE,Onuoha,Mr,10-Feb-99,onuoha.uche@gtechsolutions.com.ng,2.34E+12,Lagos,Finance,Finance Analyst,CONTRACT,Active,6/8/2023,,529000 NGN,Access Bank,7112584189,MBA,11,2,n/a,EMP-01334,Lagos - Head Office,4621764349,TBD
EMP-00908,OMOWUNMI,ADELEKE,Ms,17-Oct-94,omowunmi@gtechsolutions.ng,2.34E+12,Abuja,Customer Service Dept,Customer Experience Officer,Contractor,Terminated,9-May-21,13/04/2024,245000 NGN,Access Bank,"2,997,480,319",SSCE,8,21,3,EMP-00588,VI Office,64996107799,71273693-3333
EMP-00063,kelechi,Ibrahim ,Mr,14-Nov-88,kelechi_ibrahim@gtechsolutions.ng,2.34E+12,NIL,marketing,Brand Manager,Part-Time,Terminated,5/7/2020,5/17/2021,"N425,000",,1249166485,B.A,10,14,2,EMP-00094,Lagos Island,89856257532,64142310-1313
EMP-00150,Chukwuemeka,OKONKWO,Male,10/6/1987,okonkwo.chukwuemeka@gtechsolutions.ng,902195114,Plateau,Supply_Chain,Supply Chain Analyst,Contractor,Active,09.03.2022,,"#277,000",Sterling Bank,9270780160,B.Eng,10+ years,0,Outstanding,EMP-00933,Port Harcourt Branch,99201166918,66766698-3716
EMP-00308,Kemi,Nwachukwu,Ms,2-Mar-83,kemi_nwachukwu@gtechsolutions.ng,2.34E+11,Nasarawa,Operations,Operations Officer,contract,Active,17/08/2018,,113.0K,Stanbic IBTC,"6,411,252,253",MBA,10,12,D,EMP-00060,Lagos - Head Office,53389062354,61171904-3143
EMP-00827,Adaeze,OKWU,female,12/13/1994,aokwu@gtech-solutions.ng,0079-990-9669,Anambra,executive,Chief Technology Officer,Contractor,Active,4/3/2018,,"??1,854,000",Keystone Bank,638486303,B.Eng,4,10,Exceeds Expectations,,Abuja Office,83345129829,43751787-6686
EMP-01438,niyi, Adewale,male,19/07/1979,niyi438@gtechsolutions.com.ng,2.34E+12,Anambra,supply chain,Logistics Coordinator,Full Time,Active,10/16/2019,,366000,First Bank,"3,107,776,697",OND,NULL,2,Outstanding,EMP-00159,Lagos Island,79688248932,20951325-8329
EMP-00327,Obinna,Okwu,MALE,11/10/1981,obinna@gtechsol.ng,2.34E+13,Rivers,CUSTOMER SERVICE,CS Team Lead,full-time,Active,26-May-21,,"N145,000",Stanbic IBTC,6985966312,MBA,4,5,C,EMP-00704,Wuse II,42188087991,64702301-3416
EMP-00389,Remi ,Nwachukwu ,Male,2-Aug-97,remi_nwachukwu@g-tech.com.ng,+234 070 607 8183,Delta,Human_Resources,Recruitment Specialist,FULL-TIME,TBD,7/13/2021,3/9/2025,"??295,000",FCMB,854170011,B.Eng,22,0,N/A,EMP-01043,Abuja Office,98271826533,71410132-1099
EMP-01032,Tunji,Usman,M,9/11/1987,tunji.usman@gtechsolutions.com.ng,0075-443-4029,Rivers,TECHNOLOGY,DevOps Engineer,Part-Time,Active,3/13/2020,,318000 NGN,Stanbic IBTC,8585682747,OND,20,7,3,EMP-00156,LAGOS HQ,91461201407,77973892-4699
EMP-00850,Oluwatobi,Balogun,M,5-May-95,obalogun@g-tech.com.ng,2.34E+13,Enugu,OPERATIONS,Process Analyst,PT,Inactive,26/03/2019,,"#196,000",Keystone Bank,6370197046,HND,TBD,12,Average,EMP-00092,Lagos Island,70296705035,32599162-4893
EMP-00502,BIODUN,Nzeka,M,7/3/1989,nzeka.biodun@gtech-solutions.ng,0070-163-6453,Kaduna,Technology,Systems Administrator,Contractor,Active,10.04.2020,,"??826,000",Sterling Bank,"2,393,490,314",HND,13,21,Good,EMP-00908,Lagos - Head Office,93934396904,38455725-4001
EMP-00868, Kayode,Nzeka ,Mr,23-Jan-86,kayode_nzeka@gtechsolutions.com.ng,0070-753-8758,Imo,Customer Service Dept,NULL,Full-Time,Active,5/11/2021,,184000,Stanbic IBTC,2533775744,SSCE,8,5,2,EMP-00783,lag hq,76351487497,52293982-2598
EMP-00420,Emeka,Adeola,Mr,8/19/1991,eadeola@gtech-solutions.ng,+234 072 292 0264,Imo,MARKETING,Digital Marketing Officer,part-time,Terminated,7/4/2024,18-Oct-24,313000,FCMB,565442188,B.A,23,12,Good,EMP-01427,Kano Office,39151143678,94732636-2702
EMP-00297,Remi ,Mohammed,m,2/10/1975,mohammed.remi@gtechsolutions.ng,2.34E+12,Cross River,Marketing,Marketing Executive,Contract,On Leave,25-May-24,,NGN 177000,GTBank,4744460841,OND,4,0,Outstanding,EMP-00323,LAGOS HQ,76720191116,
EMP-01070,SADE,Fashola,F,23-Oct-78,sade.fashola@gtech-solutions.ng,2.34E+12,Rivers,customer service,CS Team Lead,PART-TIME,Active,23-Mar-21,,NGN 237000,Sterling Bank,8283573175,Unknown,17,10,1,EMP-00838,Ikeja,30647390875,81601336-4338
EMP-00643,ifeanyi, Adewale,M,06.10.1990,ifeanyi.adewale@gtechsol.ng,787183812,Edo,Executive,Chief Technology Officer,FT,Active,8/9/2018,,"??1,288,000",Ecobank,5802869358,OND,10,7,Needs Improvement,,Lekki,43014606696,13554750-7186
EMP-01232,Adebayo, Fayemi,m,8/16/1995,adebayo@gtechsolutions.ng,2.34E+11,Nasarawa,Finance,Accountant,PART-TIME,Active,3/17/2025,,"??276,000",UBA,"8,745,711,870",B.A,20,10,N/A,EMP-01136,Lagos - Head Office,86919180981,50186080-6228
EMP-00431,CHUKWUEMEKA,Fayemi,M,8-Jun-97,chukwuemeka431@gtechsolutions.com.ng,702221178,Edo,technology,Software Developer,CONTR,Active,11/9/2020,,803000 NGN,Polaris Bank,9765748489,B.A,24,5,N/A,EMP-01045,GRA PH,63578037891,23065677-4635
EMP-00525,CHUKWUEMEKA,Musa,MALE,24-Mar-93,chukwuemeka_musa@gtechsol.ng,782850851,Ekiti,human resources,Learning & Development Officer,contract,Active,3/16/2025,,NGN 288000,UBA,6483354777,B.A,8,20,Meets Expectations,EMP-01284,lag hq,7996585783,76690005-6404
EMP-00412,Onyinye,Lawal ,Ms,21.11.1981,lawal.onyinye@gtechsolutions.com.ng,+234 070 744 1596,Delta,Executive,Chief Operating Officer,Full-Time,Terminated,2/9/2019,2/29/2024,1588000 NGN,Polaris Bank,735898066,SSCE,19,21,Excellent,,Kano Office,23717989022,TBD
EMP-00205,Damilola,usman,Male,24/03/1977,usman.damilola@gtechsol.ng,2.34E+12,Benue,HUMAN RESOURCES,HR Business Partner,Part-Time,Active,15-Apr-24,,304000,Zenith Bank,5041950526,Ph.D,7,5,B,EMP-00365,GRA PH,33432447417,58803337-6715
EMP-01242,Tunde , Haruna,MALE,8-Dec-90,tunde@gtech-solutions.ng,2.34E+11,Bayelsa,SUPPLY CHAIN,Procurement Officer,part-time,Active,8-Apr-25,,"N241,000",Fidelity Bank,9210010720,HND,5 yrs,5,B,EMP-00138,LAGOS HQ,19938927334,12112122-6496
EMP-00385,Obinna,OKONKWO,MALE,13-Mar-88,obinna@gtechsol.ng,2.34E+12,Lagos,Sales Dept,Not Available,CONTRACT,Active,6/2/2018,,263000 NGN,Keystone Bank,591157927,B.A,8,7,5,#N/A,Lagos Island,64231654413,72266558-8698
EMP-00304,muyiwa,Afolabi,Male,22/11/1999,muyiwa304@gtechsol.ng,2.34E+12,Enugu,Sales,Sales Executive,Part Time,Active,23-Apr-23,,212000,Keystone Bank,549606765,B.A,16,0,A,EMP-00242,Lagos - Head Office,96156078327,84250773-4672
EMP-01039,Ebele, Nwofor,f,4/9/1993,nwofor.ebele@gtechsolutions.ng,2.34E+12,Imo,Operations,Operations Officer,FT,On Leave,15.11.2019,,369.0K,Access Bank,3234675380,Ph.D,10,14,C,EMP-00167,Wuse II,26701361916,39364657-4053
EMP-01060,Okechukwu ,Fayemi,MALE,3-Oct-81,fayemi.okechukwu@g-tech.com.ng,2.34E+12,Oyo,Legal,Legal Manager,full-time,Active,10.02.2020,,"#264,000",Keystone Bank,564034345,B.Eng,4,2,Exceeds Expectations,EMP-00465,GRA PH,99751175634,N/A
EMP-00021,Nkiruka, Abdullahi,FEMALE,13-Aug-85,abdullahi.nkiruka@gtechsolutions.com.ng,2.34E+12,Nasarawa,Technology Dept,Systems Administrator,CONTRACT,On Leave,20-Apr-25,,NGN 814000,Stanbic IBTC,2847692041,B.Sc,24,5,Needs Improvement,EMP-01373,VI Office,60494519832,40097636-2773
EMP-00463,TITILAYO,ADEGOKE,F,27/10/1997,titilayo_adegoke@gtechsol.ng,0080-549-2282,Kano,Human Resources Dept,HR Manager,FT,Active,11-Nov-18,,"#399,000",Sterling Bank,6130209407,B.Sc,18,2,3,EMP-00447,Port Harcourt Branch,55174192581,44099461-9086
EMP-00999,Bisi,Akintola,f,11/15/1998,bisi_akintola@gtechsolutions.com.ng,2.34E+11,TBD,Technology,Product Manager,part-time,Active,19.10.2019,,756000 NGN,FCMB,9452854027,Ph.D,7,21,N/A,EMP-00770,Wuse II,93087879091,20294795-3886
EMP-00735,Tunji,AJAYI,Male,8/12/1997,tunji@gtechsolutions.com.ng,2.34E+12,Kano,CUSTOMER SERVICE,CS Manager,FULL-TIME,Terminated,2/24/2023,2/19/2024,89000 NGN,Ecobank,"5,498,426,448",Ph.D,21,15,Good,EMP-01000,Abuja Office,22834914309,24863928-6937
EMP-01092,amaka,nwachukwu,Female,2-Jul-97,anwachukwu@gtechsolutions.ng,+234 075 553 7994,TBD,Customer Service,Customer Service Rep,Full Time,Active,11/9/2022,,NGN 105000,UBA,"2,481,576,171",B.Sc,n/a,2,Average,EMP-01212,Lagos Island,95405686429,26563265-9053
EMP-00104,Kunle ,Adeola,MALE,17.01.1993,kunle_adeola@gtechsolutions.ng,2.34E+12,Rivers,FINANCE,Accountant,Full-Time,Active,28.04.2025,,199000,GTBank,2915048861,B.A,22,0,Average,EMP-00697,Ikeja,43280634615,94931806-8175
EMP-00031,FUNMILAYO,ADEOLA,Female,11/25/1976,funmilayo@gtech-solutions.ng,2.34E+13,Enugu,HUMAN RESOURCES,HR Business Partner,full-time,Active,21-Aug-23,,208000,Zenith Bank,797941788,SSCE,2,14,5,EMP-00295,lagos hq,56258815371,#N/A
EMP-00504,lola, Eze,f,12.01.1986,lola@gtechsol.ng,2.34E+11,Bayelsa,Finance Dept,Internal Auditor,Full-Time,Terminated,9/23/2023,28-Nov-23,NGN 428000,Zenith Bank,137624509,MBA,16,14,4,EMP-01055,Port Harcourt Branch,63061621856,27639337-1151
EMP-00881,Ebele,Eze,F,12/2/1975,eeze@gtech-solutions.ng,2.34E+12,Abuja,FINANCE,Finance Manager,FULL-TIME,Active,7/5/2024,,"N274,000",GTBank,"6,789,518,321",MBA,21,7,1,EMP-01151,Lagos - Head Office,99742542904,81161840-3745
EMP-00898,SOLA,Ibrahim,Male,11/2/1981,ibrahim.sola@gtechsol.ng,2.34E+12,Osun,Human Resources,HR Business Partner,PART-TIME,Active,28-Aug-21,,"#380,000",Ecobank,1759751348,M.Sc,10,15,2,EMP-00696,LAGOS HQ,34106572997,61330664-7007
EMP-00367,Adaeze,Obi ,Female,17/06/1991,obi.adaeze@gtechsolutions.ng,703504700,Nasarawa,Supply_Chain,Procurement Officer,Contractor,Active,1/4/2023,,"#267,000",Zenith Bank,4954163864,OND,1,5,Needs Improvement,EMP-01130,Abuja Office,NULL,39402174-1907
EMP-01360,Remi,Adeyemi,MALE,02.06.1981,radeyemi@g-tech.com.ng,0072-841-4753,Anambra,EXECUTIVE,Chief Executive Officer,FT,Terminated,11.02.2024,15.03.2025,"N3,202,000",NULL,"9,321,099,399",B.Sc,3years,20,N/A,,Kano Office,35672071901,74931251-4657
EMP-00164,Uche, Ogundele,M,18/05/1997,uogundele@gtechsol.ng,868641031,Osun,Supply Chain Dept,Warehouse Manager,Full Time,Active,18-Oct-19,,124000,Sterling Bank,2166058670,M.Sc,7,0,A,EMP-01445,Lagos Island,69450053424,82127089-2743
EMP-01486, Blessing,NWOSU,female,12-Jun-85,blessing.nwosu@g-tech.com.ng,2.34E+12,Ekiti,Finance,Finance Manager,part-time,Active,10-Sep-22,,"#341,000",Fidelity Bank,827838658,MBA,7,14,Below Average,EMP-00084,Port Harcourt Branch,62416749748,93276927-6857
EMP-00240,chukwuemeka,Okonkwo ,Male,1-Feb-97,cokonkwo@gtechsol.ng,744347412,Rivers,Marketing,Marketing Analyst,CONTR,Active,3/10/2019,,"N158,000",Zenith Bank,945726198,MBA,10,21,Good,NULL,Kano Office,89311325326,89498261-5861
EMP-00832, Okechukwu,nwachukwu,M,12/21/1975,okechukwu832@gtechsolutions.com.ng,+234 086 930 8847,Delta,Finance,Finance Manager,Part-Time,Terminated,25-Apr-23,20.01.2024,"#559,000",GTBank,8475624369,OND,24,14,Average,EMP-00369,GRA PH,22476867071,69474886-2507
EMP-01364,Wale,NWOFOR,male,6/8/1999,nwofor.wale@gtech-solutions.ng,+234 075 286 1505,Nasarawa,EXECUTIVE,Chief Executive Officer,Part Time,Inactive,18/03/2019,,"N3,076,000",Keystone Bank,1056035422,M.Sc,19,5,5,,GRA PH,72633293300,37347436-3788
EMP-00918,EBELE,OBIORA,FEMALE,12-Oct-78,ebele@gtechsolutions.com.ng,2.34E+11,Nasarawa,LEGAL,Legal Manager,FT,Active,12/30/2020,,451.0K,UBA,9620882796,B.Sc,13,15,B,EMP-00160,Wuse II,43881684827,36223057-1380
EMP-00516, Blessing,NWACHUKWU,Female,12/18/1996,blessing@gtechsol.ng,2.34E+13,Cross River,Finance,Internal Auditor,CONTR,Active,28.12.2024,,"#221,000",First Bank,7708086548,Ph.D,2,10,Exceeds Expectations,EMP-00955,Kano Office,65561922188,28751442-1343
EMP-00531,Biodun ,Okafor,m,23.02.1998,okafor.biodun@gtechsolutions.ng,+234 071 328 7252,Nasarawa,OPERATIONS,Facilities Manager,contract,Active,6/8/2021,,"#377,000",TBD,790056798,M.Sc,5 yrs,14,Exceeds Expectations,EMP-01183,LAGOS HQ,79831242853,46246431-2363
EMP-00907,Joke, Garba,female,07.06.1976,garba.joke@gtechsolutions.ng,818345865,Kaduna,customer service,CS Manager,CONTRACT,Suspended,4/10/2018,,"N91,000",FCMB,"7,879,480,679",B.Sc,16,12,Needs Improvement,EMP-01241,Wuse II,61329406357,72693983-7602
EMP-01309,remi,Chukwu,Mr,4/18/1975,remi.chukwu@gtech-solutions.ng,2.34E+13,Imo,operations,Operations Manager,part-time,Active,24-Nov-20,,"N210,000",Fidelity Bank,"8,455,328,887",B.Eng,1,0,1,EMP-00588,TBD,64465157179,NULL
EMP-00812,KAYODE,Adeleke ,m,6/10/1984,adeleke.kayode@gtechsol.ng,2.34E+12,Osun,Sales Dept,Senior Sales Rep,Full Time,Active,10/9/2019,,"??467,000",N/A,1467338629,M.Sc,20,5,4,EMP-01313,Ikeja,35329561762,79718807-5502
EMP-01022,Amaka,chukwu,Female,6-May-90,chukwu.amaka@gtechsolutions.com.ng,0072-602-0258,Ekiti,Marketing,Brand Manager,FT,Terminated,12/7/2021,6/13/2022,425000,Keystone Bank,"8,186,637,043",Ph.D,17,7,Excellent,EMP-00102,VI Office,43189100492,14899175-2974
EMP-00604,Sola, Mohammed,M,8/11/1989,sola604@g-tech.com.ng,2.34E+12,Anambra,human resources,Learning & Development Officer,Contract,Active,20.04.2025,,140000,Ecobank,3691047513,B.A,15,Unknown,Excellent,NIL,Wuse II,49499963576,65647128-3052
EMP-01057,Uche,ALIYU,M,1/9/1976,uche.aliyu@gtech-solutions.ng,+234 081 331 4369,Edo,SALES,Sales Manager,contract,Active,8/3/2024,,428.0K,Keystone Bank,8783945481,OND,21,21,Meets Expectations,EMP-01079,Kano Office,57021168660,82338355-3980
EMP-00176,Ad@3z3,Nwachukwu ,f,11/20/1993,adaeze.nwachukwu@gtechsolutions.com.ng,754016651,Rivers,Finance,Finance Manager,part-time,On Leave,2/8/2025,,593000 NGN,First Bank,8247054708,B.Eng,17,5,A,NULL,Kano Office,24473158477,63679326-4163
EMP-00243,Blessing, Adeyemi,f,10/8/1993,blessing_adeyemi@gtechsol.ng,2.34E+12,Benue,LEGAL,Compliance Officer,Contract,Active,10/27/2021,,369.0K,First Bank,947194271,Ph.D,24,15,5,EMP-00566,VI Office,7330559782,52954460-8941
EMP-00543,Bisi, Fashola,f,11/28/1986,bisi@gtechsol.ng,+234 086 337 3918,Abuja,Marketing Dept,Brand Manager,Contractor,NULL,12/9/2020,,"N143,000",First Bank,587696224,B.Eng,1,2,Average,EMP-00080,lag hq,57959900479,21883722-3233
EMP-00705,Gbemi,Fashola,m,3/28/1990,gbemi_fashola@gtechsolutions.ng,2.34E+12,Cross River,Customer Service,CS Manager,Contract,Active,5-Nov-24,,"N98,000",UBA,776533748,Ph.D,7,0,B,EMP-01461,Kano Office,77905340388,36804030-2668
EMP-01017,Amaka,Afolabi ,FEMALE,25.04.1993,afolabi.amaka@gtech-solutions.ng,2.34E+11,Cross River,OPERATIONS,Operations Manager,CONTR,Active,11-Aug-18,,332000,FCMB,1024872588,B.Sc,25,n/a,3,EMP-01488,Lagos HQ,84257542373,44640637-8475
EMP-01087,Uzoamaka,Chukwu,Female,7/18/1998,uchukwu@gtechsolutions.com.ng,2.34E+12,Rivers,Customer Service Dept,CS Manager,part-time,Active,7/21/2018,,214000 NGN,Sterling Bank,9079869409,B.Eng,10,2,Excellent,EMP-01199,Abuja Office,81167873480,53001007-2912
EMP-01401,Yetunde ,Adegoke,Ms,15-May-76,yetunde@gtech-solutions.ng,2.34E+12,Abuja,HUMAN RESOURCES,HR Officer,Full Time,Active,7-Apr-21,,NGN 175000,FCMB,1962119236,SSCE,19,15,2,EMP-00176,Abuja Office,92724198783,Not Available
EMP-01342,YETUNDE,Balogun,Female,1/16/1981,yetunde342@g-tech.com.ng,2.34E+11,Enugu,Executive,Chief Financial Officer,PT,Terminated,6/6/2021,14-Jul-24,"#2,266,000",Polaris Bank,4822773751,HND,7,0,3,,lagos hq,41370787033,NIL
EMP-01444,Uchechi,Garba,female,12/15/1981,garba.uchechi@gtechsolutions.ng,2.34E+12,Delta,marketing,Content Strategist,Part-Time,Active,16-Mar-23,,NGN 230000,Polaris Bank,"6,827,783,529",B.A,3,15,Needs Improvement,EMP-00299,Kano Office,50214217219,90316296-9556
EMP-00887,Uchechi,Usman,F,23/08/1989,uchechi@gtechsol.ng,2.34E+12,Abuja,finance,Treasury Officer,PART-TIME,Active,9/4/2024,,"N311,000",UBA,3116369208,B.Eng,25,5,B,EMP-00657,lagos hq,42749464540,14035702-1457
EMP-00216,Funmilayo,obiora,female,15/02/1990,fobiora@gtechsolutions.ng,+234 073 185 7027,Nasarawa,finance,Finance Analyst,FT,Terminated,7/26/2024,26-Apr-25,NGN 417000,UBA,126141368,OND,21,15,3,EMP-01232,LAGOS HQ,87844483548,NULL
EMP-00769,Femi ,SULEIMAN,M,3/8/1992,femi_suleiman@gtechsol.ng,751170423,Bayelsa,Technology,Data Analyst,Contractor,Active,19-Feb-25,,761000,Ecobank,714731221,B.Eng,15,12,2,EMP-00755,Wuse II,2906954735,44128433-3215
EMP-00310,Damilola,Ogundele,M,12.07.1982,damilola@g-tech.com.ng,2.34E+12,Enugu,Operations,Operations Coordinator,CONTR,On Leave,3/31/2019,,137000,Zenith Bank,"2,825,310,322",M.Sc,5,20,4,EMP-00519,Lagos - Head Office,40064454752,20295008-2825
EMP-01450,IFEOMA,obiora,f,17/04/1975,iobiora@gtechsolutions.com.ng,+234 079 132 5701,Oyo,Supply Chain,Supply Chain Analyst,FT,Suspended,15-Jun-22,,"#306,000",Keystone Bank,4307819065,Unknown,19,12,Outstanding,n/a,Kano Office,21328390684,TBD
EMP-01020,Nkiruka,Ajayi,F,14-Mar-78,nkiruka020@gtech-solutions.ng,837228467,Edo,legal,Legal Officer,Full Time,On Leave,3-Dec-20,,683.0K,Ecobank,9531550309,B.Sc,20,12,Needs Improvement,EMP-01444,Kano Office,94760596765,68082081-2372
EMP-00408,Dele,Ogundele,M,12/19/1989,dele.ogundele@g-tech.com.ng,2.34E+11,Abuja,Supply Chain Dept,Warehouse Manager,contract,Active,7/22/2018,,"#159,000",Fidelity Bank,2246069247,B.Eng,3years,14,Good,EMP-00122,Port Harcourt Branch,66201655578,47283410-6415
EMP-00711, Femi,Afolabi,MALE,10/8/1989,femi711@gtech-solutions.ng,883812022,Plateau,SUPPLY CHAIN,Warehouse Manager,Part Time,Active,01.10.2022,,270000,GTBank,5528280543,B.Eng,16,12,Below Average,EMP-00952,Wuse II,#N/A,#N/A
EMP-00672,Biodun,Obiora,M,10/27/1980,biodun.obiora@gtechsol.ng,2.34E+12,Nasarawa,customer service,CS Manager,PT,Active,6-Apr-25,,143000,GTBank,727036558,NIL,7,20,4,EMP-00062,Lagos Island,97475473770,88982256-1652
EMP-00522,Nnamdi ,Okonkwo ,m,2-Sep-00,nnamdi.okonkwo@g-tech.com.ng,2.34E+12,Bayelsa,Marketing,Marketing Executive,FT,Terminated,13-Sep-21,22.08.2023,"??320,000",Sterling Bank,"2,785,427,960",OND,11,7,Good,EMP-00179,VI Office,55862778882,39668704-2350
EMP-00017, Emeka,Musa,m,7/4/1977,emeka_musa@gtechsolutions.com.ng,0089-214-7909,Bayelsa,TECHNOLOGY,IT Support,Contract,On Leave,22-Jun-23,,"#286,000",FCMB,7586857685,MBA,6,2,B,EMP-00494,GRA PH,74740748217,88862539-5901
EMP-01408,ONYINYE,Usman,FEMALE,10/4/1994,onyinye_usman@gtech-solutions.ng,2.34E+11,Nasarawa,LEGAL,Legal Manager,part-time,Terminated,23-Jan-18,12/31/2023,"??511,000",GTBank,5616139453,MBA,16,5,Excellent,EMP-01234,Kano Office,74978475228,TBD
EMP-01045, Adaeze,USMAN,FEMALE,5/8/1978,adaeze045@gtechsol.ng,2.34E+12,Oyo,Operations,Operations Coordinator,Contractor,Active,7/5/2023,,"??208,000",Keystone Bank,8769240495,MBA,18,7,#N/A,EMP-00622,Ikeja,13646890688,52159812-9829
EMP-00276,Kelechi ,Nwofor,M,11/4/1987,kelechi@g-tech.com.ng,2.34E+11,Rivers,Operations Dept,Facilities Manager,full-time,Terminated,12/4/2022,07.07.2024,300000,GTBank,3954750262,B.A,6,10,Good,TBD,,4365515848,60696877-3014
EMP-00246,Tobi,Aliyu,Mr,3/27/1987,aliyu.tobi@g-tech.com.ng,871123311,Edo,Legal Dept,Legal Officer,Contractor,Active,4-Nov-19,,"#277,000",FCMB,9936226790,N/A,7,21,2,EMP-01381,GRA PH,57039438040,34282556-6471
EMP-01277,lanre,eze,m,16.11.1979,lanre_eze@gtechsolutions.com.ng,2.34E+11,Rivers,Supply_Chain,Warehouse Manager,part-time,Active,3/29/2021,,"??180,000",GTBank,8334368351,OND,1,7,Exceeds Expectations,EMP-00237,Wuse II,2976706440,13996426-6247
EMP-00914,Dupe,Garba,F,28-Feb-76,dgarba@gtech-solutions.ng,2.34E+12,Osun,Sales Dept,Sales Manager,Contract,Active,16/06/2024,,478000,Access Bank,"1,134,752,235",MBA,4,20,Below Average,EMP-01300,lag hq,,64582718-6954
EMP-00475, Remi, Abdullahi,Male,4/10/1993,remi.abdullahi@g-tech.com.ng,2.34E+12,Rivers,TECHNOLOGY,Product Manager,CONTRACT,Active,30/03/2019,,603000 NGN,Zenith Bank,6906044415,MBA,6,5,A,EMP-00496,lag hq,91218527341,n/a
EMP-00341,Y3mi,Adeyemi,Male,12/14/1989,yemi@gtech-solutions.ng,2.34E+12,Oyo,HUMAN RESOURCES,Recruitment Specialist,contract,Active,09.03.2018,,213000,Access Bank,"6,566,299,577",B.Sc,20,5,Good,EMP-01311,Wuse II,Not Available,61711055-7458
EMP-00370, Ifeoma,adegoke,Ms,8/8/1979,iadegoke@gtechsolutions.ng,2.34E+11,Delta,Technology,DevOps Engineer,part-time,Terminated,3/17/2025,4/23/2025,353000,Access Bank,9460641311,Ph.D,14,14,Excellent,EMP-00202,Lagos HQ,NIL,66892740-1068
EMP-00968,chiamaka,Adegoke,F,21.09.1975,chiamaka_adegoke@g-tech.com.ng,2.34E+12,Ekiti,Human Resources Dept,HR Manager,part-time,Active,05.01.2021,,248.0K,First Bank,3714673108,Ph.D,12,0,C,n/a,LAGOS HQ,71494872484,NULL
EMP-00229,Yemi,Okwu ,Mr,7/21/1993,yemi@gtechsolutions.ng,2.34E+11,Oyo,Legal Dept,Company Secretary,Contractor,Terminated,3-Jun-23,8/30/2024,484.0K,Access Bank,2274716830,HND,23,20,Below Average,EMP-01040,Wuse II,93583749079,NULL
EMP-00135,TOYIN,Adeola,female,2-Dec-75,toyin.adeola@gtechsolutions.ng,833838554,Kano,Finance Dept,Accountant,Full-Time,Terminated,11/12/2020,10/23/2021,"N337,000",Keystone Bank,6017191787,M.Sc,2,20,n/a,EMP-00039,GRA PH,38249671832,32573855-5016
EMP-01352,Muyiwa, Akintola,M,10.06.1980,makintola@gtechsol.ng,2.34E+12,Edo,finance,Accountant,contract,Unknown,11.03.2022,27.04.2022,531000 NGN,UBA,9237648699,B.A,14,20,5,EMP-00706,Abuja Office,97611097630,79550585-7925
EMP-00530,Titilayo ,Garba,Ms,10-Jan-92,titilayo@gtechsolutions.ng,2.34E+12,Delta,Supply Chain,Warehouse Manager,PT,Active,3/3/2020,,"#385,000",Keystone Bank,5009490853,HND,9,10,1,EMP-00945,Wuse II,47788407094,74230064-8669
EMP-00891,OBIAGELI,yusuf,F,20-Oct-95,obiageli.yusuf@gtechsolutions.com.ng,2.34E+12,Delta,Executive Dept,Chief Financial Officer,FT,Inactive,21.04.2025,,"??1,420,000",UBA,675468455,Ph.D,13,14,5,,Kano Office,255395256,70992620-8987
EMP-01208,Niyi,Musa,MALE,2-Jul-79,nmusa@gtech-solutions.ng,2.34E+12,Delta,Technology Dept,Data Analyst,part-time,Active,2/25/2024,,NGN 602000,Ecobank,2898797827,B.Eng,8,15,3,EMP-01264,Lagos - Head Office,85391113083,TBD
EMP-00287,Oluwakemi,Nzeka ,Ms,6/24/1992,oluwakemi.nzeka@gtechsolutions.ng,2.34E+12,Lagos,Operations,Operations Officer,CONTRACT,Terminated,1/6/2024,3/28/2024,NGN 209000,Zenith Bank,3744752409,B.A,n/a,21,Excellent,EMP-01440,lagos hq,61770673682,12075251-6981
EMP-00268,FUNMILAYO,Obi,female,27-Sep-84,funmilayo.obi@gtech-solutions.ng,+234 080 300 9122,Nasarawa,Finance Dept,Internal Auditor,Part Time,Active,7/18/2023,,"#462,000",Keystone Bank,"4,290,482,477",M.Sc,3,12,2,#N/A,VI Office,12899151145,26606352-3992
EMP-01170,Babatunde,Usman,Mr,8-Aug-95,babatunde_usman@gtechsol.ng,2.34E+12,Kaduna,operations,Facilities Manager,PT,Active,12/6/2018,,288000,Sterling Bank,"7,196,369,891",SSCE,21,7,1,EMP-01217,Abuja Office,65312645696,Unknown
EMP-00614,Bisi ,Onuoha,F,05.07.1992,onuoha.bisi@gtechsolutions.ng,707484932,Enugu,Executive,Chief Technology Officer,Part Time,Terminated,3/2/2021,7/9/2021,2580.0K,Stanbic IBTC,"2,053,478,308",Ph.D,19,#N/A,Excellent,,Lagos Island,53960160993,94856901-5143
EMP-00579,Segun,OBIORA,M,25/09/1997,segun579@gtechsolutions.ng,+234 085 789 9226,Enugu,Legal,Legal Manager,Contractor,On Leave,28/04/2020,,"#327,000",Fidelity Bank,944129678,Unknown,25,10,3,EMP-00402,Kano Office,57365404492,78997675-1946
EMP-01373,ayo, Okonkwo,Male,10.10.1977,ayo@gtechsol.ng,2.34E+12,Edo,CUSTOMER SERVICE,Customer Service Rep,PART-TIME,Active,12/3/2023,,"#95,000",UBA,3054846220,HND,17,12,1,EMP-00126,LAGOS HQ,59915242750,23654664-7166
EMP-00123,Kelechi,Ajayi,m,08.02.1990,kajayi@gtechsol.ng,2.34E+11,Delta,Human_Resources,Recruitment Specialist,PART-TIME,Inactive,11/28/2019,,"N190,000",Access Bank,"2,117,369,169",B.Sc,6,#N/A,4,EMP-00509,LAGOS HQ,NIL,17885602-1853
EMP-01276, Uche,musa,M,2/3/1980,uche.musa@g-tech.com.ng,2.34E+12,Delta,FINANCE,Finance Manager,full-time,Terminated,27.12.2022,11/14/2024,640.0K,Access Bank,760577927,HND,14,20,B,EMP-01371,LAGOS HQ,4569606285,94788471-8992
EMP-00912,shade,Lawal,Female,3/27/1978,lawal.shade@gtechsol.ng,907565546,Lagos,Operations Dept,Operations Manager,contract,Suspended,4/11/2025,,249.0K,Not Available,6890640864,NIL,21,15,Exceeds Expectations,EMP-01177,Lagos - Head Office,39194743729,15592454-4124
EMP-01377,Segun,ODUYA,Mr,11/17/1984,segun.oduya@gtechsolutions.com.ng,2.34E+13,Oyo,Supply Chain,Warehouse Manager,Full-Time,Active,26-Apr-23,,122000,Unknown,612269343,B.A,15,20,Excellent,EMP-00139,Port Harcourt Branch,99519062944,59696352-3840
EMP-00183,Biodun ,Ajayi,Male,1-May-00,bajayi@gtechsolutions.com.ng,2.34E+11,Ondo,EXECUTIVE,Chief Operating Officer,Contractor,Not Available,26.08.2019,,"??1,415,000",NULL,"5,163,841,475",B.A,17,20,Average,,lagos hq,91430753666,23171952-5280
EMP-00366,Lanre,fayemi,Male,15/04/1998,lanre366@gtechsolutions.com.ng,+234 077 517 8217,Imo,Legal,Compliance Officer,Contractor,Active,11-Aug-24,,550000,First Bank,"1,174,506,513",HND,10+ years,0,5,EMP-00490,Not Available,69994494667,NULL
EMP-00062,Dupe,Oduya ,F,05.08.1978,dupe@gtech-solutions.ng,2.34E+12,Ekiti,customer service,Customer Service Rep,Contractor,Active,6/29/2020,,243.0K,FCMB,"4,504,756,453",MBA,12,10,Below Average,EMP-01300,GRA PH,38168460223,86424055-8496
EMP-01100,Tolu,Adeyemi,female,1/13/1985,adeyemi.tolu@g-tech.com.ng,2.34E+13,Osun,customer service,Customer Experience Officer,part-time,Suspended,11-Nov-23,,120000,GTBank,1883199179,MBA,20,5,Exceeds Expectations,EMP-01029,Ikeja,45603186865,73728847-6088
EMP-00519,Tolu,Okwu,Female,8/22/1977,tolu_okwu@gtechsolutions.ng,745275772,Bayelsa,Legal,Company Secretary,PT,Active,04.10.2018,,529000,Fidelity Bank,9490058905,MBA,18,5,Excellent,TBD,Kano Office,82924828732,15276822-8728
EMP-00065,Remi,Ibrahim,MALE,2/4/1998,remi.ibrahim@gtechsolutions.com.ng,0071-587-4908,Nasarawa,operations,Operations Officer,PART-TIME,Active,17-Mar-23,,NGN 199000,GTBank,"6,287,793,163",Ph.D,15,14,Exceeds Expectations,EMP-01329,Port Harcourt Branch,2169797296,92055138-1472
EMP-00551,Tolu,Aliyu,Ms,23/08/1994,tolu.aliyu@gtechsolutions.com.ng,+234 077 372 3046,Ogun,Technology,Product Manager,Contract,Terminated,27.04.2019,10/14/2021,814000 NGN,Stanbic IBTC,"1,790,809,078",MBA,24,0,2,EMP-00185,lag hq,35528337287,64409640-9059
EMP-00602,Wale, Afolabi,male,18.02.1998,wale.afolabi@gtechsolutions.com.ng,+234 078 307 6249,Kaduna,Executive,Chief Executive Officer,CONTRACT,On Leave,21-Feb-19,,"#2,078,000",Ecobank,6951042696,MBA,8,20,Excellent,,lagos hq,46267132025,43975606-3603
EMP-01467,Taiwo ,Eze ,Ms,1/1/1982,taiwo_eze@gtech-solutions.ng,2.34E+13,Imo,EXECUTIVE,Chief Financial Officer,CONTR,Suspended,6/8/2018,,"#3,479,000",First Bank,4259968558,HND,25,21,3,,lagos hq,99212030827,67666076-4280
EMP-00558, Tobi,Abdullahi,M,22-Oct-81,tobi558@gtechsol.ng,2.34E+12,Ondo,Marketing Dept,Brand Manager,FT,NIL,9/18/2019,,310.0K,Zenith Bank,"8,973,676,762",B.Eng,22,7,Good,NULL,lagos hq,2736632567,34949400-3785
EMP-00283,Rotimi,Adeyemi,Mr,1/14/1992,rotimi283@gtechsolutions.com.ng,2.34E+12,Ekiti,SUPPLY CHAIN,Supply Chain Analyst,FULL-TIME,Active,20/03/2019,,234000,Stanbic IBTC,4680076755,M.Sc,24,21,A,EMP-01066,Wuse II,40561299650,29762536-7655
EMP-01015,Uchechi,musa,Ms,1/23/1998,umusa@gtechsol.ng,2.34E+12,Ogun,CUSTOMER SERVICE,Customer Service Rep,PART-TIME,Terminated,3/9/2024,19-Apr-25,97000,UBA,6354837847,M.Sc,2,7,Meets Expectations,EMP-01304,Lekki,31721046311,61845773-8452
EMP-00697,Chidinma,Ogundele ,FEMALE,12-Mar-91,cogundele@gtechsolutions.ng,747790770,Imo,Operations Dept,Facilities Manager,FT,Active,14/12/2022,,NGN 203000,Zenith Bank,"4,180,065,629",B.Sc,25,15,1,EMP-01468,Lagos - Head Office,87088407553,10297943-6973
EMP-00397,bisi,YUSUF,f,11/7/1990,bisi.yusuf@g-tech.com.ng,2.34E+12,Enugu,Executive,Chief Executive Officer,Contractor,Active,30.12.2023,,"N1,327,000",Polaris Bank,2852212895,B.A,3,14,N/A,,VI Office,55811574496,43403619-2916
EMP-01200,Lola,Eze,FEMALE,22/08/1997,lola.eze@gtech-solutions.ng,726625078,Kano,Finance Dept,Accountant,part-time,Active,19-May-18,,372000 NGN,Ecobank,1565317231,B.Sc,1 year,10,1,EMP-00057,Abuja Office,85464137281,#N/A
EMP-00032,Uchechi,NWACHUKWU,Female,9/15/1987,uchechi032@gtechsol.ng,856176450,Ogun,Human Resources Dept,HR Manager,FULL-TIME,Suspended,3/8/2023,,NGN 369000,Stanbic IBTC,"8,392,190,335",OND,,21,A,EMP-00151,Ikeja,49912165585,36717096-9341
EMP-00292,Oluwaseun, Adegoke,Mr,9/28/1991,oluwaseun_adegoke@gtech-solutions.ng,0085-111-2852,Imo,Operations Dept,Operations Coordinator,PART-TIME,Active,18-Apr-24,,"#177,000",Stanbic IBTC,528463145,SSCE,6,12,3,EMP-00696,Lekki,59428249116,13408559-3230
EMP-00742,Adekunle,SULEIMAN,m,12/8/1996,adekunle@g-tech.com.ng,2.34E+12,Anambra,SALES,Sales Manager,FULL-TIME,Active,26-Jun-18,,135000,Polaris Bank,5127874974,OND,14,21,Excellent,EMP-00818,Wuse II,81279042528,60658162-6284
EMP-01217,Amaka,Obi,Ms,01.01.1980,obi.amaka@g-tech.com.ng,+234 072 178 2950,Delta,Finance Dept,Senior Accountant,Contract,Active,5/8/2019,,314000 NGN,GTBank,"4,895,006,554",B.Eng,20,20,Meets Expectations,EMP-00375,Port Harcourt Branch,36770989534,57523485-2087
EMP-01252,remi,Adeola,male,27/05/1987,remi.adeola@gtech-solutions.ng,2.34E+13,Bayelsa,Technology,IT Support,Part Time,On Leave,8-Jun-18,,"#715,000",Fidelity Bank,794536691,B.Sc,11,5,C,EMP-01391,LAGOS HQ,69174993945,32294529-8323
EMP-01403,Ngozi ,Mohammed ,female,1/12/1985,ngozi_mohammed@g-tech.com.ng,833855969,Plateau,FINANCE,Senior Accountant,FT,Active,10/31/2022,,643000 NGN,Ecobank,6061957272,MBA,9,14,N/A,EMP-00091,lag hq,57972731392,21806979-2763
EMP-00178,Remi,Nwachukwu ,Mr,10/13/1985,remi.nwachukwu@g-tech.com.ng,2.34E+11,,Customer_Service,Customer Experience Officer,PART-TIME,Suspended,7/11/2018,,"??187,000",First Bank,1846637941,B.A,14,10,A,EMP-01140,Ikeja,64771591030,28620619-2722
EMP-00066,niyi,Ibrahim,m,16-Apr-98,nibrahim@gtechsolutions.ng,2.34E+12,Cross River,Finance,Finance Manager,Full Time,Terminated,20-Nov-23,8/5/2024,522000,Access Bank,5566993537,MBA,11,0,Needs Improvement,EMP-00826,Abuja Office,97177517016,N/A
EMP-00226,Lola,Chukwu ,f,25-Aug-97,lola226@gtechsol.ng,+234 090 882 7002,Oyo,Supply Chain,Warehouse Manager,FT,Terminated,4/12/2022,17.10.2023,177000,GTBank,838737302,Ph.D,25,10,Meets Expectations,EMP-01366,VI Office,17397396417,85916242-7157
EMP-01254, Segun,Ajayi,Mr,9/16/1996,sajayi@gtech-solutions.ng,2.34E+12,Kano,LEGAL,Company Secretary,contract,Active,21/11/2019,,474.0K,Polaris Bank,8540996323,Ph.D,14,15,3,EMP-01138,Ikeja,40732845688,41565579-3352
EMP-00213,Funmilayo ,Akintol@,Female,15-Oct-81,funmilayo@gtechsol.ng,2.34E+12,Imo,sales,Business Development Officer,PART-TIME,Active,7/9/2020,,484.0K,Keystone Bank,4922193193,B.A,,14,Exceeds Expectations,EMP-00145,Lagos Island,81980770460,78660380-8209
EMP-01165,Funmilayo ,Eze,Ms,16-Jul-81,eze.funmilayo@gtech-solutions.ng,2.34E+12,Lagos,Human Resources Dept,Recruitment Specialist,Part-Time,Active,8/18/2022,,277.0K,Ecobank,"4,057,099,514",OND,14,15,D,EMP-00087,lagos hq,81771716994,34867925-4082
EMP-01048,Ronke , Adeola,Female,5/3/1993,radeola@gtechsol.ng,2.34E+12,Not Available,FINANCE,Finance Analyst,part-time,On Leave,13/08/2018,,462000,Sterling Bank,"4,048,999,384",B.Sc,17,10,Outstanding,EMP-00240,LAGOS HQ,28558679316,15315909-3530
EMP-00309,adekunle,Taiwo ,male,3/25/1984,adekunle_taiwo@gtechsolutions.ng,2.34E+12,Kano,Technology,Software Developer,Full Time,Active,8/8/2018,,NGN 685000,Sterling Bank,8012066748,MBA,4,20,3,EMP-01059,NIL,1798677823,33204789-6871
EMP-00188,Nneka ,Adewale,FEMALE,1/20/1982,nneka.adewale@gtech-solutions.ng,2.34E+13,Nasarawa,Executive Dept,Chief Technology Officer,PT,Active,10/18/2022,,1090000,Fidelity Bank,4665417862,B.Sc,17,20,Good,,GRA PH,40056435023,54239393-2021
EMP-00196, Chidi,Fashola ,Male,1/18/1994,chidi.fashola@gtechsol.ng,2.34E+12,Cross River,TECHNOLOGY,Systems Administrator,PT,Terminated,10/18/2024,15-Jan-25,535000,First Bank,480254572,Ph.D,23,2,C,EMP-00178,Lagos Island,15131528547,78832771-2213
EMP-00421,Dotun,YUSUF,MALE,9/21/1995,dyusuf@gtechsolutions.com.ng,2.34E+12,Cross River,finance,Internal Auditor,Contract,Active,19-Nov-23,,334000,GTBank,9784656868,,NIL,14,1,EMP-00039,lag hq,41142066701,44372429-6238
EMP-01038,Gbemi,Okonkwo,male,27.08.1982,gbemi_okonkwo@gtechsol.ng,2.34E+11,Cross River,supply chain,Logistics Coordinator,Part Time,Terminated,11/30/2021,3/4/2025,196000 NGN,UBA,7238953029,MBA,2,12,Excellent,EMP-01105,Lekki,31026557474,90959157-4278
EMP-00470,Babatunde,Okafor,M,25-Jul-91,bokafor@gtechsolutions.com.ng,2.34E+12,Oyo,sales,Sales Executive,Full Time,Active,4/19/2021,,377000 NGN,Polaris Bank,"2,432,214,956",OND,13,21,4,EMP-01101,Port Harcourt Branch,57617073174,57959758-8552
EMP-01006, Dupe, Nwosu,female,2/9/1995,dupe@gtechsol.ng,0076-964-4296,Ondo,Customer Service Dept,CS Manager,full-time,Active,6/9/2023,,217000,Stanbic IBTC,434602626,M.Sc,9,15,,EMP-00044,Wuse II,NIL,64497800-5207
EMP-00119,Ifeanyi,Lawal,male,11/28/1990,ifeanyi.lawal@gtechsolutions.com.ng,2.34E+12,Ogun,Executive Dept,Chief Technology Officer,part-time,Active,7/28/2023,,NGN 2190000,Stanbic IBTC,3097484316,OND,3,20,5,,lag hq,46853664987,83492593-3958
EMP-00948,Lanre,Balogun,male,26-Oct-79,lanre948@gtech-solutions.ng,2.34E+11,Ekiti,Customer_Service,CS Manager,Full-Time,Active,1/7/2022,,244000,FCMB,9557416908,SSCE,20,12,Excellent,EMP-00778,#N/A,78306264658,85994104-9187
EMP-00833,Tolu, Haruna,FEMALE,11-May-82,haruna.tolu@gtechsol.ng,2.34E+12,Cross River,OPERATIONS,Process Analyst,FT,Active,9/13/2024,,123000,Keystone Bank,1741026891,MBA,11,2,Excellent,EMP-00054,Ikeja,93131645383,49726725-3643
EMP-01267,Ayo,obiora,Male,26.04.1987,ayo267@gtechsolutions.ng,2.34E+11,Anambra,Customer Service Dept,Customer Service Rep,FULL-TIME,Active,9/23/2022,,"#95,000",Sterling Bank,6207914540,MBA,1,5,Excellent,EMP-00484,Port Harcourt Branch,99272870229,11891007-1266
EMP-00393,OBINNA, Nwofor,MALE,5/27/1997,onwofor@g-tech.com.ng,+234 081 567 0464,Abuja,Operations,Process Analyst,PART-TIME,Terminated,16-Aug-23,13-Mar-25,"#335,000",Fidelity Bank,2524111290,B.Eng,2,15,Meets Expectations,EMP-01199,VI Office,97220429862,TBD
EMP-01428,Adekunle,Adeyemi,Male,9/21/1980,adekunle.adeyemi@gtech-solutions.ng,2.34E+12,Rivers,Legal,Company Secretary,Part Time,Active,5/5/2023,,271000 NGN,Stanbic IBTC,7541221312,HND,2,#N/A,Average,n/a,Lagos HQ,,89745728-5371
EMP-00679,Titi,FASHOLA,Female,6-Nov-87,titi.fashola@gtech-solutions.ng,776262031,Anambra,Finance,Finance Analyst,PART-TIME,Active,10-Sep-24,,NGN 384000,Fidelity Bank,9305036473,SSCE,19,2,N/A,EMP-00406,lag hq,58019762134,21969490-7499
EMP-00863,Sade, Aliyu,f,25.01.1995,sade.aliyu@gtechsolutions.ng,2.34E+12,Edo,sales,Senior Sales Rep,Part-Time,Active,6/6/2023,,440000,Ecobank,956999264,B.Sc,22,5,Average,EMP-00771,LAGOS HQ,11080238836,74378574-1102
EMP-00192,Chidi,OGUNDIMU,Mr,5/20/1977,chidi.ogundimu@gtech-solutions.ng,2.34E+12,Enugu,Executive Dept,Chief Operating Officer,PART-TIME,Active,06.02.2018,,2269000,Zenith Bank,7201111087,HND,NIL,15,Good,,lagos hq,40580935118,78590026-2268
EMP-00734,Folake,NWOSU,Ms,23-Jan-92,folake.nwosu@gtechsolutions.com.ng,747784782,Ondo,technology,IT Support,CONTR,Active,7/17/2019,,516000,GTBank,"9,170,352,964",Ph.D,NULL,10,Meets Expectations,EMP-00307,Lagos HQ,68170068143,87414302-8739
EMP-00687,Amaka,Okafor,Ms,22-Aug-94,amaka.okafor@g-tech.com.ng,2.34E+12,Cross River,executive,Chief Operating Officer,Full Time,NIL,01.07.2022,,NGN 2869000,,7418095476,B.Eng,14,21,N/A,,VI Office,#N/A,94713199-6784
EMP-00294,Segun, Obiora,m,12/8/1992,sobiora@g-tech.com.ng,2.34E+12,Lagos,EXECUTIVE,Chief Financial Officer,CONTRACT,On Leave,3-Feb-18,,2928000,Ecobank,"1,397,731,536",B.Eng,21,5,Good,,Wuse II,76831608271,33561787-2037
EMP-00816,SADE,Adesanya,f,13-Oct-85,sade.adesanya@gtechsolutions.ng,2.34E+13,Abuja,Finance Dept,Treasury Officer,FT,Active,9-Aug-19,,"N388,000",Fidelity Bank,2762996812,Not Available,24,5,Average,EMP-00452,Lagos HQ,37152431091,65198638-9740
EMP-00741, Chinedu,NWOSU,male,1/9/1981,cnwosu@gtechsol.ng,2.34E+13,Kano,supply chain,Supply Chain Analyst,part-time,Active,12/3/2024,,365000,UBA,5203857617,SSCE,,0,4,EMP-01119,Lekki,47072602757,91332591-7856
EMP-00422,Babatunde ,Adesanya ,m,12-Jan-80,babatunde@gtechsol.ng,804894112,Kaduna,Customer Service,CS Manager,Full-Time,Active,7/14/2019,,88000 NGN,First Bank,3230405664,M.Sc,8,12,B,EMP-00240,Port Harcourt Branch,94564523428,49990044-8253
EMP-00942,Joke ,ABDULLAHI,Female,5/27/1982,joke.abdullahi@g-tech.com.ng,2.34E+11,Lagos,executive,Chief Operating Officer,Contract,Active,5-Mar-23,,"??1,940,000",GTBank,3465227583,OND,22,12,N/A,,Ikeja,30890345446,48025507-5079
EMP-00303,dapo,ogundele,MALE,22.03.1976,dapo@gtechsolutions.com.ng,2.34E+11,Enugu,Sales,Sales Executive,Full-Time,Active,27.05.2020,,383000,Zenith Bank,9089248760,M.Sc,1,20,2,N/A,Wuse II,44822175883,69103258-9304
EMP-01178,OKECHUKWU,Musa,MALE,24/01/1993,omusa@gtechsolutions.com.ng,+234 076 436 8396,Plateau,operations,Operations Coordinator,CONTR,Active,20/07/2018,,247.0K,Polaris Bank,4652440765,M.Sc,6,20,B,EMP-01221,Lagos Island,80667646290,Not Available
EMP-01113,ifeanyi,Nwosu ,MALE,12/20/1977,inwosu@gtech-solutions.ng,2.34E+12,Edo,SALES,Business Development Officer,contract,Active,5/12/2022,,"#343,000",Keystone Bank,987944702,Ph.D,1 year,10,1,EMP-00948,Kano Office,58196348130,50762175-4961
EMP-00646,Ifeanyi,Okonkwo,m,10/14/1975,okonkwo.ifeanyi@gtech-solutions.ng,2.34E+12,Ekiti,Technology,Unknown,PT,On Leave,4/15/2018,,793000,Access Bank,5188627121,MBA,6,14,2,NULL,lag hq,94085935653,47100439-5000
EMP-01307,yetunde,okonkwo,Ms,1/14/1992,okonkwo.yetunde@gtechsolutions.com.ng,2.34E+13,Rivers,HUMAN RESOURCES,HR Officer,full-time,Suspended,7/22/2020,,NGN 369000,Sterling Bank,976976513,Ph.D,Not Available,0,C,EMP-01499,LAGOS HQ,9957568113,20325634-6541
EMP-00698,Ronke,Haruna,FEMALE,2/25/1980,ronke.haruna@g-tech.com.ng,761762388,Benue,legal,Company Secretary,Contract,Active,4/9/2018,,608000,Keystone Bank,2593252179,B.A,19,20,Below Average,EMP-01485,Lagos Island,71730639085,14474701-7684
EMP-00189,Remi,Haruna,MALE,1/4/1984,remi.haruna@gtechsolutions.com.ng,2.34E+13,Rivers,Sales,Sales Manager,Part-Time,Active,20/06/2018,,"#374,000",Sterling Bank,7663320708,M.Sc,5,2,A,EMP-00703,Lagos HQ,NULL,68861974-3958
EMP-01073,ADEKUNLE, Aliyu,Male,9/10/1991,adekunle.aliyu@gtechsolutions.ng,2.34E+11,Abuja,marketing,Marketing Analyst,full-time,Active,28-Apr-21,,"N379,000",Fidelity Bank,9913444771,Ph.D,NULL,7,Average,EMP-01176,Abuja Office,82891305102,91930884-1289
EMP-01067,Obiageli,NZEKA,female,24/07/1997,obiageli_nzeka@gtechsolutions.ng,+234 090 482 3625,Enugu,Executive,Chief Executive Officer,contract,Active,11/28/2022,,1151000 NGN,FCMB,4896407278,B.Sc,18,20,N/A,,Kano Office,93841531189,17207949-8893
EMP-01423,Titi,Adesanya ,female,11/11/1982,titi.adesanya@gtechsol.ng,2.34E+11,Bayelsa,marketing,Content Strategist,Part Time,Active,18-Jul-19,,216000,Sterling Bank,502070840,OND,18,14,4,EMP-01225,VI Office,98934432801,11878301-5626
EMP-00939,Funmilayo,nzeka,Female,2-Mar-78,funmilayo.nzeka@gtechsolutions.com.ng,2.34E+12,Imo,CUSTOMER SERVICE,Customer Experience Officer,part-time,Active,6/7/2022,,197.0K,Fidelity Bank,219512665,B.Eng,14,12,D,n/a,Kano Office,98480861868,35659497-1164
EMP-01265,Ifeoma,Eze ,Female,11-Apr-85,ifeoma.eze@gtechsolutions.com.ng,2.34E+12,Imo,Executive,Chief Executive Officer,Part-Time,Active,15/09/2021,,3026000,Not Available,"3,876,891,506",B.Sc,21,20,Meets Expectations,,Lagos HQ,29942325543,44585368-3803
EMP-00077,Chinwe,Nwachukwu ,Female,9/13/1981,chinwe.nwachukwu@gtech-solutions.ng,2.34E+12,Delta,SUPPLY CHAIN,Warehouse Manager,Contract,Terminated,11/11/2021,3/5/2024,190000,Fidelity Bank,737270137,Ph.D,12,0,B,EMP-01068,GRA PH,27703843098,41094351-3776
EMP-01196,Omowunmi,ABDULLAHI,f,10/23/1979,oabdullahi@gtechsolutions.ng,2.34E+12,Benue,TECHNOLOGY,DevOps Engineer,PT,Active,28/04/2019,,"??273,000",Access Bank,"8,047,312,662",B.Eng,TBD,12,A,EMP-00418,lag hq,26237505432,66287139-1164
EMP-00013,Chiamaka,Ogundimu,F,1/9/1980,chiamaka.ogundimu@gtechsolutions.ng,+234 073 120 5779,Oyo,SALES,Business Development Officer,Contract,Active,6/2/2019,,371000 NGN,UBA,9824122054,Ph.D,20,21,Meets Expectations,EMP-00907,GRA PH,49909133412,84087145-2229
EMP-01103,Yinka,Nzeka,Female,5/24/1985,ynzeka@gtechsolutions.ng,2.34E+12,Oyo,Operations,Facilities Manager,full-time,Active,2/3/2022,,"N255,000",Stanbic IBTC,7179927150,HND,14,5,Excellent,EMP-00903,lag hq,Not Available,66794283-8745
EMP-00320,Adaeze,Usman,FEMALE,02.07.1996,ausman@gtechsol.ng,703387804,Kano,Finance,Finance Analyst,CONTRACT,Active,8-May-22,,NGN 531000,GTBank,5281143540,B.A,6,12,A,TBD,Lagos - Head Office,1515325947,#N/A
EMP-00707,YEMI,Taiwo,male,17/10/1997,yemi707@gtechsolutions.com.ng,2.34E+12,Oyo,Sales Dept,Account Manager,FULL-TIME,Active,13-Nov-18,,365.0K,NIL,9849116516,Ph.D,13,5,Good,EMP-00463,Kano Office,,55807059-7408
EMP-00847,Gbenga,Mohammed,M,12-Sep-95,gmohammed@gtech-solutions.ng,2.34E+12,Imo,supply chain,Supply Chain Analyst,FT,Active,11-Feb-22,,203000,Polaris Bank,3966329529,Ph.D,N/A,0,NULL,EMP-00771,lagos hq,14876096737,14502935-1900
EMP-00337,Uchechi,Oduya,FEMALE,10/19/1993,uoduya@g-tech.com.ng,2.34E+11,Benue,Marketing,Digital Marketing Officer,part-time,On Leave,8-Dec-20,,279000 NGN,NIL,2866698147,Ph.D,10+ years,5,Exceeds Expectations,EMP-00448,LAGOS HQ,NULL,25454302-8843
EMP-00114,Amaka,fashola,Ms,6/27/1993,afashola@gtechsolutions.com.ng,2.34E+12,Rivers,Technology,DevOps Engineer,CONTRACT,Active,11/16/2019,,"N573,000",Keystone Bank,3697368099,B.Sc,17,20,Below Average,EMP-00157,Port Harcourt Branch,N/A,39844365-3108
EMP-00080,Chukwuemeka ,Adewale,MALE,7/23/1981,adewale.chukwuemeka@gtech-solutions.ng,2.34E+12,Ogun,customer service,Customer Service Rep,part-time,Active,8/29/2020,,NGN 236000,Fidelity Bank,2115406331,SSCE,7,5,Excellent,EMP-01024,lag hq,#N/A,73960038-2577
EMP-01359,kemi,adeleke,Female,9/27/1993,kemi.adeleke@gtechsolutions.com.ng,2.34E+11,Anambra,SALES,Business Development Officer,Full-Time,Active,24-Aug-23,,267000,FCMB,"8,386,719,231",M.Sc,4,21,C,EMP-01166,Port Harcourt Branch,30266980327,38075504-7657
EMP-00576,Yinka,Usman,f,8-Dec-00,usman.yinka@gtechsolutions.ng,842313769,Ogun,customer service,Customer Experience Officer,Contractor,Terminated,28-Nov-20,7/16/2024,"??147,000",Keystone Bank,"8,479,327,214",B.Eng,20,7,3,EMP-00056,Lagos - Head Office,48078053833,59912011-7601
EMP-00352, Okechukwu,Balogun,M,2/28/1980,okechukwu352@gtechsol.ng,2.34E+13,N/A,human resources,Recruitment Specialist,PT,Active,5/12/2022,,"??277,000",n/a,640573087,Ph.D,3,2,Exceeds Expectations,EMP-01311,Ikeja,64883958558,34285978-6001
EMP-01381,Yetunde ,Adeola,f,02.11.1983,adeola.yetunde@gtechsolutions.com.ng,2.34E+11,Ekiti,LEGAL,Legal Manager,Contract,Active,28.12.2020,,"N315,000",First Bank,349469598,B.Eng,18,21,TBD,EMP-01356,lagos hq,29816878332,NIL
EMP-00466,ayo,ajayi,Male,11-Apr-95,ayo466@gtech-solutions.ng,2.34E+11,Ondo,Sales,Sales Manager,Full Time,Active,2/7/2025,,"N380,000",Ecobank,587150279,MBA,14,5,4,EMP-00786,Lagos Island,18390934242,60807678-7957
EMP-00743,BIODUN, Garba,Male,9/2/1976,garba.biodun@gtechsol.ng,2.34E+12,Cross River,Finance,Treasury Officer,FT,Active,8-Nov-24,,413000 NGN,Stanbic IBTC,157623199,Ph.D,10+ years,20,3,EMP-00652,lagos hq,26021318066,Unknown
EMP-01310, Damilola,Mohammed,Mr,9/5/1996,damilola.mohammed@gtechsolutions.com.ng,+234 074 133 9827,Not Available,Operations,Facilities Manager,part-time,Terminated,24-Jun-21,7/10/2022,"??373,000",UBA,671954202,HND,20,10,Outstanding,EMP-00236,GRA PH,89286979793,77111254-6238
EMP-00615,Obiageli ,Adeleke,Female,24.04.1995,adeleke.obiageli@g-tech.com.ng,2.34E+13,Edo,Customer Service,CS Team Lead,PT,Active,4-Apr-20,,180.0K,Ecobank,4410261901,B.A,16,10,3,EMP-00628,lagos hq,95781273174,98415591-3354
EMP-00282,Akin,Ogundele,m,1/20/1997,akin282@gtechsolutions.com.ng,712719240,Ondo,Human Resources,Recruitment Specialist,FT,Active,8/15/2020,,"??193,000",First Bank,588121002,HND,6,21,C,EMP-01173,lag hq,48997184285,95466762-5066
EMP-01127,oluwakemi,CHUKWU,f,2/20/1999,chukwu.oluwakemi@g-tech.com.ng,2.34E+13,Plateau,TECHNOLOGY,Data Analyst,FULL-TIME,Active,14-Feb-19,,882000,First Bank,2361267412,M.Sc,21,12,2,EMP-00251,GRA PH,98176301911,38052091-2867
EMP-00187,Blessing ,Nwosu,FEMALE,20-Jan-77,blessing.nwosu@gtechsolutions.com.ng,+234 077 276 8852,Kaduna,Sales Dept,Senior Sales Rep,Contract,Active,6-May-23,,NGN 238000,GTBank,385727411,B.A,18,10,2,EMP-00332,Wuse II,31901302056,19658994-6582
EMP-01051,YETUNDE,Adeleke,FEMALE,8/9/1980,yetunde.adeleke@gtechsol.ng,0086-536-2897,Kaduna,LEGAL,Legal Officer,FT,Active,4-Jan-22,,487000 NGN,Zenith Bank,2605298518,OND,10+ years,N/A,B,EMP-00192,Ikeja,n/a,
EMP-01235,Sade,Ogundimu ,Ms,11.08.1987,sade_ogundimu@gtechsolutions.ng,2.34E+12,Lagos,Supply_Chain,Logistics Coordinator,Contractor,Active,16.05.2022,,235000,UBA,6619015644,SSCE,1,12,Good,EMP-00622,Port Harcourt Branch,46420207657,62974395-8457
EMP-01205,Biodun,IBRAHIM,Mr,2-Aug-93,biodun.ibrahim@gtechsol.ng,2.34E+12,Plateau,Human Resources Dept,HR Officer,Full-Time,n/a,02.11.2021,,"#211,000",UBA,5062454767,B.Sc,11,2,Excellent,EMP-00968,Lekki,45377096422,37970302-9327
EMP-01028,Chukwuemeka, Musa,M,5/9/1999,cmusa@gtech-solutions.ng,2.34E+12,Oyo,Operations Dept,Operations Manager,PT,Active,7-Dec-22,,127.0K,FCMB,442508121,B.A,5 yrs,20,5,EMP-01235,Ikeja,91043979234,13778013-3499
EMP-01459,damilola,Suleiman,MALE,1/1/1982,suleiman.damilola@gtechsolutions.ng,2.34E+12,Ogun,Human Resources Dept,Learning & Development Officer,CONTR,Terminated,9/27/2018,1/11/2022,NGN 153000,GTBank,"2,708,096,052",B.Eng,10,7,1,EMP-00312,Lagos HQ,85986468480,58151301-3245
EMP-01163,Ayo,Suleiman,Male,5-Feb-78,ayo163@g-tech.com.ng,0087-759-0409,Benue,Finance,Internal Auditor,Full Time,Suspended,31-Mar-23,,"#284,000",Keystone Bank,1867095428,HND,18,14,4,EMP-01462,Lekki,53115718265,71201596-2915
EMP-01366,Kunle,Onuoha,Mr,5-Feb-82,konuoha@g-tech.com.ng,2.34E+12,Delta,sales,Sales Executive,CONTR,Active,10.11.2021,,221.0K,Sterling Bank,"7,624,674,781",HND,22,12,5,EMP-00278,Lekki,16252308197,35819397-5289
EMP-00319,CHINWE,Akintola,FEMALE,10/18/1981,akintola.chinwe@gtech-solutions.ng,2.34E+12,Nasarawa,Legal,Compliance Officer,CONTRACT,Active,9/5/2018,,"#339,000",First Bank,"4,944,481,840",B.Eng,2,0,D,Not Available,Ikeja,51562392090,Unknown
EMP-00852, Adunola,Abdullahi,f,27.06.1978,aabdullahi@g-tech.com.ng,2.34E+12,Benue,Human_Resources,Learning & Development Officer,CONTR,,3-Mar-21,,232.0K,Access Bank,3403575554,,5,n/a,C,EMP-00033,NULL,80337142137,33695397-9172
EMP-01004, Dotun,akintola,M,19-Nov-89,dotun.akintola@gtechsolutions.com.ng,0080-766-1288,Rivers,EXECUTIVE,Chief Financial Officer,full-time,Active,26-Jan-24,,1876.0K,Polaris Bank,"5,984,309,108",B.Sc,20,20,Average,,LAGOS HQ,65119888744,Unknown
EMP-00703,Yetunde,Akintol@,f,2/27/1993,yetunde703@gtechsolutions.ng,895795036,Enugu,Operations,Operations Coordinator,contract,Active,2/5/2025,,"N322,000",UBA,9454839930,SSCE,11,10,Exceeds Expectations,EMP-00005,Ikeja,14644026135,30793342-6333
EMP-00368,Adaeze ,Babatunde,Female,5/2/1986,adaeze368@gtech-solutions.ng,754363896,TBD,Finance,Finance Analyst,Full Time,Active,5/2/2018,,630000 NGN,First Bank,3243568900,B.A,6,15,4,EMP-00615,Lagos HQ,15305734724,TBD
EMP-00772, Ronke,MOHAMMED,FEMALE,01.04.1990,rmohammed@g-tech.com.ng,716685165,Kano,Finance,Internal Auditor,Full-Time,Terminated,12.12.2023,28-Feb-25,489000,Stanbic IBTC,3272452599,MBA,3,2,Unknown,EMP-00208,Lagos HQ,74454069143,68248876-8713
EMP-00333,Sola ,Adeyemi,MALE,7/6/1976,adeyemi.sola@g-tech.com.ng,2.34E+13,Ondo,Finance,Internal Auditor,contract,Active,5/7/2024,,NGN 597000,UBA,5282676313,MBA,22,10,Not Available,EMP-00470,Lagos Island,85201362608,99116571-7542
EMP-00899,Oluwaseun,Nwachukwu,Male,2/17/1998,oluwaseun.nwachukwu@gtechsolutions.com.ng,2.34E+13,n/a,Legal Dept,Legal Officer,part-time,Active,18.06.2023,,NGN 359000,Stanbic IBTC,200114159,B.Eng,5,0,Excellent,EMP-00809,Lekki,18478879788,50877473-6728
EMP-00961,Niyi, Balogun,m,6/9/1992,niyi.balogun@gtechsolutions.ng,841875724,Kaduna,Human_Resources,HR Business Partner,CONTRACT,Active,8/11/2023,,"N302,000",Not Available,6049646750,B.A,19,20,Excellent,EMP-01463,Port Harcourt Branch,55769308883,14279213-8186
EMP-01362,Bisi,Ogundele ,FEMALE,12/7/2000,bisi.ogundele@g-tech.com.ng,2.34E+12,,Executive,Chief Operating Officer,PT,Active,3/20/2018,,2869.0K,Fidelity Bank,1033400359,OND,20,7,Outstanding,,GRA PH,94576343399,19312010-3848
EMP-01123,Ronke ,Garba,FEMALE,09.06.1985,garba.ronke@g-tech.com.ng,825065358,Rivers,Supply Chain Dept,Warehouse Manager,Full-Time,Active,9/24/2020,,136000,First Bank,6990619341,OND,TBD,14,B,EMP-01173,GRA PH,27836079890,86102730-8977
EMP-00702, Gbenga,yusuf,male,14/04/1986,gbenga_yusuf@gtechsol.ng,2.34E+12,Abuja,Finance,Senior Accountant,Part Time,Active,8/2/2022,,258.0K,GTBank,6931445122,MBA,,21,D,EMP-00475,Abuja Office,TBD,54690269-1604
EMP-00330,Babatunde, Garba,M,5/24/1996,babatunde330@gtechsolutions.ng,2.34E+12,Nasarawa,Finance,Finance Manager,FULL-TIME,Active,11/22/2018,,"??461,000",Fidelity Bank,495030710,M.Sc,5,15,Outstanding,EMP-00820,Lekki,Not Available,53685675-9505
EMP-00628,NGOZI,USMAN,FEMALE,2/22/1990,nusman@gtechsol.ng,762443494,Delta,human resources,HR Manager,Full Time,Active,21-Dec-20,,284000,Keystone Bank,8693219645,HND,9,2,D,EMP-00462,Lagos Island,14712666153,87457151-3089
EMP-00481,Titi,Garba,Female,11/4/1998,titi481@g-tech.com.ng,2.34E+12,Rivers,Legal Dept,Compliance Officer,CONTR,Active,4/30/2022,,675.0K,Ecobank,"9,866,401,667",Ph.D,4,15,C,,GRA PH,58201630159,95805582-3543
EMP-00793,Toyin ,adeola,F,4/9/1978,toyin_adeola@gtechsolutions.com.ng,0085-860-2235,Kano,TECHNOLOGY,Systems Administrator,FT,Active,10/28/2022,,"??492,000",Access Bank,2635436629,B.Eng,25,15,C,EMP-01105,Ikeja,79033675947,21155828-1339
EMP-00117,TITILAYO,onuoha,f,16.02.1976,tonuoha@gtechsolutions.com.ng,2.34E+12,Imo,Executive Dept,Chief Operating Officer,full-time,Active,5/16/2019,,NGN 2836000,Fidelity Bank,2197826153,B.A,7,15,3,,Wuse II,6167567700,98504649-5965
EMP-01106,TOYIN,Ajayi,Female,9/8/1977,toyin@g-tech.com.ng,2.34E+11,N/A,Sales Dept,Business Development Officer,Full-Time,Active,7/11/2021,,150000 NGN,Sterling Bank,4275456104,B.Eng,7,2,Outstanding,EMP-00888,LAGOS HQ,24113414812,83707594-3183
EMP-00084, Adebayo,ONUOHA,male,25/12/1989,adebayo@g-tech.com.ng,2.34E+13,Osun,Customer Service Dept,Customer Service Rep,Part Time,Active,21/02/2018,,NGN 143000,Polaris Bank,"1,779,982,123",Ph.D,22,2,C,EMP-00343,GRA PH,30097925132,93033107-6544
EMP-01204,chinwe,Mohammed,female,7/9/1986,chinwe@gtechsolutions.com.ng,2.34E+12,Nasarawa,EXECUTIVE,Chief Financial Officer,Contractor,Active,4/25/2025,,"??1,752,000",Sterling Bank,4099354195,B.Eng,14,10,B,,Ikeja,Unknown,25867541-7023
EMP-00140,LOLA,Aliyu,F,4/21/1981,aliyu.lola@gtechsolutions.com.ng,2.34E+13,Oyo,Supply_Chain,Logistics Coordinator,FT,Active,10/22/2023,,194.0K,Polaris Bank,676771294,MBA,2,0,4,EMP-00437,lagos hq,56362050150,29112869-5760
EMP-00782,Muyiwa,Chukwu,male,13/12/2000,mchukwu@g-tech.com.ng,2.34E+12,Ogun,supply chain,Warehouse Manager,full-time,Active,30/03/2021,,218000 NGN,Keystone Bank,3387891264,Ph.D,7,12,D,,Ikeja,66872306365,80716765-4245
EMP-00744,Ebele ,Adeyemi,f,16/09/1991,ebele.adeyemi@gtech-solutions.ng,842793742,Osun,Supply Chain Dept,Warehouse Manager,Full-Time,Terminated,16.03.2025,30-May-25,"N243,000",Access Bank,"6,203,985,651",SSCE,4,12,Outstanding,EMP-01217,lagos hq,31782730597,28100931-1524
EMP-00766,Oluwatobi,okafor,male,11/6/1987,oluwatobi766@gtechsol.ng,844034533,Lagos,Supply_Chain,Procurement Officer,Full Time,NIL,3/18/2018,,NGN 155000,Stanbic IBTC,"2,478,003,369",#N/A,13,7,Good,EMP-01015,Ikeja,45098063533,TBD
EMP-01378,OLUWASEUN,FAYEMI,Male,26/07/1981,oluwaseun.fayemi@gtech-solutions.ng,2.34E+12,Kano,Marketing Dept,Content Strategist,CONTRACT,Active,4/29/2020,,470.0K,Zenith Bank,7699420907,MBA,19,10,B,EMP-00348,Port Harcourt Branch,84707217699,58803796-1923
EMP-00477,Uche ,Adeola,Mr,5/7/1993,uadeola@g-tech.com.ng,2.34E+11,Imo,OPERATIONS,Operations Officer,Full-Time,Active,9/15/2019,,365000,Keystone Bank,"5,902,255,727",SSCE,18,0,N/A,EMP-00096,LAGOS HQ,48597243871,56928981-2447
EMP-00896,Chukwuemeka,Suleiman ,Male,1/6/1988,chukwuemeka.suleiman@g-tech.com.ng,2.34E+12,Imo,Legal,Legal Officer,Contract,Active,25/01/2019,,"#494,000",Ecobank,"5,918,148,433",B.Sc,5,2,Meets Expectations,EMP-00345,Lagos - Head Office,66517731319,71859648-5745
EMP-00037, Amaka,ajayi,Female,23/06/1988,amaka.ajayi@g-tech.com.ng,+234 078 105 0591,Benue,Operations,Facilities Manager,PART-TIME,Active,6/16/2021,,"#312,000",Polaris Bank,342198012,SSCE,13,20,A,EMP-01101,Port Harcourt Branch,30047868633,30820038-5516
EMP-01400,Shade,Nwachukwu,Female,1/3/1979,snwachukwu@gtechsolutions.ng,724604921,Enugu,Finance,Senior Accountant,FULL-TIME,Active,2-Nov-23,,193000,Fidelity Bank,"4,166,384,981",B.Eng,13,5,N/A,EMP-01233,Kano Office,41430194267,63621548-4158
EMP-00910, Segun, Adesanya,Male,3-Sep-82,segun910@gtechsolutions.ng,847744883,Osun,TECHNOLOGY,Product Manager,FT,Terminated,22.12.2024,4/26/2025,"#337,000",Stanbic IBTC,6622717276,TBD,7,2,Average,EMP-01063,Lagos Island,81173069938,46962907-6144
EMP-00921,Chinedu,Ajayi,M,10/9/1980,chinedu_ajayi@gtechsolutions.ng,802070327,Osun,Executive Dept,Chief Financial Officer,part-time,Active,4/22/2024,,1437.0K,Ecobank,7858656496,Ph.D,14,15,Average,,Port Harcourt Branch,33875342144,38787292-6501
EMP-00655, Titilayo,Ajayi ,FEMALE,1/7/1981,ajayi.titilayo@gtechsol.ng,2.34E+12,Bayelsa,Marketing,Content Strategist,PART-TIME,Active,9/23/2018,,282.0K,FCMB,2242668437,SSCE,3,20,n/a,TBD,lag hq,NULL,77446635-2287
EMP-00269,Tobi,babatunde,m,24/05/1985,tobi.babatunde@gtechsol.ng,+234 071 623 2682,Osun,Technology,Unknown,Contract,Active,3-May-21,,"#663,000",Keystone Bank,"7,640,296,994",SSCE,8,5,Below Average,EMP-00035,lagos hq,28360849378,67676460-4457
EMP-00998,Joke,Fashola,female,19/03/1994,joke_fashola@gtechsolutions.ng,2.34E+13,Imo,Sales Dept,Business Development Officer,part-time,NIL,6/1/2025,,NGN 370000,Keystone Bank,6292546988,Unknown,4,20,N/A,EMP-00417,Lagos Island,87032250819,93884075-3459
EMP-00457, Nkiruka,Haruna,Ms,07.01.1994,nkiruka@gtech-solutions.ng,747329770,Anambra,finance,Senior Accountant,full-time,Terminated,2/12/2018,10-Mar-20,"??183,000",Access Bank,6387158304,MBA,24,10,D,EMP-00610,Wuse II,23688101382,19619513-1794
EMP-00954,Nnamdi,Adeleke,Male,3/23/1983,nnamdi.adeleke@gtech-solutions.ng,828831756,,TECHNOLOGY,Software Developer,PART-TIME,Active,12-May-21,,675000 NGN,Stanbic IBTC,8789539025,Unknown,6,5,Needs Improvement,EMP-00458,Lagos - Head Office,22334501541,64340604-7046
EMP-00572,Chinwe, Usman,Female,09.04.1980,cusman@gtech-solutions.ng,821544614,Lagos,Human Resources Dept,HR Manager,CONTR,On Leave,5/31/2018,,335000 NGN,UBA,889641436,M.Sc,9,0,4,EMP-01398,Lagos - Head Office,48364811659,58510264-7099
EMP-00493,Obinna,Onuoha,m,15-Dec-98,onuoha.obinna@gtechsolutions.ng,773970357,Ogun,HUMAN RESOURCES,Recruitment Specialist,Contractor,Terminated,4/20/2023,4/7/2023,246000 NGN,Ecobank,461651326,B.Sc,4,12,1,EMP-00333,Ikeja,95947611107,87326905-8744
EMP-00573,Ifeoma ,Eze,FEMALE,17-Jul-89,ifeoma_eze@gtechsolutions.ng,809330638,Plateau,Executive Dept,Chief Financial Officer,FULL-TIME,Active,8/7/2022,,2413000 NGN,Stanbic IBTC,"4,241,435,535",B.Sc,12,NIL,Needs Improvement,,Lagos - Head Office,N/A,21005524-4669
EMP-00347,ifeoma,Ajayi,female,8/4/1987,ifeoma347@gtechsolutions.ng,2.34E+11,Kaduna,CUSTOMER SERVICE,N/A,Part Time,On Leave,7/28/2022,,101000,Zenith Bank,5122045743,OND,22,20,4,EMP-00383,GRA PH,18750677610,94443038-7065
EMP-01388,segun,Ajayi ,MALE,18-Jun-81,segun@g-tech.com.ng,0077-749-3440,Cross River,Operations Dept,Process Analyst,CONTRACT,Active,7/27/2021,,"??268,000",Polaris Bank,6035668958,B.Sc,6,7,4,EMP-00840,Lagos - Head Office,50248552568,94216801-1845
EMP-00749,ROTIMI,Musa,MALE,28/11/1995,rotimi.musa@gtechsolutions.com.ng,2.34E+12,Enugu,Legal,Company Secretary,CONTRACT,Active,9/20/2023,,"N596,000",Ecobank,"7,959,376,045",M.Sc,5,20,Exceeds Expectations,EMP-00104,lag hq,NIL,45036503-4745
EMP-01125,KUNLE,Adesanya,Mr,11-Jul-99,kunle125@gtechsol.ng,875970532,Ondo,Technology,Data Analyst,Full-Time,Active,5/27/2025,,"??410,000",First Bank,1527197371,B.A,19,0,Excellent,EMP-00377,Ikeja,32133780068,92688946-7700
EMP-00169,Funmilayo,Abdullahi,f,27-Jul-95,funmilayo.abdullahi@gtechsol.ng,728859053,Anambra,customer service,CS Team Lead,Part-Time,Terminated,1/23/2020,4/12/2023,234.0K,#N/A,3658772734,OND,#N/A,7,Good,EMP-00175,GRA PH,70051405468,62430988-6830
EMP-00406,Uch3chi,Nwofor,FEMALE,6/17/2000,uchechi_nwofor@gtechsolutions.ng,2.34E+12,Nasarawa,Operations,Facilities Manager,contract,Terminated,22/04/2023,3/21/2024,"??137,000",UBA,223550724,HND,12,14,3,EMP-01493,GRA PH,59793183997,82703520-5551
EMP-01044,Obiageli, Musa,Ms,8-Mar-80,omusa@gtech-solutions.ng,0077-821-5732,#N/A,LEGAL,Legal Manager,FT,Active,26.02.2018,,"#670,000",Ecobank,1199637349,M.Sc,1,10,Excellent,EMP-00217,Kano Office,65452551765,92335651-4609
EMP-01481,Segun,Okonkwo ,m,3/25/1975,segun.okonkwo@g-tech.com.ng,2.34E+13,Lagos,Marketing,Marketing Executive,Full Time,Active,3/3/2019,,311.0K,Stanbic IBTC,184189071,SSCE,20,7,N/A,EMP-00726,Wuse II,60000046835,50772346-2553
EMP-01228,Nike , Adegoke,female,5/5/1976,nike@gtechsolutions.com.ng,2.34E+11,Imo,Marketing Dept,Marketing Executive,Contract,Active,1/28/2018,,405000 NGN,Fidelity Bank,"2,016,583,317",N/A,16,n/a,Outstanding,EMP-00046,lagos hq,75219326944,NULL
EMP-00476,okechukwu,adegoke,Male,14-Dec-94,okechukwu476@g-tech.com.ng,2.34E+11,Abuja,Marketing Dept,Brand Manager,FULL-TIME,Terminated,30.08.2018,26-Jan-22,"N135,000",GTBank,"2,377,515,312",HND,4,5,Below Average,EMP-01258,GRA PH,20641910616,NIL
EMP-00718,Adunola,Fashola,Female,19-Dec-99,adunola718@gtechsol.ng,+234 077 978 6606,Anambra,FINANCE,Finance Analyst,FT,Active,17-May-18,,"N582,000",Zenith Bank,1541604076,OND,4,20,B,n/a,Ikeja,19317844988,Unknown
EMP-01115, Ifeoma, Lawal,Ms,1/4/1989,ifeoma.lawal@gtechsolutions.ng,2.34E+13,Bayelsa,Finance,Internal Auditor,full-time,Terminated,04.09.2021,27-Aug-22,214000,Ecobank,134161135,Ph.D,24,10,Excellent,EMP-00631,Lagos HQ,59403764941,41760661-1382
EMP-00598,Chinwe, Adegoke,FEMALE,28-Dec-93,chinwe@gtechsolutions.ng,751841609,Rivers,human resources,HR Business Partner,PT,Terminated,5/10/2018,6/1/2020,"#365,000",GTBank,825821190,B.A,18,0,3,EMP-01187,Lagos Island,10104279749,
EMP-00228,Ifeanyi,Ogundimu,M,6-Mar-99,ifeanyi.ogundimu@gtechsolutions.com.ng,2.34E+13,Rivers,Finance,Treasury Officer,CONTR,Terminated,2/2/2020,4/21/2021,315000,Ecobank,7039004351,B.A,20,14,Outstanding,EMP-01092,Port Harcourt Branch,14991537038,46747243-1431
EMP-01049,Nneka,Fashola ,Female,1/23/1978,nneka.fashola@g-tech.com.ng,896848616,Benue,Supply_Chain,Warehouse Manager,FT,Terminated,11-Dec-23,29-May-25,329.0K,Fidelity Bank,8382493264,B.Sc,5,20,#N/A,EMP-00346,Wuse II,52479655450,53424267-6293
EMP-00529,BIODUN,Ajayi,MALE,6/8/1994,bajayi@gtechsolutions.ng,+234 078 618 9842,Ogun,sales,Sales Executive,Full Time,Active,28.04.2020,,NGN 226000,Ecobank,1463059034,HND,21,Not Available,N/A,EMP-00327,Lekki,8228377427,52353280-5687
EMP-00040,Chidinma,Mohammed,F,24.08.1999,chidinma_mohammed@gtechsolutions.ng,0088-512-2665,Lagos,Human Resources Dept,HR Manager,full-time,Active,3/14/2020,,"??324,000",UBA,8387395021,Ph.D,NULL,7,NIL,EMP-00934,GRA PH,97700886008,TBD
EMP-00665,Dele ,Yusuf,m,12/8/1980,dele.yusuf@g-tech.com.ng,733600753,Plateau,Marketing,Digital Marketing Officer,Part Time,Active,27-Nov-23,,NGN 226000,Keystone Bank,"8,548,080,415",M.Sc,3,21,Needs Improvement,EMP-00490,n/a,56303282673,50636375-1148
EMP-00447,Emeka,Yusuf ,Mr,20.01.1996,emeka.yusuf@gtechsol.ng,2.34E+11,Lagos,Legal,Legal Officer,Contract,Active,2-Aug-20,,"#687,000",UBA,1192650241,SSCE,5,14,A,EMP-01172,Ikeja,47053110583,42817159-1137
EMP-01353,Kemi , Akintola,Ms,12/6/1997,kemi.akintola@gtech-solutions.ng,879990307,Osun,Supply Chain,Procurement Officer,FT,Active,26-Nov-18,,"N324,000",NIL,4848269096,B.A,17,15,Outstanding,EMP-01426,Lagos HQ,11566311084,55771354-8476
EMP-00259,Chukwuemeka,Fashola ,Mr,26/03/1990,chukwuemeka.fashola@gtechsol.ng,2.34E+12,Imo,Legal Dept,Legal Manager,PART-TIME,Active,16-Oct-24,,628.0K,Unknown,7550043232,SSCE,25,5,Outstanding,EMP-00619,n/a,74767753726,42932467-3384
EMP-01300,Adaora,Onuoha,female,03.12.1977,adaora.onuoha@gtechsol.ng,906469375,Kano,Marketing Dept,Brand Manager,Full Time,Active,10/20/2023,,NGN 216000,Sterling Bank,973832477,B.Sc,9,14,Good,TBD,GRA PH,53370193639,91917990-9565
EMP-01077,Tolu,suleiman,Ms,8/9/1989,tolu077@gtechsolutions.ng,2.34E+12,Ondo,Legal Dept,Company Secretary,Full Time,Active,15-Feb-23,,"N452,000",GTBank,"2,915,148,746",OND,11,10,2,EMP-00111,Wuse II,43088486064,50052026-5919
EMP-01446,Ayo ,Obi,m,13/06/1984,ayo446@g-tech.com.ng,737293243,Anambra,Finance,Senior Accountant,Full-Time,Active,7/19/2018,,392000 NGN,Ecobank,4365821944,OND,6,21,Good,EMP-01410,LAGOS HQ,95536315737,39878165-9775
EMP-00562,NGOZI,adesanya,Female,28-Mar-77,ngozi.adesanya@gtech-solutions.ng,2.34E+12,Ogun,Human Resources,HR Business Partner,FT,Active,28-Jul-24,,NGN 376000,Fidelity Bank,4217824564,HND,7,Not Available,1,EMP-00195,lagos hq,,96169176-6098
EMP-00438,Chiamaka,Onuoha,female,5/27/1980,onuoha.chiamaka@g-tech.com.ng,789874054,Kaduna,MARKETING,Digital Marketing Officer,Part Time,Active,30-Apr-22,,340000,First Bank,887878572,B.Eng,11,5,Good,EMP-00259,Lekki,29350979344,19791079-3146
EMP-00547, Chinwe,Adeyemi,F,12/1/1994,chinwe_adeyemi@g-tech.com.ng,0090-387-0573,Osun,Customer Service Dept,Customer Experience Officer,CONTRACT,Active,11/26/2023,,239.0K,Polaris Bank,"6,554,048,083",SSCE,7,2,C,EMP-00440,Wuse II,36788387369,35838057-3381
EMP-00989, Uzoamaka,Akintola,female,3/6/1980,uzoamaka.akintola@gtechsolutions.com.ng,+234 080 782 4457,NIL,Operations,Process Analyst,Part-Time,Active,5/17/2021,,NGN 193000,Polaris Bank,5800352160,SSCE,2,15,D,EMP-01148,VI Office,96194238021,53233313-9831
EMP-00318,amaka,Mohammed,F,5/8/1997,amaka.mohammed@gtechsol.ng,2.34E+12,Abuja,Operations,Operations Manager,CONTR,Active,7/9/2021,,"#112,000",Access Bank,2985887464,B.Eng,25,2,Meets Expectations,EMP-00972,Lagos Island,13104502589,34585451-2125
EMP-00538,Muyiwa,Okonkwo,MALE,14-Jun-82,muyiwa.okonkwo@gtech-solutions.ng,2.34E+12,Osun,legal,Company Secretary,part-time,Active,11/14/2018,,651.0K,Polaris Bank,4427153264,B.Eng,18,21,1,EMP-01257,GRA PH,98428828470,n/a
EMP-01500,Chukwuemeka , Taiwo,m,7/19/1981,chukwuemeka.taiwo@g-tech.com.ng,2.34E+12,Anambra,Supply_Chain,Supply Chain Analyst,Full-Time,Active,10/12/2020,,NGN 356000,Polaris Bank,757640985,SSCE,6,12,4,EMP-01052,Lagos HQ,52567055343,58656760-7528
EMP-00020,Adebayo ,taiwo,m,1-Mar-75,adebayo020@gtechsol.ng,745205279,#N/A,HUMAN RESOURCES,HR Manager,FULL-TIME,Active,07.09.2024,,NGN 204000,First Bank,"4,735,313,433",MBA,17,21,Meets Expectations,EMP-01318,Lagos HQ,66177115921,93794475-9984
EMP-01099,Okechukwu, Okonkwo,MALE,7/15/1988,ookonkwo@gtechsolutions.com.ng,2.34E+12,Abuja,legal,Company Secretary,contract,Suspended,10/21/2020,,544000,FCMB,556055266,N/A,10,12,5,EMP-00466,Port Harcourt Branch,,33575893-8612
EMP-01109,Muyiwa,Suleiman,Mr,7/11/1998,muyiwa109@gtech-solutions.ng,2.34E+13,Benue,Supply Chain,Warehouse Manager,Part-Time,Active,29-Dec-22,,"N211,000",UBA,575371781,OND,3,21,4,EMP-00966,Abuja Office,25375933585,56566973-2114
EMP-01238,Kelechi,Nzeka,M,4/8/1986,kelechi_nzeka@gtechsol.ng,2.34E+13,Plateau,Technology,Software Developer,Contractor,Active,30/03/2022,,"N353,000",Sterling Bank,840243241,B.A,12,21,Average,EMP-00633,Ikeja,57988027209,36475408-6424
EMP-00180,Lola,Ajayi,Ms,5-Feb-95,lola@gtechsolutions.com.ng,+234 076 215 1576,Kano,Operations,Facilities Manager,Contract,Active,10/5/2023,,314000,Zenith Bank,6856805469,B.A,14,14,Meets Expectations,EMP-00904,Abuja Office,66343629489,68192155-2788
EMP-00849,Damilola ,Afolabi,M,28-Oct-94,damilola849@g-tech.com.ng,2.34E+13,Plateau,Operations Dept,Operations Officer,FULL-TIME,Inactive,5-Jul-18,,"#344,000",Access Bank,916938350,OND,7,20,n/a,EMP-00068,Port Harcourt Branch,92383522377,46206485-5694
EMP-00978, Omowunmi,Ogundimu,FEMALE,18-Dec-80,oogundimu@gtech-solutions.ng,+234 079 950 7520,Kano,Sales Dept,Account Manager,Full Time,Terminated,9-Apr-19,3/2/2023,326000,Keystone Bank,8715295826,OND,19,12,D,EMP-00775,LAGOS HQ,NULL,21231380-6478
EMP-01425,ifeoma,obi,f,24/08/1999,ifeoma_obi@gtechsolutions.ng,2.34E+12,Oyo,Customer Service Dept,Customer Service Rep,full-time,Active,15.09.2021,,"??181,000",UBA,3083712878,OND,1,2,Needs Improvement,EMP-01003,Wuse II,99704983563,73152346-1773
EMP-00668,obinna,Obi,M,22-Mar-76,oobi@gtechsol.ng,2.34E+12,Rivers,Technology Dept,IT Support,Contractor,Active,8/2/2024,,731000,Access Bank,7083448290,B.A,3years,21,Excellent,EMP-01355,VI Office,6671485333,77057321-2320
EMP-00638,Babatunde,Fashola ,Mr,16-Jul-84,bfashola@gtechsolutions.com.ng,2.34E+12,Anambra,Sales,Sales Manager,FULL-TIME,Active,7/1/2023,,"N283,000",GTBank,131894381,MBA,2,20,1,EMP-00016,Port Harcourt Branch,79732829018,27506836-1178
EMP-01027, Uzoamaka, Fayemi,Ms,14.04.1981,uzoamaka@gtechsolutions.ng,2.34E+13,Kaduna,TECHNOLOGY,DevOps Engineer,contract,Active,7-Jul-20,,811.0K,Keystone Bank,460851525,B.Eng,11,20,#N/A,EMP-01355,Lagos - Head Office,92231978958,
EMP-01197,Onyinye,Onuoh@,Female,10/8/1988,onyinye197@gtech-solutions.ng,2.34E+12,Ondo,Customer Service Dept,CS Team Lead,FT,Active,16.03.2018,,96000,Access Bank,3994990664,M.Sc,21,0,Exceeds Expectations,EMP-00530,Lekki,92148196424,18287262-5631
EMP-01260,Ronke,Usman,female,11/8/2000,rusman@gtechsolutions.com.ng,2.34E+12,Cross River,Customer_Service,Customer Experience Officer,part-time,Active,11/3/2024,,"#209,000",Zenith Bank,299874995,SSCE,25,20,N/A,EMP-00310,Kano Office,32280297980,19809517-4481
EMP-00098,omowunmi,Okwu,Female,8/15/1986,okwu.omowunmi@gtechsol.ng,851507747,Bayelsa,human resources,HR Manager,FULL-TIME,Terminated,9/15/2021,11/8/2023,362.0K,UBA,9215678070,B.Eng,13,7,Needs Improvement,EMP-00988,VI Office,96695832197,90003898-8584
EMP-00220,Okechukwu,Eze ,M,10/22/1982,okechukwu220@gtech-solutions.ng,2.34E+12,Ogun,operations,Facilities Manager,full-time,Terminated,29.12.2024,1/30/2025,114000,Polaris Bank,5387238367,Ph.D,1,0,Needs Improvement,EMP-00142,VI Office,33426433502,69007608-3017
EMP-01091,GBEMI,Suleiman,m,6/1/1984,gsuleiman@g-tech.com.ng,2.34E+12,Nasarawa,Human Resources,HR Officer,FULL-TIME,On Leave,5/1/2018,,NGN 183000,GTBank,126045084,Ph.D,23,14,3,EMP-00320,Port Harcourt Branch,64250464717,61921338-6928
EMP-00053,Bola,Ajayi,FEMALE,11-Dec-97,ajayi.bola@gtechsolutions.ng,2.34E+13,Kano,finance,Internal Auditor,CONTR,Active,14/05/2024,,519000,Keystone Bank,"8,816,681,105",B.Sc,25,10,Below Average,EMP-01406,lagos hq,3521356804,33336132-1509
EMP-00806,YEMI,Fashola,m,7/7/1998,yemi_fashola@gtechsol.ng,797239071,Oyo,Legal Dept,Compliance Officer,Part-Time,Active,1/25/2018,,"#260,000",Stanbic IBTC,7479918773,Ph.D,12,12,3,EMP-01178,Abuja Office,N/A,60657550-8233
EMP-00072, Kayode,Akintola,male,11/28/1988,kakintola@gtechsol.ng,0072-611-1869,Osun,Sales Dept,Business Development Officer,CONTRACT,Active,9/9/2024,,"??400,000",Zenith Bank,1529290976,HND,10,10,Exceeds Expectations,EMP-00732,LAGOS HQ,49135775949,86082915-6971
EMP-00681,ADAEZE,Taiwo ,Female,3/4/1999,adaeze@gtechsolutions.ng,2.34E+12,Kano,Sales,Business Development Officer,CONTRACT,Active,25/06/2020,,448000,FCMB,"5,502,090,704",B.Eng,14,5,Outstanding,EMP-01483,GRA PH,36207498849,53088140-2226
EMP-01216,ADEBAYO,G@rb@,MALE,15-Feb-88,adebayo.garba@g-tech.com.ng,0076-183-6842,Edo,Executive,Chief Financial Officer,Part Time,Terminated,30-Mar-18,20-May-19,2232000 NGN,Sterling Bank,3902539695,B.Sc,22,15,Meets Expectations,,Lagos - Head Office,42765657076,44157273-2977
EMP-00371,dotun,adeleke,M,7-Jan-76,dotun.adeleke@gtechsolutions.ng,+234 087 183 0449,Nasarawa,Finance,Treasury Officer,full-time,Active,4/5/2020,,"#408,000",N/A,125105873,M.Sc,12,21,Good,EMP-00530,LAGOS HQ,78550113753,NULL
EMP-00456,Kayode,BALOGUN,MALE,19/11/1979,kayode456@gtechsolutions.ng,0090-279-8568,Kaduna,Customer Service Dept,Customer Experience Officer,contract,Active,7/25/2024,,NGN 110000,GTBank,4807912159,M.Sc,2,15,Outstanding,EMP-01216,Lekki,15737671052,#N/A
EMP-00729,Nkiruka,Adesanya,FEMALE,7/21/1996,nadesanya@gtech-solutions_ng,2.34E+13,Edo,Technology Dept,Systems Administrator,CONTR,Active,18.08.2019,,"#443,000",Stanbic IBTC,"2,498,421,499",B.Sc,10,15,4,EMP-01127,VI Office,30277217931,58016392-1763
EMP-00130,CHIDINMA,yusuf,female,2/28/1995,cyusuf@gtech-solutions.ng,2.34E+11,Nasarawa,Technology,Data Analyst,Part-Time,Suspended,16-Feb-23,,363.0K,Stanbic IBTC,3875420006,HND,14,0,Exceeds Expectations,EMP-01035,Lagos Island,65328632666,79277190-6927
EMP-00991,Toyin,Usman,f,20/08/1984,usman.toyin@gtech-solutions.ng,2.34E+12,Oyo,Supply Chain Dept,Procurement Officer,FULL-TIME,Active,1/21/2023,,"#334,000",Keystone Bank,6597022488,HND,18,5,Meets Expectations,NULL,GRA PH,6782465530,30029989-3965
EMP-01111,Tunji,Lawal,Male,21.11.1995,tunji111@gtechsolutions.ng,2.34E+12,Plateau,Customer Service,CS Team Lead,CONTR,Active,8/29/2018,,147000,First Bank,2138644610,SSCE,8,0,2,EMP-00980,Kano Office,#N/A,97106134-5770
EMP-00611,wale,Balogun,MALE,10/24/1994,wale611@g-tech.com.ng,0077-961-3865,Imo,Operations,Process Analyst,contract,NIL,3/9/2018,24/05/2019,"N243,000",Ecobank,9052471866,Ph.D,8,2,A,EMP-00762,Lagos - Head Office,75917003437,30744292-6801
EMP-01086,Omowunmi,nzeka,Ms,26-Jan-96,omowunmi_nzeka@gtech-solutions_ng,727449727,Not Available,operations,Operations Manager,Full-Time,Active,2/9/2019,,272000,FCMB,8727347064,MBA,25,2,Good,EMP-01261,Wuse II,65913118708,20266891-6463
EMP-00889,dele,Eze,male,21-Aug-94,eze.dele@gtechsolutions.com.ng,2.34E+12,Bayelsa,Marketing,Brand Manager,CONTRACT,On Leave,3/11/2023,,337.0K,UBA,1314865432,MBA,1,10,Unknown,EMP-01000,TBD,56942763808,36530970-3702
EMP-01069,Chidinma,afolabi,Female,15-Nov-91,afolabi.chidinma@g-tech.com.ng,2.34E+13,Nasarawa,Marketing,Marketing Analyst,FULL-TIME,Active,11/23/2023,,207000,Fidelity Bank,"8,700,289,788",B.Sc,16,20,Needs Improvement,EMP-00922,Wuse II,32478110162,91545313-9523
EMP-00544,Femi,Nwofor,Male,4/20/1981,femi_nwofor@g-tech.com.ng,0078-942-7858,Lagos,Technology,Systems Administrator,Full-Time,Active,5/24/2021,,488000 NGN,GTBank,3552685734,B.Sc,25,2,5,#N/A,GRA PH,80298908881,65320330-5948
EMP-01442,bisi,HARUNA,F,18/09/1993,bisi442@gtechsolutions.ng,2.34E+11,Oyo,Human_Resources,HR Manager,FULL-TIME,Terminated,09.08.2023,2/21/2024,"#227,000",Stanbic IBTC,4443541688,OND,24,5,C,EMP-00332,Lekki,16991755413,79060808-2772
EMP-00695, Remi,Nwofor,MALE,27/07/1986,remi.nwofor@g-tech.com.ng,2.34E+12,Plateau,Operations,Process Analyst,PT,Active,8/28/2020,,"N190,000",UBA,7345692403,B.A,1 year,12,1,EMP-00233,Lekki,54059193442,NULL
EMP-01188,GBENGA,Haruna,MALE,2/2/1997,gharuna@gtechsolutions.com.ng,809721816,Enugu,Executive Dept,Chief Financial Officer,CONTR,Active,8-Dec-18,,1578.0K,Keystone Bank,285772259,OND,11,10,Needs Improvement,,Lekki,30037363757,N/A
EMP-00644,Kemi,OGUNDELE,FEMALE,15/05/1977,kemi644@gtech-solutions.ng,717471936,Kano,technology,DevOps Engineer,Part Time,Suspended,9/14/2024,,NGN 893000,Zenith Bank,4417940561,SSCE,6,15,Needs Improvement,EMP-01048,LAGOS HQ,Unknown,93010605-7472
EMP-01121, Kemi,adeola,Female,12/26/1989,kemi_adeola@gtech-solutions.ng,2.34E+12,Imo,Sales,Senior Sales Rep,CONTRACT,Terminated,3-Nov-23,5/6/2024,315000 NGN,GTBank,1208678065,MBA,17,5,NIL,EMP-01118,GRA PH,74181827151,24763349-5433
EMP-01328,kunle,Okwu,male,16/10/2000,okwu.kunle@gtechsol.ng,848968574,Osun,Executive Dept,Chief Operating Officer,full-time,Active,26.09.2024,,"??803,000",Keystone Bank,"6,356,417,479",HND,19,7,Exceeds Expectations,,Ikeja,83042145382,36428908-4930
EMP-01086,Omowunmi,nzeka,Ms,26-Jan-96,omowunmi.nzeka@gtech-solutions.ng,727449727,Not Available,operations,Operations Manager,Full-Time,Active,2/9/2019,,272000 NGN,FCMB,8727347064,MBA,25,2,Good,EMP-01261,Wuse II,65913118708,20266891-6463
EMP-00139,UZOAMAKA,CHUKWU,F,7/4/1987,uchukwu@gtechsolutions.ng,2.34E+12,Abuja,Finance,TBD,FULL-TIME,Active,5/19/2021,,NGN 401000,Sterling Bank,1547762075,B.A,7,0,Average,EMP-00397,Port Harcourt Branch,45679723200,88453254-8140
EMP-00343, Femi,Chukwu,MALE,5/17/1975,femi_chukwu@g-tech.com.ng,2.34E+12,Imo,Customer Service Dept,Unknown,Full-Time,Active,10/3/2020,,80.0K,Ecobank,877779436,B.Eng,3,12,D,EMP-01278,Port Harcourt Branch,32956342777,32883633-3621
EMP-01494,Tolu,OKONKWO,female,26/11/1978,okonkwo.tolu@g-tech.com.ng,2.34E+12,Osun,Operations,Operations Coordinator,Part Time,Active,16-Jun-19,,"N376,000",Stanbic IBTC,578012795,B.A,25,12,Outstanding,EMP-01061,Lekki,27185081463,82401500-1906
EMP-00724,yetunde, Nwachukwu,female,28/02/1991,yetunde.nwachukwu@gtechsol.ng,2.34E+12,Ondo,Supply Chain Dept,Supply Chain Analyst,Contractor,Active,31.08.2023,,212000,UBA,709636403,MBA,19,10,2,EMP-01179,Lagos HQ,94658463924,77529987-9099
EMP-00533,Obiageli,Musa,f,14-Oct-82,obiageli.musa@g-tech.com.ng,2.34E+12,Bayelsa,Operations Dept,Operations Manager,CONTRACT,Active,7-Dec-19,,350000 NGN,Zenith Bank,1140755153,N/A,4,7,Good,EMP-01393,Abuja Office,33793766997,25463529-7172
EMP-00689,Adekunle ,okafor,MALE,3/10/1978,okafor.adekunle@gtechsol.ng,2.34E+12,Plateau,executive,Chief Executive Officer,Contract,Active,16-Aug-22,,"N2,837,000",UBA,9574682177,B.Eng,12,15,B,,Lagos HQ,81072839476,65727047-2179
EMP-00811,Titilayo,Adewale,Female,26-Aug-78,adewale.titilayo@gtechsolutions.com.ng,2.34E+12,Lagos,Human_Resources,HR Business Partner,FT,Active,6/25/2024,,"??135,000",Polaris Bank,"5,835,160,760",B.Eng,19,5,N/A,EMP-00087,Lagos HQ,31910697136,55618085-2286
EMP-00814,Akin,OKWU,Mr,5/27/1997,akin@gtechsolutions.com.ng,+234 082 342 5111,Rivers,Human Resources Dept,HR Business Partner,Contractor,Active,11/1/2019,,144000,First Bank,9279844321,M.Sc,15,20,4,EMP-00465,lagos hq,4629337415,55903269-4838
EMP-00505,Wale,Fayemi,Male,4/22/1984,wale.fayemi@gtechsolutions.ng,2.34E+12,Abuja,Finance,Senior Accountant,Contract,Active,22-Apr-24,,"#436,000",UBA,1660749530,MBA,16,20,Below Average,TBD,LAGOS HQ,38816878518,57408537-7888
EMP-01266,Gbenga,okafor,male,16-Mar-79,gbenga.okafor@g-tech.com.ng,2.34E+11,Anambra,Operations,Process Analyst,Contractor,On Leave,18.02.2025,,"N236,000",NIL,5900780370,SSCE,3years,NIL,Exceeds Expectations,EMP-00780,Lagos Island,34335784370,19871397-9313
EMP-00673,Tolu,Garba,female,28.09.1987,tolu.garba@g-tech.com.ng,714365016,Ondo,FINANCE,Internal Auditor,Part-Time,Active,12-Aug-20,,228.0K,Fidelity Bank,"8,989,445,095",B.A,5 yrs,20,Meets Expectations,EMP-00930,LAGOS HQ,99165872363,NIL
EMP-01298,Obinna,Obi,male,12/22/1994,obinna.obi@gtechsolutions.ng,2.34E+11,Cross River,Legal,n/a,Full Time,Active,11-Apr-18,,257000,Ecobank,1822785581,M.Sc,20,20,Meets Expectations,EMP-00128,GRA PH,69815556139,16894383-6092
EMP-00727,NIYI, Lawal,MALE,18/10/1988,niyi.lawal@gtechsol.ng,2.34E+12,Nasarawa,Executive Dept,Chief Operating Officer,CONTRACT,Terminated,1/21/2021,1/8/2022,3442000 NGN,Keystone Bank,"3,138,806,004",Unknown,13,14,Exceeds Expectations,,LAGOS HQ,24716491916,Unknown
EMP-01234,Niyi,Haruna,male,02.12.2000,nharuna@gtechsolutions.ng,2.34E+12,Oyo,Operations,Operations Manager,part-time,Active,10/14/2020,,211.0K,Keystone Bank,2589291624,OND,12,12,5,EMP-01392,Lagos Island,43490934269,64929253-4631
EMP-00897,Yemi ,Nwofor,MALE,7/21/1999,yemi.nwofor@gtech-solutions.ng,2.34E+12,Benue,OPERATIONS,Operations Coordinator,PART-TIME,Active,29-Sep-22,,142000 NGN,Zenith Bank,6775144921,OND,24,7,4,EMP-00049,Lagos Island,74968757446,50878249-5144
EMP-01168,Funmilayo ,adeleke,female,22/09/1982,funmilayo@gtechsolutions.com.ng,2.34E+12,Lagos,Legal Dept,Legal Manager,Full-Time,Active,4-Nov-23,,674000 NGN,GTBank,8440706744,OND,24,7,4,n/a,VI Office,29442472226,74271558-3445
EMP-01282,Adaora,adeola,f,24-Sep-98,adaora@gtechsol.ng,0072-505-6587,Benue,Customer Service Dept,CS Team Lead,Contractor,Active,10-Jul-24,,"N81,000",Access Bank,4074957000,MBA,3,5,1,EMP-01457,lagos hq,,15323616-8489
EMP-00854,tunde,nwofor,m,7/11/1996,tunde_nwofor@gtechsolutions.com.ng,787064821,Oyo,marketing,Brand Manager,FT,Inactive,5/10/2024,,356.0K,Fidelity Bank,5708721296,OND,Not Available,15,Outstanding,EMP-00832,Lagos Island,71181320723,25928981-2429
EMP-00701,Bola,Nwofor,f,20/11/1982,bola@gtechsolutions_com_ng,785565868,Plateau,supply chain,Procurement Officer,full-time,NIL,4/30/2021,,"N214,000",Access Bank,1948892092,MBA,1,14,NIL,EMP-00918,Ikeja,98166881303,83225650-5817
EMP-01436,Segun,Nwofor,male,18-Dec-92,segun.nwofor@gtech-solutions.ng,2.34E+12,Bayelsa,Legal Dept,Legal Manager,Full Time,Active,11/19/2021,,214000 NGN,Stanbic IBTC,"3,513,210,146",B.A,17,5,C,EMP-00158,Abuja Office,55979422341,51083036-3645
EMP-00019,bolu,Garba,m,14/11/1984,bolu.garba@gtechsol.ng,804713925,Edo,Finance,Finance Manager,Part Time,Active,4/13/2018,,"#467,000",Ecobank,2595467139,OND,5,2,C,Not Available,Kano Office,35158506431,71031132-2501
EMP-00339, Kelechi,Eze,male,07.07.1983,kelechi.eze@gtechsolutions.com.ng,2.34E+11,Osun,Human_Resources,HR Business Partner,FULL-TIME,Active,27.07.2022,,"#199,000",Fidelity Bank,6174162427,M.Sc,10+ years,5,3,EMP-01194,Port Harcourt Branch,17741743043,17844402-3542
EMP-00144, Shade,Garba,Female,7-Jul-92,garba.shade@gtechsolutions.com.ng,2.34E+12,Ekiti,Technology Dept,IT Support,Contract,Terminated,1/23/2025,10/5/2025,837000,n/a,1597579155,MBA,7,20,Good,EMP-00023,lag hq,62128671632,51574904-8081
EMP-01137,Amaka,Nzeka,F,5/11/1996,amaka@g-tech.com.ng,2.34E+12,Unknown,technology,DevOps Engineer,Contract,Active,9/23/2024,,395.0K,Keystone Bank,2974829288,OND,22,20,2,EMP-01311,Kano Office,5128163799,21980741-8547
EMP-00509,Adaora,Ogundele,FEMALE,12/3/1978,adaora509@gtech-solutions.ng,2.34E+12,Abuja,Marketing Dept,Content Strategist,full-time,Active,6/16/2019,,"??276,000",Access Bank,171267933,OND,1 year,7,Exceeds Expectations,EMP-00602,Ikeja,9863615276,84041922-5617
EMP-00657,Uchechi, Fashola,FEMALE,2/14/1998,uchechi_fashola@gtech-solutions.ng,2.34E+12,Nasarawa,supply chain,Procurement Officer,Full Time,Active,06.02.2021,,"#346,000",Fidelity Bank,4062492186,MBA,23,0,Outstanding,EMP-01151,GRA PH,34577661388,
EMP-00374, Blessing,Lawal,Female,6/1/1975,blessing.lawal@gtechsolutions.com.ng,2.34E+11,Osun,Legal,Compliance Officer,CONTRACT,Active,9/30/2020,,"#644,000",Sterling Bank,8294082359,B.Eng,11,2,Average,EMP-01010,Abuja Office,95978155426,95831138-1747
EMP-01405,Oluwatobi ,Abdullahi,MALE,19.07.1983,abdullahi.oluwatobi@gtechsol.ng,2.34E+11,Rivers,operations,Process Analyst,part-time,Inactive,4/17/2025,,290000,Polaris Bank,4307547112,Unknown,5,10,,EMP-00025,Kano Office,46227928172,47050271-4970
EMP-00716,Sola , Garba,male,11-Mar-77,sola_garba@gtechsolutions.ng,0087-349-1753,Nasarawa,sales,Account Manager,PT,Active,14-Jul-24,,NGN 191000,First Bank,152715631,B.Sc,9,10,Exceeds Expectations,EMP-01013,Kano Office,73742142094,68960108-4906
EMP-00103,ebele,fashola,Ms,7/22/1979,ebele.fashola@g-tech.com.ng,0089-304-3299,Abuja,technology,Data Analyst,contract,On Leave,13/05/2025,,472000,Access Bank,"3,660,290,823",HND,22,12,Average,EMP-00128,VI Office,44271739627,82562419-8065
EMP-01291, Dupe,fayemi,female,13.04.1993,dupe.fayemi@gtechsolutions.com.ng,764664299,Lagos,sales,Business Development Officer,Contract,Active,1/8/2021,,NGN 454000,First Bank,836880993,B.Sc,22,7,C,EMP-00272,Lagos HQ,61803038794,Not Available
EMP-01460,Muyiwa,Nzeka,m,2/4/1985,muyiwa@gtech-solutions.ng,863772819,Plateau,Technology Dept,DevOps Engineer,Full-Time,,16-Aug-22,,888000,UBA,482315724,M.Sc,19,N/A,Average,EMP-00892,lagos hq,82055641990,Unknown
EMP-00326, Adekunle,Adeola ,Male,1/21/1996,adekunle.adeola@g-tech.com.ng,2.34E+12,Lagos,CUSTOMER SERVICE,CS Team Lead,PART-TIME,Active,15/02/2023,,181000,Ecobank,5541675054,OND,1,20,Average,EMP-00803,GRA PH,31670805685,66060603-7443
EMP-00033,Oluwaseun,Nwosu,m,5/16/1993,nwosu.oluwaseun@gtechsolutions.com.ng,757592683,Plateau,Operations,Process Analyst,Full-Time,Inactive,5-Sep-21,,"N273,000",Keystone Bank,2962750929,SSCE,24,14,N/A,Not Available,Lekki,36897028385,74205866-9609
EMP-00151, Lola,Suleiman,f,1/6/1984,lola.suleiman@gtechsolutions.ng,+234 074 551 3429,Ekiti,Supply_Chain,Warehouse Manager,FT,Active,2/18/2025,,296000,UBA,8447187410,B.Sc,4,7,Good,EMP-00393,lag hq,n/a,74142265-8949
EMP-01052,Gbenga,ogundimu,M,27/06/1985,gogundimu@gtechsolutions.com.ng,2.34E+12,n/a,SALES,Sales Manager,part-time,Active,3/26/2024,,"#337,000",Access Bank,144063434,B.Sc,20,20,5,EMP-00423,Port Harcourt Branch,NIL,#N/A
EMP-00147,CHINEDU,Balogun,Mr,6/11/1978,chinedu147@gtechsol.ng,2.34E+13,Lagos,Human_Resources,HR Officer,CONTRACT,Active,16-Sep-18,,179000,Not Available,5357501856,OND,3,10,n/a,EMP-00842,GRA PH,18924195625,
EMP-01128,AMAKA, Okafor,f,12/16/1980,amaka.okafor@gtechsolutions.ng,901498094,Lagos,Technology,Software Developer,CONTR,Active,26-Nov-21,,399000,UBA,"5,412,555,267",Ph.D,24,2,C,EMP-00147,Port Harcourt Branch,94401305972,37130963-5064
EMP-00987,BIODUN,Okwu ,m,5/26/1994,biodun_okwu@gtechsolutions_com_ng,2.34E+12,Cross River,legal,Legal Officer,contract,On Leave,7/25/2019,,"??223,000",#N/A,5990177741,Ph.D,12,0,3,EMP-00607,Ikeja,4147140887,87360963-6722
EMP-00122,Chinwe,Nzeka,FEMALE,12/27/1994,chinwe_nzeka@gtech-solutions.ng,733690114,Benue,legal,Compliance Officer,Part Time,n/a,27.09.2022,,619000 NGN,Access Bank,7406767748,B.Eng,23,5,C,EMP-00655,lag hq,42954316526,
EMP-01174,Emeka,OBI,M,05.11.1996,emeka174@gtechsolutions.com.ng,2.34E+12,Kano,Finance,Accountant,PART-TIME,Terminated,12-Jul-18,01.05.2025,"N430,000",Fidelity Bank,4251514862,#N/A,3,10,5,EMP-00489,Abuja Office,72507623327,59987638-1647
EMP-00721,JOKE,Ogundimu,f,26-Jul-82,joke@g-tech.com.ng,+234 080 325 4885,Benue,Operations,Process Analyst,Part-Time,Active,8-Aug-21,,"??327,000",Keystone Bank,"3,053,775,122",M.Sc,1,20,C,EMP-00539,Lekki,78174420540,95341306-6923
EMP-00452,Ngozi,Suleiman,Ms,6/1/1976,suleiman.ngozi@gtech-solutions.ng,795091208,Kaduna,EXECUTIVE,Chief Operating Officer,full-time,Terminated,14-May-25,6/13/2025,"??1,831,000",Zenith Bank,8088604632,SSCE,25,7,D,,Ikeja,95450380162,57132448-2801
EMP-00058,Funmilayo,Fashola,FEMALE,03.05.1996,funmilayo_fashola@g-tech.com.ng,0073-617-3311,Anambra,Executive,Chief Technology Officer,contract,Suspended,10-Apr-21,,2739000,GTBank,"1,110,533,960",M.Sc,23,2,Needs Improvement,,Kano Office,68687937416,14661179-9226
EMP-01393,chidinma,NWOFOR,FEMALE,1/20/1989,nwofor.chidinma@gtechsolutions.com.ng,2.34E+13,Enugu,Customer_Service,Customer Service Rep,Contract,Terminated,9/4/2022,24.10.2023,157000,First Bank,"8,443,895,283",#N/A,14,14,Needs Improvement,EMP-00289,Lagos HQ,#N/A,24711415-8064
EMP-00549,Oluwatobi,Adeyemi,male,3-Aug-90,oadeyemi@gtechsolutions.com.ng,2.34E+11,Ogun,Marketing Dept,Digital Marketing Officer,PT,Active,23-Nov-20,,333.0K,FCMB,800334169,n/a,3,14,Outstanding,EMP-00307,Wuse II,97421736838,17429594-6322
EMP-01476,Ayo, Okonkwo,M,28.01.1982,ayo_okonkwo@gtechsolutions.ng,2.34E+11,Plateau,Supply_Chain,Procurement Officer,CONTRACT,Active,8/29/2021,,NGN 381000,Stanbic IBTC,4450385718,B.Sc,20,20,Exceeds Expectations,EMP-00563,Ikeja,NIL,85686371-8260
EMP-00158,ifeanyi,Fayemi,M,5/5/1999,fayemi.ifeanyi@gtechsol.ng,726525702,Bayelsa,customer service,Customer Service Rep,Contract,Active,27/03/2019,,184000,First Bank,"5,627,932,902",B.Sc,4,21,Needs Improvement,EMP-00203,Port Harcourt Branch,NIL,30869686-3070
EMP-00500,Omowunmi,Nzeka,FEMALE,6/13/1978,onzeka@gtech-solutions.ng,2.34E+12,Anambra,TECHNOLOGY,IT Support,part-time,On Leave,25/12/2024,,"N781,000",Ecobank,2313042822,MBA,5,21,Good,#N/A,Lagos HQ,65737624266,28578556-3062
EMP-00299,Taiwo,Adeleke ,Female,2-Aug-79,adeleke.taiwo@gtechsolutions.com.ng,2.34E+12,Benue,technology,Data Analyst,PT,Active,5/6/2022,,"??383,000",Fidelity Bank,7655889245,SSCE,1,5,2,EMP-00220,Lagos Island,20340301095,64430657-9132
EMP-01043,kayode,Adewale,MALE,5/19/1999,kayode_adewale@gtech-solutions.ng,2.34E+12,Anambra,Supply Chain Dept,Logistics Coordinator,Part Time,Active,4/14/2018,,180000 NGN,Stanbic IBTC,175404913,Not Available,NULL,14,B,EMP-00291,Lekki,94718916680,N/A
EMP-00316,Wale,Akintola ,Male,9/22/1978,wakintola@g-tech.com.ng,2.34E+11,Ogun,Marketing,Marketing Analyst,Part Time,Active,1/5/2019,,200000,GTBank,727310315,B.A,#N/A,12,Outstanding,EMP-01134,Lagos Island,5682092257,87111120-1295
EMP-00059,Chidi,ogundele,Male,9/13/1987,chidi_ogundele@gtech-solutions_ng,2.34E+11,Anambra,OPERATIONS,Operations Manager,full-time,Active,11/19/2022,,185000 NGN,First Bank,1541964762,B.Eng,25,2,Below Average,EMP-01097,Lekki,79970246299,63917932-1635
EMP-01482,Wale ,NWACHUKWU,MALE,4-Jun-97,wale_nwachukwu@gtechsol.ng,801787330,Anambra,marketing,Brand Manager,FT,N/A,4/4/2019,,"#344,000",FCMB,616021638,B.A,5,12,Exceeds Expectations,EMP-00174,Lagos - Head Office,47822132588,NULL
EMP-00971,Niyi ,Obi,Mr,21-Jul-96,obi.niyi@gtechsolutions.com.ng,2.34E+11,Lagos,marketing,Marketing Analyst,CONTR,Active,17-Feb-21,,234.0K,GTBank,5921993838,B.Eng,22,15,D,EMP-01230,lagos hq,3533635921,73110143-3941
EMP-01273,Femi ,usman,Mr,7/15/1988,fusman@gtechsol.ng,2.34E+12,Benue,Customer Service Dept,Customer Service Rep,FULL-TIME,Active,6-May-19,,120000 NGN,Stanbic IBTC,1353651919,SSCE,16,20,D,EMP-00165,GRA PH,24818706337,71176349-5287
EMP-00191,Titilayo,ADEYEMI,Ms,27-Jun-99,tadeyemi@g-tech.com.ng,791525229,Cross River,Customer Service,CS Manager,FULL-TIME,Active,27.05.2025,,"??93,000",Access Bank,1963998771,B.Eng,22,20,Meets Expectations,EMP-00781,Kano Office,4413845960,58545863-5403
EMP-01435,Damilola ,Akintola ,male,1/19/1990,akintola.damilola@gtechsolutions.com.ng,2.34E+11,Plateau,Sales,Sales Manager,PT,Active,8/30/2022,,NGN 302000,First Bank,270262182,TBD,22,0,5,EMP-01014,Lekki,92875045328,50582289-9881
EMP-00271,Yemi,ibrahim,M,5/9/1979,yemi.ibrahim@gtechsolutions.ng,718696507,Benue,Legal,Compliance Officer,PART-TIME,Active,12.10.2019,,"N655,000",Access Bank,"2,082,809,647",B.Eng,9,7,n/a,EMP-01322,Kano Office,88214584148,N/A
EMP-00499,Chidi ,yusuf,M,12-Nov-92,chidi.yusuf@gtechsolutions.com.ng,2.34E+12,Edo,Operations,Facilities Manager,Contract,Terminated,1/18/2023,19/11/2023,211000,Zenith Bank,202338304,M.Sc,10,10,D,EMP-01194,Lekki,91883124977,96672985-8114
EMP-01088,Dupe ,Ogundele,Ms,10/21/1981,dupe088@gtechsolutions.ng,2.34E+12,Kano,MARKETING,Content Strategist,part-time,Active,10-Apr-18,,"??178,000",TBD,9384274763,MBA,21,10,Good,EMP-01064,Lagos - Head Office,TBD,34692008-7922
EMP-01102,Taiwo,Nzeka ,female,21.02.1989,nzeka.taiwo@gtechsol.ng,851395920,Plateau,Finance,Treasury Officer,Full Time,n/a,8/26/2023,,577.0K,UBA,6279199367,MBA,21,21,Average,EMP-01397,LAGOS HQ,45240558972,58755757-2038
EMP-00415,Chidinma,Nwofor,F,9/18/1986,chidinma.nwofor@gtechsolutions.com.ng,2.34E+11,Edo,Legal,Legal Officer,Part-Time,Active,12/5/2024,,649.0K,Zenith Bank,3764702488,SSCE,4,14,Needs Improvement,EMP-00077,Ikeja,79780234456,45353565-7750
EMP-00682,Ngozi,Aliyu,F,21/09/1990,ngozi.aliyu@gtechsol.ng,2.34E+11,Kaduna,Operations,Operations Officer,Contract,Active,11/8/2022,,"#291,000",First Bank,9929387132,Ph.D,17,21,5,EMP-00267,lag hq,72487641261,99858938-6964
EMP-00546,NNAMDI,Ajayi,m,28/08/1999,nnamdi.ajayi@gtechsol.ng,2.34E+12,Rivers,operations,Operations Manager,FULL-TIME,Active,13/03/2020,,"??367,000",Sterling Bank,1897508886,B.Eng,13,21,Outstanding,EMP-00508,Ikeja,71580097140,36561786-5090
EMP-00937,Kayode,Okafor,male,10/27/1984,kayode.okafor@gtechsolutions.com.ng,793460948,Kaduna,Technology,Product Manager,CONTR,Active,3/18/2023,,"N852,000",Access Bank,"6,564,405,119",#N/A,12,2,Good,EMP-00908,lag hq,70616684648,28184531-1507
EMP-00209, Oluwakemi,Akintola,FEMALE,10/8/1976,oluwakemi.akintola@gtechsolutions.com.ng,2.34E+12,Osun,LEGAL,Compliance Officer,FT,Active,29-Jan-18,,678000 NGN,Fidelity Bank,8557470772,B.Sc,12,15,Good,EMP-00732,Wuse II,32181227645,92844702-4999
EMP-00036,CHUKWUEMEKA,adeola,MALE,13.03.1984,chukwuemeka@g-tech.com.ng,2.34E+11,Cross River,Customer Service Dept,CS Team Lead,CONTRACT,Active,6/4/2024,,247000,UBA,9392515666,Ph.D,16,7,Average,EMP-01082,Abuja Office,10883982258,NIL
EMP-00075,NKIRUKA,Chukwu ,Ms,05.03.1993,nkiruka.chukwu@g-tech.com.ng,2.34E+12,Ogun,human resources,Learning & Development Officer,Part Time,Active,13-May-20,,"??340,000",FCMB,"5,781,753,301",B.A,20,15,C,EMP-01194,Port Harcourt Branch,84257991366,12222998-4315
EMP-00922,TOLU, Fashola,F,25-Apr-97,tolu.fashola@gtechsol.ng,794609285,Bayelsa,executive,Chief Financial Officer,Contractor,Active,5-Jun-19,,"??2,322,000",Sterling Bank,516862710,SSCE,21,5,3,,Ikeja,61080103022,28774471-4434
EMP-01129,kayode,Aliyu ,Male,11/5/1997,kayode129@gtechsol.ng,878330359,Cross River,Legal Dept,TBD,Contract,Terminated,9-Oct-22,4/12/2024,441000 NGN,Ecobank,1848828153,B.Eng,24,5,Needs Improvement,EMP-00236,Lagos HQ,45982781470,68319000-5933
EMP-00904,Nneka,Okonkwo,Ms,12/9/1990,nneka@gtechsol.ng,0089-247-1016,NULL,sales,Senior Sales Rep,PART-TIME,Terminated,26/10/2021,16.08.2023,"N497,000",Keystone Bank,"5,466,712,681",Ph.D,16,10,B,NULL,Lagos Island,64308132225,59746694-1312
EMP-00251,Chukwuemeka,Obi,male,5/28/1989,obi.chukwuemeka@gtechsolutions.com.ng,2.34E+12,Nasarawa,EXECUTIVE,Chief Executive Officer,Part-Time,Active,30-Jan-21,,"N2,389,000",NULL,988671515,NULL,22,15,D,,Abuja Office,22990775608,Unknown
EMP-01246,KEHINDE,Adeyemi,female,1/26/1995,kehinde.adeyemi@gtechsolutions.ng,813960560,Imo,Marketing Dept,Content Strategist,Full-Time,Active,11-Jun-22,,NGN 328000,,2960332109,MBA,NIL,15,3,EMP-00294,Lekki,52059354157,41537171-9124
EMP-00876,Dele,Abdullahi,Mr,6/7/1990,dele.abdullahi@gtechsolutions.ng,741730932,Kano,human resources,Recruitment Specialist,full-time,Suspended,7/29/2020,,363000,Zenith Bank,6531797281,M.Sc,4,20,Meets Expectations,EMP-01312,VI Office,82632189451,84728817-9574
EMP-01384,GBEMI,Eze,MALE,6-Mar-85,gbemi384@gtechsolutions.com.ng,0084-378-3786,Ekiti,Technology,Not Available,Full-Time,Active,10/7/2018,,"#866,000",UBA,7200865273,SSCE,17,Unknown,4,EMP-00407,Wuse II,99172352881,22855074-4118
EMP-01187,Muyiwa,Akintola,m,8/4/2000,akintola.muyiwa@gtech-solutions.ng,2.34E+12,Abuja,LEGAL,Legal Officer,Full-Time,Active,5/1/2023,,"#482,000",GTBank,4568966831,M.Sc,22,7,Outstanding,EMP-00349,GRA PH,6359312151,16242354-1496
EMP-00892,Tunde,afolabi,MALE,7-Nov-82,tafolabi@g-tech.com.ng,2.34E+12,Ondo,Marketing Dept,Brand Manager,Full Time,Suspended,23/06/2020,,189.0K,Fidelity Bank,"8,903,905,660",HND,18,15,4,EMP-01402,Kano Office,89105482562,74949243-4488
EMP-00455, Kayode,Taiwo,Mr,2-Sep-92,taiwo.kayode@g-tech.com.ng,+234 073 390 6541,Bayelsa,sales,Sales Manager,Contractor,Active,9/12/2022,,"#466,000",Stanbic IBTC,3318650511,M.Sc,6,7,3,EMP-00741,Ikeja,29911549044,21419363-9541
EMP-00870,Amaka,Adeyemi,Ms,21-Sep-80,adeyemi.amaka@gtech-solutions.ng,2.34E+12,Unknown,Marketing,Marketing Analyst,PT,Active,25.09.2024,,216.0K,Fidelity Bank,"6,188,049,277",Ph.D,2,15,D,EMP-00005,lag hq,96061694135,33063373-9879
EMP-01212,oluwatobi, Ogundimu,MALE,12/1/1991,oluwatobi.ogundimu@g-tech.com.ng,2.34E+12,Enugu,Technology,Software Developer,Part-Time,Active,2/8/2025,,833000,TBD,"8,962,695,259",B.A,3,12,A,EMP-00688,Kano Office,12552500308,72548277-4283
EMP-01295,Bisi ,Nzeka,f,06.05.1997,bisi.nzeka@g-tech.com.ng,877690724,Imo,SUPPLY CHAIN,Supply Chain Analyst,Part-Time,Active,27/09/2018,,NGN 300000,Keystone Bank,2362346361,M.Sc,10,15,Exceeds Expectations,EMP-00613,VI Office,70207397016,26727478-7929
EMP-00497,BOLU, Nzeka,male,3/18/1999,bolu.nzeka@g-tech.com.ng,2.34E+12,Not Available,TECHNOLOGY,DevOps Engineer,CONTRACT,Active,23-Jun-24,,557.0K,Sterling Bank,4510852953,B.A,6,0,Exceeds Expectations,EMP-00751,Abuja Office,87921046627,12403362-2600
EMP-01005, Bisi,Nwofor,F,25.05.1988,bnwofor@gtechsol.ng,2.34E+12,Plateau,Legal Dept,Compliance Officer,Full-Time,Terminated,4-Nov-23,18-Nov-24,577.0K,Ecobank,298491104,N/A,12,14,B,EMP-01278,Abuja Office,52792008546,23681900-7920
EMP-00828,Sola,Adewale ,Male,10/12/1981,sola@gtechsolutions.com.ng,708681552,Osun,Human_Resources,Learning & Development Officer,Contractor,Active,13/06/2021,,309.0K,Keystone Bank,"5,759,040,834",B.A,21,14,4,EMP-00927,Lekki,24741516329,65800118-2054
EMP-00508,Ronke,Nwofor,female,9/16/1991,ronke_nwofor@gtech-solutions.ng,+234 076 932 1087,Ogun,SALES,Sales Executive,Contractor,Active,4/27/2024,,"??401,000",N/A,"9,724,584,843",HND,10,7,Exceeds Expectations,EMP-01463,Ikeja,96546628973,80044065-7186
EMP-00372,adunola,Okonkwo,female,4/22/1979,adunola@g-tech.com.ng,2.34E+12,Cross River,Legal,Company Secretary,part-time,Inactive,4-Apr-19,,"N254,000",TBD,4266119897,OND,1,10,Needs Improvement,EMP-00721,Wuse II,24432362216,61600243-7265
EMP-00006,Blessing,balogun,f,9-Mar-92,bbalogun@g-tech.com.ng,733253031,Delta,Marketing Dept,Digital Marketing Officer,FT,Active,3/21/2024,,"??469,000",Polaris Bank,831664825,SSCE,10+ years,10,D,EMP-00876,Abuja Office,28059826204,15354599-6862
EMP-01258,Ifeoma,adesanya,Ms,14/05/1984,iadesanya@gtechsolutions.ng,0079-791-4123,Delta,legal,Legal Manager,contract,Active,31.01.2020,,"#546,000",Ecobank,"2,875,416,232",M.Sc,4,10,C,EMP-01200,lagos hq,59607124084,61353675-6876
EMP-01055,Wale,Fashola,Male,22-Sep-80,wale.fashola@gtechsolutions.ng,+234 079 395 6857,Imo,Legal,Legal Manager,Contract,On Leave,5/27/2023,,294000,FCMB,6258160573,B.A,17,10,Good,EMP-01130,lag hq,61040867325,62714953-9246
EMP-00928,Niyi,TAIWO,M,4/15/1995,taiwo.niyi@gtechsolutions.ng,2.34E+12,Kano,Human Resources Dept,HR Manager,Full-Time,Active,6/9/2020,,NGN 372000,Polaris Bank,1235689031,MBA,5 yrs,14,C,EMP-00515,Abuja Office,31151968394,50417759-3586
EMP-00254, Niyi, Taiwo,M,27-Apr-84,niyi@g-tech.com.ng,2.34E+12,Plateau,Finance,Treasury Officer,Part Time,Active,3/29/2021,,296000,Fidelity Bank,"5,565,268,364",Ph.D,23,12,D,EMP-00356,lagos hq,33952753674,71616570-9804
EMP-00403, Bolu,ogundimu,m,23-Jun-00,bolu.ogundimu@g-tech.com.ng,787129838,Kaduna,FINANCE,Finance Analyst,Contract,Active,12/22/2020,,"#372,000",Stanbic IBTC,"6,696,832,837",B.A,7,14,Needs Improvement,EMP-00661,Ikeja,87680570237,21905405-9881
EMP-00819,Taiwo,Adesanya,Female,11/7/1995,taiwo@gtech-solutions.ng,2.34E+12,Kano,Marketing Dept,Marketing Executive,Full-Time,Active,14/11/2020,,319000,GTBank,2865845787,B.A,5 yrs,0,2,EMP-01484,Lagos Island,88609692533,23305600-1244
EMP-00621,Bola,Oduya,FEMALE,2/5/1980,bola.oduya@gtechsol.ng,733365308,Benue,Executive Dept,Chief Financial Officer,part-time,Suspended,3-May-20,,NGN 2832000,FCMB,5122677238,M.Sc,25,NIL,Excellent,,Ikeja,36903034136,35373612-3048
EMP-00479, Kelechi,ADESANYA,male,25.02.1985,kelechi.adesanya@gtech-solutions.ng,2.34E+12,Imo,Human Resources Dept,HR Business Partner,CONTR,Active,08.02.2021,,358000 NGN,Access Bank,9255377751,B.A,15,0,4,EMP-00263,GRA PH,NIL,44339270-9364
EMP-01343,Obinna,Babatunde,M,12/1/1980,obinna343@gtechsolutions.com.ng,851339533,Imo,CUSTOMER SERVICE,Customer Service Rep,Part Time,Terminated,24/01/2021,03.10.2024,"#182,000",Keystone Bank,5642224446,B.A,13,20,Excellent,,Lagos - Head Office,32663456450,45592259-1545
EMP-00124,Niyi,Adegoke,M,3-Mar-89,niyi_adegoke@g-tech.com.ng,0071-400-9366,Lagos,Executive Dept,Chief Executive Officer,CONTRACT,Active,2/28/2022,,3091000 NGN,UBA,693108215,B.Eng,20,10,C,,Ikeja,28703203207,Unknown
EMP-01434,Dele,Oduya,MALE,04.04.1996,dele.oduya@gtech-solutions.ng,2.34E+13,Kano,sales,Account Manager,Part Time,Active,09.12.2023,,"N262,000",UBA,294937005,OND,,14,A,EMP-01349,Lekki,56880109997,45327929-9752
EMP-00298,KEHINDE,Taiwo ,FEMALE,26-Nov-95,kehinde.taiwo@g-tech.com.ng,0076-999-5078,Kaduna,Supply Chain Dept,Warehouse Manager,Contract,Active,2/28/2020,,"#292,000",First Bank,1919506215,Ph.D,19,5,2,EMP-00036,GRA PH,55610399529,12293584-2592
EMP-00923,Yetunde ,Afolabi ,FEMALE,5-Nov-82,yetunde.afolabi@gtechsol.ng,2.34E+11,Bayelsa,finance,Finance Manager,Full-Time,Active,25/03/2024,,312000 NGN,Keystone Bank,1964046033,OND,15,20,Average,EMP-01309,GRA PH,26842326355,65636063-1665
EMP-01327,Chioma, Yusuf,FEMALE,6/11/1975,chioma_yusuf@g-tech.com.ng,2.34E+12,Cross River,Marketing,Digital Marketing Officer,CONTRACT,Active,5-Aug-20,,275000 NGN,Sterling Bank,1765348545,B.Eng,6,2,Needs Improvement,EMP-01042,Abuja Office,99909101026,N/A
EMP-00138,Muyiwa,HARUNA,m,9-Jan-82,muyiwa_haruna@g-tech_com_ng,849314364,n/a,Technology Dept,Product Manager,part-time,Active,25.07.2022,,"??780,000",Polaris Bank,379185779,MBA,7,10,TBD,EMP-00050,LAGOS HQ,43173505831,93156815-8184
EMP-01141, Chinedu,SULEIMAN,Male,27/07/1991,chinedu.suleiman@g-tech.com.ng,2.34E+12,Enugu,supply chain,Warehouse Manager,Full Time,Active,06.02.2024,,264.0K,Zenith Bank,141866030,Ph.D,1,10,Good,EMP-00491,Lekki,54894338053,65162610-4789
EMP-00143,Tunde ,Chukwu,M,26-Jun-84,tunde.chukwu@gtechsolutions.ng,2.34E+12,Abuja,FINANCE,Senior Accountant,CONTR,Active,9/10/2021,,"#561,000",Keystone Bank,6155277595,OND,18,15,Average,EMP-00385,lagos hq,77805292407,57601987-6567
EMP-01145,Okechukwu ,YUSUF,M,21-Jun-94,oyusuf@g-tech.com.ng,2.34E+12,Ondo,Supply_Chain,Warehouse Manager,contract,Active,6/4/2021,,"#380,000",Ecobank,3748762866,MBA,21,21,2,EMP-00410,Kano Office,32640819444,#N/A
EMP-00118,DOTUN,Fayemi,M,10/13/1990,dotun.fayemi@gtech-solutions.ng,2.34E+11,Imo,OPERATIONS,Process Analyst,CONTRACT,Active,18-Mar-24,,"??350,000",Polaris Bank,"4,281,402,873",B.A,12,0,4,EMP-00640,lagos hq,41520850769,Unknown
EMP-00507,Adunola, Suleiman,F,17/02/1982,asuleiman@gtechsolutions.ng,2.34E+12,Edo,CUSTOMER SERVICE,CS Manager,Part Time,Active,12/22/2021,,169.0K,GTBank,1433689712,B.Eng,16,n/a,Below Average,EMP-01409,Abuja Office,26154872012,17727857-3269
EMP-00382,Sade,Lawal ,F,06.04.1976,sade.lawal@gtechsolutions.com.ng,759943029,Lagos,Finance Dept,Finance Analyst,FT,Active,4/19/2018,,483000,Stanbic IBTC,2828468280,B.A,2,15,D,EMP-00535,Port Harcourt Branch,42218834581,10996386-5956
EMP-00526,Obinna,Musa,MALE,11/21/1978,musa.obinna@gtechsol.ng,902641846,Anambra,SUPPLY CHAIN,Supply Chain Analyst,CONTR,Active,5/12/2020,,346000,UBA,3908511057,B.A,n/a,14,1,EMP-01136,Lagos - Head Office,23126532735,54428021-2947
EMP-00153,Yetunde,lawal,FEMALE,9/8/1996,ylawal@gtechsol.ng,+234 084 381 9458,Anambra,TECHNOLOGY,DevOps Engineer,PT,Active,12/23/2018,,811000 NGN,FCMB,"3,167,397,784",M.Sc,22,5,Exceeds Expectations,EMP-01417,Kano Office,91566863341,24949509-2460
EMP-00231,Chiamaka,Adesanya,Female,5/1/1991,chiamaka231@gtechsolutions.com.ng,812368490,Delta,TECHNOLOGY,IT Support,full-time,Not Available,3-Dec-20,,482000 NGN,Not Available,6377359759,B.Sc,20,20,A,EMP-01400,GRA PH,27282709081,NULL
EMP-01379,BOLU,Onuoha,M,8/8/1976,bolu_onuoha@g-tech.com.ng,2.34E+13,Bayelsa,HUMAN RESOURCES,HR Officer,Contract,Active,12/13/2024,,"N155,000",Polaris Bank,5536470155,OND,8,20,Average,EMP-01416,Kano Office,66391890091,10078828-8813
EMP-00201,Oluwakemi,yusuf,Female,06.08.1988,oluwakemi_yusuf@g-tech.com.ng,0075-431-1279,Benue,Finance,Accountant,Full-Time,Active,26-Oct-19,,242000 NGN,FCMB,"5,627,846,358",M.Sc,12,5,Meets Expectations,EMP-01258,VI Office,47735228705,
EMP-01463,Obinna,Babatunde,Mr,8/28/1980,obinna_babatunde@gtech-solutions.ng,796807029,Anambra,Customer Service Dept,Customer Service Rep,PT,Active,12/4/2020,,195000,Zenith Bank,2759434936,M.Sc,5,12,Unknown,EMP-00287,Kano Office,83523391998,66110029-3267
EMP-00142,Oluwakemi,AKINTOLA,female,4/15/1982,oluwakemi_akintola@gtechsol.ng,2.34E+13,Delta,Legal,Legal Manager,Contractor,Active,3/6/2023,,453000,Fidelity Bank,"8,355,075,124",SSCE,NIL,21,D,EMP-00838,Ikeja,60273415148,96389831-2280
EMP-00071,Uche ,GARBA,MALE,2/6/1997,uche.garba@gtechsolutions.com.ng,0090-220-9981,Rivers,Supply Chain,Procurement Officer,Full Time,Active,22-Apr-20,,"#342,000",First Bank,432251055,B.Eng,1 year,21,Good,EMP-00149,Wuse II,49147660728,62478133-9941
EMP-00361,uzoamaka,Onuoha ,female,18-May-99,uzoamaka361@gtechsolutions.com.ng,2.34E+12,Anambra,Finance,Internal Auditor,CONTR,Active,3/19/2025,,498000,Zenith Bank,645771198,OND,6,10,5,EMP-00205,lag hq,NIL,63600694-8350
EMP-00777, Chukwuemeka,Taiwo,m,25/04/1993,ctaiwo@g-tech.com.ng,0077-845-2935,Ekiti,Sales,Senior Sales Rep,FULL-TIME,Active,12/13/2019,,462.0K,GTBank,708789637,SSCE,8,5,N/A,EMP-01048,lag hq,56230678019,75929505-1612
EMP-00465,Jok3, Adeyemi,Female,11/8/1988,joke_adeyemi@gtechsol.ng,753864474,Kano,LEGAL,Company Secretary,full-time,Active,1/9/2020,,533000 NGN,Polaris Bank,3821202205,Ph.D,9,0,3,#N/A,Ikeja,11861564099,51463789-9109
EMP-00634,Oluwaseun ,Adegoke,m,9/23/1998,oluwaseun634@gtechsolutions.ng,0086-764-1354,Bayelsa,Finance Dept,Senior Accountant,Contractor,Suspended,7/17/2018,,"N625,000",FCMB,8488903450,B.Sc,14,12,Average,EMP-00614,lag hq,83318380169,45950912-8682
EMP-01064,Bolu,Ogundele,Male,6/7/1994,bogundele@gtechsol.ng,2.34E+13,Cross River,Technology,Software Developer,Part-Time,Active,4/8/2019,,728000,Stanbic IBTC,6186742914,n/a,4,20,Needs Improvement,EMP-00776,LAGOS HQ,51193883090,Unknown
EMP-01233,Kunle,Nwofor ,MALE,11/2/1990,kunle233@g-tech.com.ng,2.34E+13,Lagos,Human_Resources,Learning & Development Officer,full-time,n/a,3-May-22,15.07.2024,276.0K,Access Bank,114545916,OND,5,7,N/A,EMP-01111,VI Office,#N/A,74903150-5765
EMP-00946,Chiamaka,Ibrahim,female,7-Jul-77,ibrahim.chiamaka@gtechsolutions.ng,+234 070 644 2637,Abuja,Legal,Legal Manager,Contract,Suspended,17/12/2019,,369000,Sterling Bank,6935726372,Ph.D,17,21,Exceeds Expectations,EMP-01089,lagos hq,86514660170,56967722-4881
EMP-01189,Wale,Ibrahim,MALE,3/4/1986,wibrahim@gtechsolutions.com.ng,2.34E+12,Anambra,Supply Chain,Logistics Coordinator,FULL-TIME,Active,4/5/2021,,275000,Sterling Bank,3261007751,B.Eng,3,12,Below Average,EMP-00707,GRA PH,94474015866,47922969-3813
EMP-00645, Oluwakemi,Adeola,female,12/28/1982,oluwakemi.adeola@gtechsolutions.ng,708980680,Abuja,operations,Operations Officer,PT,Active,09.01.2021,,310000 NGN,Ecobank,"5,584,657,798",B.Sc,7,15,Meets Expectations,Not Available,Ikeja,n/a,91234500-5466
EMP-00779, Sola,Onuoha,Male,11/26/1992,sola_onuoha@gtechsol.ng,2.34E+11,Ogun,Marketing,Brand Manager,CONTRACT,Active,23-Jan-22,,"??442,000",Polaris Bank,"7,240,100,770",B.A,10+ years,14,Good,EMP-00982,Port Harcourt Branch,98816103763,NIL
EMP-00311,Femi,Ogundele ,Male,18-Sep-81,femi.ogundele@gtechsol.ng,+234 090 379 1018,Bayelsa,Technology Dept,DevOps Engineer,part-time,Terminated,6/19/2022,28/11/2023,"#550,000",FCMB,5223195646,B.A,n/a,12,Meets Expectations,EMP-00547,Kano Office,34001816778,18987335-7962
EMP-00629,Wale,Babatunde,Mr,26-May-80,wbabatunde@gtechsolutions.ng,2.34E+13,Edo,operations,Operations Officer,full-time,Active,2/20/2025,,135000,Access Bank,1421859972,Ph.D,12,21,A,EMP-01368,Lagos Island,#N/A,43746208-4106
EMP-01471,Nkiruka,Adeyemi,female,8/10/1986,nadeyemi@gtechsolutions.ng,835058968,Plateau,Supply_Chain,Warehouse Manager,PART-TIME,Terminated,28.08.2024,4/15/2025,"#269,000",Fidelity Bank,9529413122,OND,N/A,15,B,EMP-00807,LAGOS HQ,15630759257,71578207-8670
EMP-01483,Niyi ,okonkwo,M,9/2/1997,niyi.okonkwo@gtechsol.ng,2.34E+12,Kaduna,Customer Service Dept,Customer Experience Officer,contract,Active,10-Dec-18,,115000 NGN,Ecobank,2701153974,M.Sc,5 yrs,5,Meets Expectations,EMP-01056,lag hq,11582702452,85632908-3865
EMP-00933,Kemi ,Garba ,Ms,7/26/1999,garba.kemi@gtechsolutions.ng,+234 070 591 6555,Cross River,Legal Dept,Company Secretary,PART-TIME,Terminated,26-Dec-23,5/29/2024,"??400,000",Keystone Bank,9552427161,B.Eng,3,20,Below Average,EMP-01440,Lagos HQ,98113008433,48866298-2379
EMP-01014,lola,obi,f,6/12/1986,lola.obi@gtechsolutions.com.ng,2.34E+12,Benue,Executive,Chief Financial Officer,Contract,Active,28-Mar-18,,"#896,000",Keystone Bank,7302700314,B.Sc,N/A,20,Outstanding,,lag hq,26831562420,60235417-2133
EMP-01410,Gbemi,Okafor,MALE,25-Mar-75,gokafor@gtech-solutions.ng,+234 074 102 4722,Edo,supply chain,Logistics Coordinator,full-time,Active,26-Jul-18,,398000,Keystone Bank,"5,517,090,527",SSCE,14,10,Good,EMP-00137,lagos hq,23550440571,98661405-8069
EMP-01447,Kehinde,Nwachukwu,f,08.03.1975,kehinde_nwachukwu@gtechsolutions.com.ng,901460719,Anambra,Sales,Senior Sales Rep,PT,Active,3/5/2020,,NGN 408000,First Bank,8790291895,HND,12,5,Below Average,EMP-01081,Lagos Island,71334181291,60476205-9872
EMP-01475,Muyiwa, Haruna,Mr,5/13/1980,muyiwa_haruna@g-tech.com.ng,+234 087 916 3176,Enugu,Technology,Systems Administrator,Contractor,Active,12/13/2023,,NGN 507000,Polaris Bank,562971174,OND,5,20,Excellent,EMP-00393,LAGOS HQ,29151639451,83265204-6546
EMP-00992,Segun,Suleiman ,male,5-May-84,segun.suleiman@gtechsolutions.com.ng,2.34E+12,Imo,Supply Chain,Procurement Officer,CONTR,Terminated,08.06.2020,30/06/2021,196000 NGN,Stanbic IBTC,1089673225,MBA,22,5,5,EMP-01029,Lagos Island,61999710818,29690665-2817
EMP-01056,Babatunde ,LAWAL,M,2/12/1983,babatunde056@gtechsol.ng,802167076,Cross River,Operations,Process Analyst,Contractor,Active,6-Mar-20,,"??324,000",GTBank,6957889601,B.Eng,1,5,5,EMP-01007,Lekki,38137895623,40314308-6987
EMP-00161,Yetunde,Ogundele,f,06.01.1985,yetunde_ogundele@gtechsol.ng,2.34E+11,Oyo,Legal,Company Secretary,Part Time,Active,3/23/2020,,"#345,000",Fidelity Bank,850369909,HND,1,12,Not Available,EMP-00880,Unknown,44716392823,25437721-5317
EMP-00606,Chidinma,Obiora,female,6-Feb-78,chidinma606@gtech-solutions.ng,2.34E+12,Osun,Operations,Operations Manager,CONTRACT,Active,23-Dec-24,,"N227,000",GTBank,5639330551,B.Sc,17,7,C,EMP-00685,GRA PH,381803648,22439236-1613
EMP-00163, Uzoamaka, Abdullahi,f,2/3/1989,abdullahi.uzoamaka@g-tech.com.ng,2.34E+11,Kaduna,executive,Chief Operating Officer,Full Time,Active,3/12/2019,,"#3,265,000",Ecobank,"2,185,183,112",B.Eng,18,12,Below Average,,Lekki,80294240903,63350718-9110
EMP-00167,Yinka,Adesanya,F,25-Mar-79,adesanya.yinka@gtech-solutions.ng,2.34E+12,Edo,Technology,Systems Administrator,FT,Active,19.05.2022,,"N739,000",UBA,3816872014,MBA,18,7,C,EMP-01421,Kano Office,35030587210,58433612-3283
EMP-00977,Joke ,Yusuf,Female,7/14/1999,joke.yusuf@gtechsol.ng,2.34E+12,Kaduna,Human Resources Dept,Learning & Development Officer,contract,Unknown,27.09.2023,,182000,Fidelity Bank,977298867,B.Eng,7,14,1,EMP-00533,lag hq,1823320025,39897930-1705
EMP-00754,remi,Adeleke ,M,11/4/1977,radeleke@gtechsolutions.com.ng,+234 071 637 6993,Rivers,Legal,Legal Manager,Contract,Active,9/19/2021,,NGN 427000,Fidelity Bank,"4,966,211,093",B.Eng,3,14,B,EMP-00189,Lagos HQ,34010265576,71933148-7064
EMP-00815,Oluwakemi,Aliyu,Female,6-Dec-91,oaliyu@gtechsolutions.ng,2.34E+13,Rivers,marketing,Unknown,Full-Time,Active,6/30/2024,,NGN 267000,FCMB,5387874765,OND,10,15,A,EMP-01270,Wuse II,56508692270,54686408-3132
EMP-01454,Ronke,Nwofor ,f,13-Jun-94,rnwofor@gtechsol.ng,908065031,Nasarawa,Executive Dept,Chief Operating Officer,PT,Active,9-Dec-22,,2278000 NGN,First Bank,3265870821,B.Sc,25,15,Needs Improvement,,lagos hq,83849169715,63253788-3363
EMP-00258, Akin,eze,Male,2/9/1999,akin258@gtechsol.ng,+234 077 128 8262,Bayelsa,Human Resources,HR Officer,CONTRACT,Inactive,4/11/2023,,"N215,000",Access Bank,"4,182,978,511",Ph.D,17,20,Good,NULL,lag hq,95947372132,15673858-2098
EMP-01448,Obinna,afolabi,Male,28/10/1975,oafolabi@g-tech.com.ng,2.34E+13,Unknown,Marketing,Brand Manager,PT,Active,10/7/2023,,NGN 324000,FCMB,"3,229,749,643",SSCE,18,2,Average,EMP-01342,Lagos HQ,366758082,40831747-4600
EMP-00461,kelechi,ADEGOKE,M,24.07.1976,kelechi461@gtechsol.ng,+234 077 570 0297,Oyo,Executive,Chief Financial Officer,part-time,Active,25-Aug-18,,NGN 3250000,FCMB,3550605518,M.Sc,23,14,Exceeds Expectations,,GRA PH,84974997990,28095485-2744
EMP-01345,Bolu, Chukwu,m,8/11/1982,bolu.chukwu@gtechsolutions.com.ng,0070-257-5308,Lagos,Marketing,Digital Marketing Officer,Part Time,Active,2/26/2018,,"N475,000",GTBank,"8,021,817,643",MBA,1,2,A,EMP-00609,VI Office,52537094206,88575352-6309
EMP-01289,Adaora,Chukwu,Female,10.06.1988,adaora289@gtechsolutions.ng,0070-520-9123,Ekiti,Customer Service Dept,Customer Service Rep,CONTR,Active,1-Jun-21,,"#225,000",Fidelity Bank,8553820240,MBA,15,0,Needs Improvement,N/A,Wuse II,3155677521,65148352-4201
EMP-01024,Chidinma,ODUYA,f,8/4/1985,coduya@gtechsolutions.ng,2.34E+12,Oyo,Operations,Operations Coordinator,PT,Active,9/5/2020,,"??166,000",First Bank,"2,434,856,565",B.Eng,19,20,Meets Expectations,EMP-01291,lagos hq,66858677895,28405833-6028
EMP-00255,Nkiruka, Eze,F,21-Jul-76,nkiruka.eze@g-tech.com.ng,2.34E+12,Imo,Technology Dept,Software Developer,Full Time,Terminated,2/13/2020,8/17/2021,"??756,000",N/A,"9,520,646,325",HND,5,14,Not Available,EMP-01279,Lagos Island,33999485320,52509142-4602
EMP-01458,Chidi,ADESANYA,M,17-Feb-78,adesanya.chidi@gtechsol.ng,2.34E+12,Abuja,operations,Process Analyst,contract,Active,25-Oct-20,,322000,Stanbic IBTC,8978465969,HND,25,2,Needs Improvement,EMP-00655,Wuse II,78638124057,88582346-3510
EMP-01050,Nkiruka,SULEIMAN,FEMALE,26-Mar-76,nkiruka.suleiman@g-tech.com.ng,885841588,Ekiti,Sales Dept,Account Manager,Part-Time,Active,11.10.2023,,430000,Access Bank,2313942141,SSCE,6,15,NIL,EMP-00186,Lagos HQ,93336770529,28349043-6790
EMP-00979,Funmilayo,Obi,f,14.08.1986,funmilayo979@gtechsolutions.ng,2.34E+12,Delta,marketing,Marketing Executive,Contract,Active,16/11/2018,,167000,#N/A,"6,132,619,258",HND,9,15,A,EMP-01268,Port Harcourt Branch,224223716,51756971-4735
EMP-00927,Titi, Okwu,Ms,27.12.1997,titi927@gtechsolutions.ng,845750894,Ondo,executive,Chief Financial Officer,FULL-TIME,Active,11/4/2020,,"??1,142,000",Fidelity Bank,2708695827,Ph.D,5,14,3,,Wuse II,70209790963,23625214-6212
EMP-00813,TOYIN,Fashola,Female,1/13/1994,toyin_fashola@gtechsol.ng,874174571,Bayelsa,sales,Business Development Officer,PT,On Leave,10/11/2018,,121000,Polaris Bank,930621040,OND,7,21,1,EMP-01370,Ikeja,73824382146,31472009-3715
EMP-00593, Kunle, Ogundele,m,16/12/1993,kunle@gtechsolutions.ng,2.34E+12,Kano,Sales,Senior Sales Rep,FULL-TIME,Active,24-Jan-20,,"??478,000",Polaris Bank,6452695045,HND,23,N/A,Good,EMP-01477,lag hq,69833179364,13748682-9505
EMP-01415, Ngozi,Obi ,Ms,4/12/1977,ngozi.obi@g-tech.com.ng,2.34E+11,Ekiti,FINANCE,Accountant,Full-Time,Active,2/8/2025,,180000,Keystone Bank,"9,297,166,958",OND,7,2,C,EMP-00389,Kano Office,15969554917,83344667-6609
EMP-00296,Blessing ,Nzeka ,Female,25/11/2000,blessing.nzeka@gtechsol.ng,865077319,Kaduna,SALES,Sales Manager,CONTRACT,Active,31/08/2021,,405000 NGN,Ecobank,148324005,B.A,15,20,D,EMP-00432,lagos hq,58523860030,50547649-4871
EMP-00460,Uche,obi,Male,8/14/2000,uche@gtechsolutions.com.ng,2.34E+11,Imo,HUMAN RESOURCES,Recruitment Specialist,PT,Active,22/12/2019,,"#234,000",GTBank,659172922,B.Eng,9,10,B,EMP-01158,Wuse II,3688300483,90980452-4732
EMP-00045,yetunde,Fashola,f,11/8/1997,yetunde.fashola@gtech-solutions.ng,+234 081 898 8681,Not Available,CUSTOMER SERVICE,Customer Service Rep,Part Time,Terminated,09.02.2023,8/25/2024,203000,FCMB,"5,903,457,537",Ph.D,8,5,C,EMP-01258,Ikeja,60334191825,71411378-2867
EMP-01445, Kehinde,ADELEKE,female,07.06.1999,kehinde.adeleke@gtechsolutions.com.ng,2.34E+12,Nasarawa,technology,Data Analyst,Contractor,On Leave,22.08.2018,,373000 NGN,Zenith Bank,"6,553,906,741",M.Sc,4,15,Needs Improvement,EMP-00115,Lagos Island,80057252944,17063136-9503
EMP-00659, Obinna,Akintola,MALE,11-Jan-90,obinna.akintola@gtechsolutions.ng,2.34E+12,Lagos,customer service,CS Manager,PT,Active,20/07/2022,,163.0K,Polaris Bank,375135204,HND,16,7,Good,EMP-01060,Lekki,2531292662,76483119-9329
EMP-00369,Uche,Nwofor ,male,20-Feb-83,uche.nwofor@gtechsolutions.ng,2.34E+12,Oyo,Finance Dept,Treasury Officer,FT,Active,9/18/2023,,NGN 394000,Polaris Bank,6082118323,B.A,N/A,20,Exceeds Expectations,EMP-00299,VI Office,34046682121,95523296-8091
EMP-00322, Obiageli, Fayemi,Ms,19.05.1984,obiageli.fayemi@gtech-solutions.ng,2.34E+13,Unknown,Supply_Chain,Procurement Officer,Full Time,Suspended,16/09/2020,,"N376,000",Keystone Bank,"7,181,455,756",Ph.D,7,12,B,EMP-00217,Lagos Island,2923345110,14288027-1652
EMP-00427,Chioma,NWOSU,female,3-Apr-85,chioma@gtechsolutions.com.ng,2.34E+12,Bayelsa,FINANCE,Internal Auditor,full-time,Active,4/1/2020,,"#638,000",Access Bank,"6,353,452,551",M.Sc,23,15,Outstanding,EMP-00201,Lagos Island,2470288141,81620955-8526
EMP-00826,Nkiruka,Ogundimu ,female,24.07.1984,ogundimu.nkiruka@gtechsolutions.com.ng,+234 075 917 3892,Anambra,legal,Legal Manager,FULL-TIME,Active,12.10.2019,,"??503,000",GTBank,2094904604,HND,13,14,Meets Expectations,EMP-00913,Port Harcourt Branch,25658293854,15570747-5924
EMP-00445,bolu,Balogun,Male,4/12/1998,bolu_balogun@gtechsolutions.com.ng,0090-291-7457,Cross River,EXECUTIVE,Chief Executive Officer,Part Time,Terminated,7/25/2018,5/25/2022,"N2,818,000",Access Bank,651694524,OND,18,7,2,,VI Office,19214967914,77827904-7769
EMP-01308, Tunji,Okwu,MALE,06.07.1980,tunji.okwu@gtech-solutions.ng,2.34E+12,Ekiti,Finance,Senior Accountant,CONTRACT,Terminated,26-Sep-19,24-Dec-20,367000,First Bank,359637246,SSCE,1,5,Excellent,EMP-00588,NULL,54064676517,77007664-6134
EMP-00632,NNEKA,Ajayi ,Ms,18/01/1990,nneka.ajayi@gtechsol.ng,2.34E+12,Plateau,Operations,Operations Manager,Full-Time,n/a,12-Mar-21,,329000,Sterling Bank,2774735096,Ph.D,21,2,2,EMP-00273,Lagos HQ,69539087834,64072891-8502
EMP-01357,OLUWAKEMI,Aliyu,FEMALE,23-Sep-75,oaliyu@gtechsolutions.ng,2.34E+11,NULL,Human Resources,HR Business Partner,Part Time,Active,15/03/2018,,"??160,000",Zenith Bank,2142995591,SSCE,11,21,1,EMP-00292,Lekki,21825715773,74453962-6386
EMP-01465, Tobi,Obiora,m,23/04/1990,tobiora@gtechsol.ng,2.34E+11,Ondo,CUSTOMER SERVICE,Customer Service Rep,Contractor,Active,18-Apr-22,,245000,First Bank,665921646,Not Available,3,5,A,EMP-01495,Lekki,40570136324,82459231-5471
EMP-00633,Adebayo,Ogundele,Mr,24-Nov-80,adebayo633@gtechsolutions.com.ng,831081768,Ondo,supply chain,Logistics Coordinator,PART-TIME,Active,24-Oct-24,,233000,UBA,7009683986,B.Eng,25,15,N/A,EMP-01295,lagos hq,68927047233,43743082-8052
EMP-00955,Nike, Okafor,Ms,7-Nov-81,nike@g-tech.com.ng,2.34E+12,Abuja,SALES,Sales Executive,full-time,On Leave,10-Dec-23,,"N203,000",Access Bank,"9,105,405,775",B.Sc,12,0,Meets Expectations,EMP-01021,Ikeja,31838237084,62098293-9781
EMP-00851, Damilola,Oduya ,male,7/16/1996,damilola.oduya@gtechsolutions.com.ng,+234 080 759 2081,Imo,Technology,IT Support,Full-Time,Active,7/24/2024,,664000,Access Bank,9117835681,B.Sc,13,5,Outstanding,EMP-01243,VI Office,41875761765,31715954-3619
EMP-00729,Nkiruka,Adesanya,FEMALE,7/21/1996,nadesanya@gtech-solutions.ng,2.34E+13,Edo,Technology Dept,Systems Administrator,CONTR,Active,18.08.2019,,443000,Stanbic IBTC,"2,498,421,499",B.Sc,10,15,4,EMP-01127,VI Office,30277217931,58016392-1763
EMP-00990,Ngozi,Suleiman,F,8/2/1996,ngozi990@gtechsolutions.ng,+234 076 787 3987,Abuja,Sales Dept,Account Manager,contract,Active,1/26/2022,,"??494,000",Stanbic IBTC,6069957734,SSCE,25,2,Meets Expectations,EMP-00053,Lekki,33445397508,97799181-1333
EMP-01371,Kelechi,YUSUF,m,8/20/1990,kelechi371@g-tech.com.ng,2.34E+12,Lagos,operations,Operations Coordinator,PART-TIME,Terminated,1/24/2019,5/28/2025,"N263,000",Access Bank,5892002779,SSCE,20,20,Outstanding,EMP-01139,Lagos Island,62525580315,n/a
EMP-01061,Gbemi ,Adesanya,male,4/3/1990,gbemi.adesanya@gtechsolutions.ng,2.34E+12,Benue,customer service,CS Team Lead,full-time,Terminated,2/7/2023,8/6/2024,"??141,000",Unknown,9424142669,B.A,14,12,Average,EMP-01484,Lagos - Head Office,12983945416,13658179-8986
EMP-00666,Uzoamaka,Garba,F,10-Apr-95,uzoamaka.garba@gtechsolutions.ng,2.34E+12,Cross River,Customer Service,Customer Experience Officer,Full-Time,Active,2/10/2022,,186.0K,GTBank,1598210433,OND,21,15,5,EMP-00160,NIL,46017262803,64388464-6105
EMP-01416, Shade, Balogun,Female,12.05.1998,balogun.shade@gtechsolutions.ng,+234 076 856 3530,Benue,Technology,Software Developer,part-time,Active,25.12.2020,,"N426,000",Zenith Bank,2602227799,B.Sc,9,7,Exceeds Expectations,EMP-00265,Ikeja,17887287826,NULL
EMP-01160,Gbenga, Onuoha,male,04.01.1999,gonuoha@g-tech.com.ng,711249816,Kano,Finance,Finance Manager,Contractor,Active,6-Feb-25,,297.0K,Polaris Bank,"1,587,054,633",n/a,25,10,Exceeds Expectations,EMP-00706,VI Office,71500748838,82197854-3371
EMP-00566,Titilayo ,Obi,FEMALE,25-Feb-77,tobi@gtechsolutions.ng,2.34E+12,Kano,SUPPLY CHAIN,Warehouse Manager,Contractor,Active,8/4/2021,,127000 NGN,Polaris Bank,954367133,B.Eng,21,14,Good,EMP-00757,lag hq,74021572312,46710751-3937
EMP-00411,Uche,HARUNA,MALE,5/5/1981,uche.haruna@gtechsol.ng,2.34E+12,Oyo,Technology,IT Support,full-time,On Leave,20-Dec-21,,864.0K,Ecobank,4679126737,OND,14,20,NIL,EMP-01483,GRA PH,86841962332,67628113-1510
EMP-00662,Kemi,SULEIMAN,F,8/13/1989,kemi_suleiman@gtechsolutions.ng,+234 072 888 3680,Plateau,Operations,Operations Officer,Full Time,Active,6/30/2020,,"N163,000",GTBank,9932865572,MBA,15,15,A,EMP-00381,TBD,6778719249,33483726-7193
EMP-01363,oluwaseun,Fayemi,m,13.07.1977,oluwaseun363@g-tech.com.ng,2.34E+13,Kaduna,FINANCE,Internal Auditor,FT,Active,11/18/2024,,423000,Polaris Bank,527153885,B.Eng,21,20,N/A,EMP-00243,LAGOS HQ,75648671436,81447215-4787
EMP-00901,Dele,Taiwo ,m,2-Aug-93,dtaiwo@gtech-solutions.ng,2.34E+12,Ondo,Operations,Facilities Manager,Full-Time,Active,10/15/2020,,323000,Stanbic IBTC,689940582,B.Eng,7,12,Average,EMP-01478,lag hq,38348995312,16781117-1522
EMP-00384, Ifeoma,Ogundimu,Ms,20/03/1993,ifeoma384@gtechsolutions.com.ng,2.34E+12,Osun,Legal,Company Secretary,contract,Active,22-Feb-18,,684.0K,Sterling Bank,8561199922,M.Sc,7,15,n/a,EMP-01259,lagos hq,93353892224,22568973-2422
EMP-00257,Chinwe,Adewale,F,16-Jan-87,chinwe_adewale@gtechsolutions.ng,+234 084 136 7073,Imo,Marketing Dept,Digital Marketing Officer,FT,Active,26-Apr-24,,163000,UBA,6286655829,B.A,20,7,B,EMP-00469,Port Harcourt Branch,80418472426,34967191-4753
EMP-01126,Remi,okwu,male,11/13/1976,remi.okwu@gtechsolutions.com.ng,2.34E+12,Ogun,Supply_Chain,Supply Chain Analyst,Full-Time,Active,31-Jan-18,,391000 NGN,TBD,"5,463,800,491",OND,4,2,N/A,EMP-00231,lagos hq,95010232321,87532372-3224
EMP-00356,segun,Ogundimu,male,8/25/1988,segun356@gtechsol.ng,2.34E+12,Bayelsa,SUPPLY CHAIN,Logistics Coordinator,Full Time,Terminated,9/6/2021,9/23/2024,273.0K,Polaris Bank,4859945909,B.A,8,15,Average,EMP-00690,NULL,17790552866,Not Available
EMP-00768,Titilayo,Akintola,Ms,24.11.1997,titilayo_akintola@gtech-solutions.ng,2.34E+11,Ondo,SALES,Sales Executive,Part-Time,Active,5/22/2022,,"??129,000",Sterling Bank,3231300341,TBD,4,20,Excellent,EMP-00033,Abuja Office,50751926775,TBD
EMP-00067,oluwakemi,yusuf,f,11-Jan-82,oluwakemi067@gtech-solutions.ng,2.34E+12,Ogun,HUMAN RESOURCES,Learning & Development Officer,Part Time,Active,9/21/2021,,"#372,000",Fidelity Bank,4544683724,OND,13,7,Below Average,EMP-00096,lag hq,17798270808,88533572-8912
EMP-01372,Dele,Adegoke ,Male,25.08.1993,dele.adegoke@gtechsol.ng,2.34E+11,Ondo,operations,Operations Officer,PT,Active,8-Nov-18,,"#230,000",FCMB,7469607751,B.A,24,14,Below Average,EMP-00002,#N/A,52548615085,22399188-1802
EMP-00215,Omowunmi,HARUNA,f,8-Jun-77,oharuna@gtechsol.ng,0075-912-0146,Oyo,OPERATIONS,Process Analyst,Contractor,On Leave,11/24/2019,,"??356,000",Stanbic IBTC,6902842342,B.A,12,14,1,EMP-00556,Wuse II,81079833423,#N/A
EMP-00023,Chidinma, Okwu,Ms,26-Nov-92,chidinma_okwu@gtechsolutions.com.ng,753167376,Lagos,Customer_Service,Customer Service Rep,FT,Active,2/1/2018,,"#190,000",First Bank,639241522,MBA,11,21,A,EMP-00217,GRA PH,16453521818,56892354-6752
EMP-00843,Lola ,Afolabi,FEMALE,5-Nov-75,lola@gtechsolutions.com.ng,2.34E+11,Kaduna,Finance,Senior Accountant,contract,Suspended,24.04.2018,,370000,Polaris Bank,"8,053,168,421",SSCE,21,2,Unknown,EMP-01416,Lagos Island,67276339680,69444048-2854
EMP-01218,Ayo,nwofor,male,13/02/1975,ayo218@g-tech.com.ng,709474404,Delta,SUPPLY CHAIN,Procurement Officer,Full Time,Active,17/12/2020,,247000,GTBank,6898700847,MBA,1,2,Outstanding,EMP-00799,Lekki,97780349316,89721394-4524
EMP-01178,OKECHUKWU,Musa,MALE,24/01/1993,omusa@gtechsolutions_com_ng,+234 076 436 8396 ,Plateau,operations,Operations Coordinator,CONTR,Active,20/07/2018,,??247,Polaris Bank,4652440765,M.Sc,6,20,B,EMP-01221,Lagos Island,80667646290,Not Available
EMP-00492,KELECHI, Ogundimu,M,15/10/2000,kelechi_ogundimu@gtechsolutions.ng,+234 088 908 9823,Oyo,SALES,Sales Executive,Contractor,Active,15-Sep-21,,"??445,000",Keystone Bank,"2,050,306,262",B.Sc,23,12,B,EMP-00475,LAGOS HQ,53376841876,99554250-8136
EMP-00469,Titilayo,Fashola,FEMALE,10/26/1997,fashola.titilayo@gtechsolutions.ng,2.34E+11,Delta,Technology Dept,DevOps Engineer,CONTR,Active,20-Oct-23,,534000,First Bank,944197714,B.Eng,5,7,Exceeds Expectations,EMP-00354,lag hq,81638493680,36288199-6293
EMP-00675,sade,YUSUF,f,25/05/1988,sade.yusuf@gtechsolutions.ng,2.34E+12,Ondo,Finance,Senior Accountant,Full Time,Active,12/26/2022,,203.0K,Access Bank,"1,020,521,113",Ph.D,24,21,Outstanding,EMP-00768,lag hq,97366547587,99522701-4987
EMP-00160,Emeka,Akintola,Male,19-Nov-98,akintola.emeka@gtechsol.ng,2.34E+12,Edo,OPERATIONS,Facilities Manager,full-time,Suspended,9/3/2022,,283.0K,Unknown,"7,110,545,602",B.Eng,12,5,Excellent,EMP-01008,Wuse II,26170243765,67491018-3984
EMP-00484,Nkiruka,Nzeka,FEMALE,25-Jul-86,nkiruka.nzeka@g-tech.com.ng,2.34E+12,Not Available,Marketing Dept,Brand Manager,FT,Terminated,31.10.2023,8/6/2024,394000 NGN,Sterling Bank,923625634,SSCE,4,14,N/A,#N/A,Lagos - Head Office,7634153597,Not Available
EMP-01029,adaora,Adegoke,FEMALE,27.07.2000,adaora029@g-tech.com.ng,2.34E+12,Bayelsa,Sales,Sales Manager,full-time,Terminated,3/23/2022,9/5/2024,"#406,000",Ecobank,2675223557,B.Sc,16,20,Good,EMP-01411,Lagos Island,8259230651,65508428-3638
EMP-00270,NNEKA,abdullahi,FEMALE,24-Apr-93,nneka270@gtechsol.ng,0078-934-9638,Oyo,Technology,IT Support,Full Time,Terminated,29/11/2024,1/29/2025,"N680,000",Sterling Bank,7778883020,Ph.D,7,2,5,N/A,VI Office,22155668473,29584444-4387
EMP-00652,dapo,Okwu,MALE,27.01.1997,dokwu@gtechsolutions.ng,2.34E+11,Oyo,Customer_Service,CS Manager,CONTRACT,On Leave,10/6/2019,,"N87,000",Ecobank,9388308542,HND,5,2,3,EMP-00663,Ikeja,28328678515,66761343-7410
EMP-00563,Tunji,Adewale ,male,10/28/1976,tunji.adewale@gtech-solutions.ng,724266746,Edo,operations,Facilities Manager,Contract,Active,20-Jun-20,,181000,Access Bank,2814900480,M.Sc,15,0,NULL,EMP-00849,lagos hq,3069516571,N/A
EMP-01167,Emeka,abdullahi,Male,12/13/1999,emeka.abdullahi@gtechsolutions.ng,894602737,Kaduna,Supply_Chain,Procurement Officer,full-time,Active,3/15/2018,,336000,FCMB,6452922591,B.A,11,10,1,N/A,Ikeja,24001755049,53696587-8371
EMP-00609,Nnamdi,Ibrahim,Mr,4/19/1981,nnamdi.ibrahim@gtechsolutions.ng,2.34E+12,Ogun,MARKETING,Marketing Analyst,CONTRACT,Active,8/25/2021,,"#330,000",Stanbic IBTC,3442667754,SSCE,15,2,5,EMP-01345,Lagos HQ,55553544078,65456043-8471
EMP-01214,Nneka,okonkwo,female,8/28/1989,nneka214@gtech-solutions.ng,+234 072 202 0278,Imo,Legal Dept,Compliance Officer,Contractor,Active,3/27/2022,,628000,Keystone Bank,8419604543,OND,N/A,10,Below Average,EMP-00744,Port Harcourt Branch,38316729003,51175302-9049
EMP-00174,KELECHI,Adesanya,male,18-Aug-82,kadesanya@gtechsolutions.com.ng,2.34E+12,Lagos,Finance Dept,Treasury Officer,PART-TIME,Inactive,12/30/2024,,"#231,000",Not Available,9300010365,B.Sc,22,14,Excellent,,Port Harcourt Branch,89552963863,62790213-1845
EMP-00988,Ifeanyi,Oduya,MALE,8/4/1997,ifeanyi@g-tech.com.ng,2.34E+12,Oyo,Executive,Chief Financial Officer,Contract,Active,13.07.2024,,1058000,Stanbic IBTC,3773688130,B.A,13,15,C,,Lagos Island,67856371643,TBD
EMP-00175,Kehinde ,Lawal,female,1-Feb-77,kehinde@gtechsolutions.com.ng,2.34E+12,Ogun,Operations,Operations Coordinator,Full-Time,Active,2/6/2019,,310000,Keystone Bank,"5,975,477,610",OND,8,20,B,N/A,Port Harcourt Branch,Unknown,58505926-4407
EMP-01456,Lanre,Adeleke,male,28.01.1987,lanre.adeleke@g-tech.com.ng,2.34E+12,Lagos,Human Resources,HR Officer,Part-Time,Active,5/28/2022,,NGN 299000,Sterling Bank,3587687766,SSCE,9,21,2,N/A,VI Office,88825812027,78050026-3004
EMP-00713,ifeanyi,Fashola,MALE,22-May-85,ifashola@gtechsolutions.ng,2.34E+11,Abuja,Operations,Operations Coordinator,Part Time,Active,21/02/2021,,"#198,000",FCMB,"2,249,440,068",B.Sc,3,20,Good,EMP-01224,Abuja Office,59234665217,44510135-6320
EMP-00586,Bisi,ogundele,female,3/24/1984,bisi_ogundele@gtechsolutions.ng,2.34E+11,Benue,supply chain,Procurement Officer,contract,On Leave,1/23/2021,,"??189,000",Polaris Bank,7151582525,OND,6,21,C,EMP-01217,VI Office,87744992468,21853048-6012
EMP-00266,AKIN,Okwu,m,8/19/1976,akin@g-tech.com.ng,2.34E+12,Cross River,SALES,Senior Sales Rep,FULL-TIME,Terminated,8-Nov-18,1/1/2022,"N394,000",TBD,2705016899,B.Eng,NULL,10,2,EMP-00852,Lekki,25144881121,#N/A
EMP-01462,CHIDINMA,Obiora ,f,27.04.1987,chidinma.obiora@gtech-solutions.ng,2.34E+12,Kano,Customer Service,Customer Service Rep,Contractor,Active,2/25/2019,,NGN 91000,TBD,6073583332,HND,14,14,Good,EMP-00291,Wuse II,25083400170,n/a
EMP-01420,CHUKWUEMEKA,Okafor,Male,9/19/1988,cokafor@gtechsol.ng,0072-637-7946,Delta,CUSTOMER SERVICE,Customer Service Rep,Part-Time,On Leave,15-Jun-19,,100000,Polaris Bank,5905377055,M.Sc,11,0,D,EMP-00211,lag hq,2767991824,46844246-1131
EMP-00001, Babatunde,Onuoha,male,10/9/1989,babatunde.onuoha@gtechsolutions.com.ng,0086-144-5199,Oyo,Human Resources Dept,HR Manager,Full Time,Active,3-May-18,,NGN 249000,FCMB,3342331444,B.Eng,9,15,#N/A,EMP-01288,lag hq,31034131647,58966946-3664
